age,annual_income,employment_length_years,existing_debt,debt_to_income_ratio,num_credit_lines,num_late_payments_2yrs,credit_utilization,savings_balance,checking_balance,loan_amount,loan_term_months,credit_history_years,has_bankruptcy,home_ownership,purpose,creditworthy
23,50541.47,10.7,6701.41,0.133,1,3,0.009,2604.85,113.96,21433.83,36,3,0,rent,home_improvement,1
58,73610.79,0.0,32000.76,0.435,3,0,0.344,9086.34,0.0,9758.69,60,34,0,own,home_improvement,1
52,47887.68,2.4,22816.75,0.476,4,0,0.475,1809.03,2269.66,5603.66,12,34,0,rent,debt_consolidation,1
41,68439.11,9.7,33166.94,0.485,5,1,0.647,10574.3,9040.34,11566.32,36,17,0,rent,debt_consolidation,1
41,49956.03,3.9,13594.57,0.272,2,0,0.115,1725.76,0.0,8112.98,60,16,0,rent,medical,1
62,79067.81,2.4,19551.17,0.247,10,0,0.797,16698.47,10145.81,21729.43,24,42,0,own,car,1
23,30520.6,11.5,14097.75,0.462,7,1,0.306,3776.52,1751.34,9653.0,48,3,0,rent,business,1
54,37330.33,11.7,12211.84,0.327,8,3,0.135,3651.62,2934.14,14468.11,48,30,0,rent,business,1
29,54452.24,10.6,19018.9,0.349,8,2,0.357,4295.09,3829.0,11584.21,36,6,0,mortgage,car,0
23,45223.98,11.2,6562.7,0.145,7,1,0.456,3880.62,4766.13,4531.18,36,0,0,rent,home_improvement,0
45,49451.21,5.8,12682.42,0.256,7,2,0.25,2056.52,6010.8,21059.24,12,27,0,mortgage,education,1
68,71143.9,6.0,15353.42,0.216,7,1,0.175,6618.43,3979.7,3341.55,60,50,0,rent,home_improvement,1
56,49108.23,3.8,18298.73,0.373,8,2,0.21,3203.49,4525.76,7608.38,48,38,1,own,business,0
57,63865.7,7.8,7928.04,0.124,11,2,0.757,3882.07,8411.4,10015.8,48,33,0,own,medical,1
55,42152.5,4.4,9907.88,0.235,2,1,0.373,13041.38,4525.95,1843.02,12,37,0,mortgage,education,1
59,28606.43,4.8,13440.1,0.47,6,0,0.29,1895.46,1316.13,5485.48,60,41,0,own,home_improvement,1
45,73451.65,10.0,22741.82,0.31,2,0,0.56,5421.67,4180.31,9267.82,48,25,0,mortgage,business,1
25,101472.4,12.9,50219.03,0.495,2,0,0.36,17894.01,1759.62,9553.27,48,6,0,mortgage,debt_consolidation,1
61,61601.59,9.0,8823.78,0.143,11,0,0.455,2548.46,9705.57,23253.59,12,38,0,mortgage,car,1
41,55449.98,16.0,14037.1,0.253,5,0,0.443,11512.37,4546.37,15618.37,48,20,0,rent,education,1
44,59403.76,3.5,16943.18,0.285,8,1,0.344,4268.47,0.0,6166.55,24,24,0,mortgage,education,1
37,88957.94,0.0,20664.99,0.232,8,1,0.572,4186.87,2195.11,1835.99,36,12,0,own,car,1
28,61851.94,10.6,23675.78,0.383,0,0,0.385,1055.02,3648.54,2792.95,36,5,0,own,home_improvement,0
66,74700.16,3.1,7381.98,0.099,5,1,0.273,14242.69,9992.65,8012.7,12,43,0,mortgage,medical,1
58,73540.48,5.6,21715.19,0.295,2,0,0.372,4253.96,4200.39,12323.89,12,35,0,mortgage,medical,0
51,81437.24,0.0,7618.4,0.094,3,1,0.496,5730.19,7888.36,5176.36,36,26,0,rent,business,1
39,55047.91,2.5,19458.04,0.353,2,0,0.236,3923.06,1702.97,22793.87,48,15,0,rent,education,1
60,47676.47,0.0,21932.68,0.46,7,1,0.542,2751.01,4714.45,8292.76,36,39,1,mortgage,home_improvement,1
46,68702.8,4.8,2102.2,0.031,1,1,0.417,8450.87,9050.02,7113.08,36,25,0,rent,debt_consolidation,1
41,79383.05,5.0,20812.35,0.262,5,0,0.377,12835.77,8426.64,24561.36,24,18,0,rent,medical,0
41,84702.49,7.4,23812.66,0.281,3,0,0.406,27209.95,0.0,21892.93,60,19,1,rent,home_improvement,1
30,92925.75,13.2,37331.5,0.402,11,0,0.686,20366.16,5486.15,14808.07,24,7,0,rent,home_improvement,0
23,76850.58,10.4,4580.41,0.06,9,0,0.473,7396.13,1059.08,6616.01,24,0,0,rent,education,1
47,46816.83,0.0,11010.9,0.235,4,2,0.541,7280.42,4692.41,23193.79,24,29,0,mortgage,business,1
64,61576.6,10.0,26866.18,0.436,3,2,0.274,16018.6,4321.38,15980.09,24,43,1,mortgage,home_improvement,1
22,59730.88,7.6,18040.91,0.302,8,0,0.3,10259.01,9094.03,8077.74,36,4,0,mortgage,business,0
62,57542.81,6.5,24019.43,0.417,7,0,0.341,5762.31,2879.94,19657.07,24,39,0,rent,medical,1
61,68750.64,6.9,14638.74,0.213,6,0,0.611,8559.15,4833.73,6320.66,48,43,0,mortgage,debt_consolidation,1
33,53356.56,8.0,27086.27,0.508,0,0,0.588,11169.71,3228.46,3370.86,36,8,0,mortgage,education,1
51,53382.5,3.5,3255.96,0.061,0,0,0.358,668.65,5477.17,6818.61,24,30,0,own,medical,1
27,103784.95,6.1,7090.29,0.068,7,1,0.142,8137.7,1877.14,3124.92,60,6,0,rent,business,0
57,56013.05,12.9,16809.38,0.3,5,0,0.495,503.42,933.23,8414.92,12,35,0,rent,business,1
54,81227.22,3.5,21893.71,0.27,9,1,0.562,2656.24,3127.4,8088.76,24,33,0,mortgage,debt_consolidation,0
37,82904.93,1.9,29712.12,0.358,0,0,0.818,432.69,7950.98,5595.3,24,19,0,mortgage,medical,1
22,62154.48,6.7,8788.63,0.141,2,0,0.416,4565.51,7372.9,15859.28,24,0,0,mortgage,home_improvement,1
68,54082.25,1.3,7560.43,0.14,9,1,0.418,13265.13,3353.93,9835.99,24,49,1,own,medical,1
41,42702.28,0.0,17808.05,0.417,11,2,0.312,8235.7,4109.84,6112.27,60,19,0,own,education,1
64,32929.67,5.3,5750.69,0.175,8,3,0.351,1549.89,3031.66,7165.77,48,40,0,mortgage,car,1
53,70448.39,14.2,28564.33,0.405,0,0,0.206,8720.36,4493.95,12944.62,48,35,0,own,debt_consolidation,1
58,65549.78,6.8,23570.04,0.36,0,0,0.27,2577.45,4103.55,15438.39,24,40,0,own,home_improvement,1
57,74044.46,7.9,4750.94,0.064,10,0,0.168,7152.32,7759.36,9323.77,36,39,0,own,business,1
28,48675.19,0.0,19319.12,0.397,5,0,0.242,10970.09,7907.17,4871.0,36,5,0,rent,education,1
37,107728.87,9.2,52371.65,0.486,5,0,0.088,3112.07,12503.83,7491.88,48,12,0,own,education,1
42,67532.84,7.5,30580.39,0.453,11,0,0.423,7488.83,8563.84,12094.33,24,21,0,rent,debt_consolidation,1
44,55303.24,3.7,1365.81,0.025,2,1,0.629,8400.67,9325.34,17577.8,36,20,0,mortgage,education,0
21,28091.14,7.9,8597.25,0.306,3,1,0.587,1559.5,892.25,6670.49,36,3,0,own,debt_consolidation,0
46,50474.27,7.9,25442.5,0.504,8,1,0.397,5560.39,5135.21,4440.13,12,26,0,mortgage,medical,1
26,75275.23,1.7,25392.19,0.337,10,0,0.251,3434.19,10499.42,13490.63,12,3,0,rent,home_improvement,1
56,92044.07,8.7,16003.96,0.174,4,1,0.432,9247.19,10458.65,17141.5,60,31,0,own,home_improvement,0
53,58216.12,13.0,7166.91,0.123,1,2,0.27,5848.94,2137.31,8938.56,36,29,0,own,car,1
66,97512.8,5.9,37349.57,0.383,0,2,0.596,2413.98,2615.91,5276.32,36,48,0,own,home_improvement,1
56,41662.96,2.7,17863.6,0.429,0,2,0.724,848.44,6179.42,6764.98,12,34,0,rent,home_improvement,0
37,66229.09,6.1,33357.6,0.504,4,0,0.101,1125.68,5791.82,9230.61,60,14,0,own,car,1
68,66872.08,11.3,33438.03,0.5,6,0,0.077,8659.66,5479.85,5900.07,48,46,0,rent,debt_consolidation,1
39,70644.82,0.9,14116.14,0.2,5,1,0.35,8097.4,4778.51,3765.02,24,19,0,mortgage,debt_consolidation,1
35,60906.71,9.9,20711.62,0.34,2,1,0.669,5675.16,8659.14,5842.94,60,17,0,mortgage,car,1
65,64988.74,3.6,4796.5,0.074,8,0,0.542,4884.51,7497.93,6733.8,48,42,0,own,medical,1
37,41344.92,8.2,2896.84,0.07,10,0,0.522,6632.1,2371.73,6684.36,36,12,0,mortgage,debt_consolidation,1
22,88811.85,4.2,5140.28,0.058,2,0,0.432,6066.38,9968.04,1590.9,12,4,0,rent,car,1
42,78379.34,4.2,40082.13,0.511,8,0,0.235,3864.72,5923.64,35372.4,12,17,0,rent,car,1
59,64117.39,14.6,6462.34,0.101,6,0,0.551,2045.12,7069.5,5978.0,24,35,0,mortgage,education,1
28,79028.55,0.0,21782.87,0.276,8,0,0.408,7016.14,10627.52,4198.96,24,3,0,own,medical,1
42,89840.04,9.4,22417.64,0.25,0,0,0.071,9335.89,11543.12,7168.3,48,22,0,rent,medical,1
25,70289.4,15.7,13504.61,0.192,8,0,0.42,5994.91,0.0,16302.04,12,2,0,mortgage,debt_consolidation,1
54,112120.61,10.4,34196.48,0.305,8,0,0.075,16406.36,10354.31,15868.44,24,35,0,mortgage,debt_consolidation,1
43,72312.28,0.3,1553.21,0.021,8,0,0.41,5072.29,10165.04,14311.65,12,21,0,rent,medical,1
35,43401.55,0.6,9612.54,0.221,10,3,0.188,16178.64,1333.55,20258.74,36,17,0,mortgage,car,0
30,63019.26,3.2,17270.58,0.274,8,0,0.516,5615.56,10469.33,4866.09,48,6,0,rent,education,1
47,80120.44,7.8,35713.79,0.446,11,0,0.715,4842.3,7827.88,3849.87,60,26,0,mortgage,business,1
53,89871.59,8.1,35185.68,0.392,8,0,0.275,5847.95,10298.43,12093.75,48,28,0,mortgage,debt_consolidation,1
66,61344.54,0.6,28854.86,0.47,5,0,0.296,7135.28,7026.74,6491.05,12,42,0,mortgage,car,1
41,42299.65,2.6,9282.15,0.219,10,0,0.51,13458.83,0.0,13960.52,48,16,0,mortgage,debt_consolidation,1
27,53693.27,2.9,5083.68,0.095,8,1,0.422,2678.53,6251.91,15447.39,12,4,0,mortgage,home_improvement,0
61,36418.24,6.1,8469.42,0.233,6,1,0.459,4987.8,3325.91,10003.55,12,43,0,rent,car,1
51,74899.06,16.9,39728.08,0.53,6,1,0.762,8306.14,3315.65,7833.4,24,26,0,mortgage,business,1
54,50266.59,2.3,6715.3,0.134,4,0,0.431,11554.32,7431.52,18701.73,12,30,0,own,medical,0
23,45593.39,2.1,5134.74,0.113,7,1,0.102,2173.51,0.0,9511.98,60,3,0,rent,education,0
34,77459.79,1.3,40317.72,0.52,5,0,0.486,9650.38,2791.64,6091.53,24,14,0,rent,medical,1
58,96787.81,10.2,50664.47,0.523,1,0,0.198,16950.93,13486.2,7975.72,24,34,0,mortgage,car,0
61,45529.3,6.8,4511.75,0.099,5,0,0.125,6163.44,5332.3,9008.75,36,37,0,own,medical,1
41,61480.76,2.5,26302.08,0.428,11,0,0.344,9981.86,2446.03,2154.67,12,22,1,own,business,0
60,54442.72,5.2,13488.92,0.248,3,2,0.735,3688.21,1691.04,21287.1,24,42,0,rent,home_improvement,0
61,91380.41,3.0,25666.41,0.281,8,0,0.438,9689.88,5352.4,5263.98,48,38,0,rent,car,1
38,56530.02,8.5,16071.75,0.284,4,1,0.208,11317.89,4875.87,2800.79,60,16,0,rent,business,1
64,41025.95,20.4,21876.55,0.533,3,1,0.229,864.99,2030.38,9369.94,60,42,0,rent,car,0
33,57434.78,9.8,6769.86,0.118,4,1,0.197,3953.32,3869.02,10268.98,12,8,0,mortgage,education,1
31,84434.07,6.5,36283.33,0.43,11,0,0.315,3777.39,6442.4,5427.6,36,8,0,rent,car,1
53,53379.7,3.7,1228.12,0.023,1,2,0.153,2294.24,2965.54,6702.74,36,31,0,rent,education,1
51,47077.36,0.3,16626.0,0.353,8,2,0.498,5322.44,2367.12,9365.08,60,33,1,rent,car,1
26,55679.78,10.7,20374.31,0.366,9,0,0.617,6212.14,790.23,9131.46,60,8,0,rent,medical,1
61,41443.91,10.4,17384.24,0.419,2,0,0.099,2951.68,2971.83,13700.63,24,36,0,own,car,1
29,54419.24,4.7,27795.18,0.511,9,1,0.466,5484.5,3848.24,9458.06,60,4,0,rent,car,0
60,48238.4,13.1,20237.58,0.42,7,0,0.274,4095.22,1262.99,2529.86,24,36,0,mortgage,business,1
19,119870.38,7.1,48911.47,0.408,4,0,0.222,2107.25,10444.52,7805.24,24,0,1,own,car,0
59,29945.46,10.9,4626.79,0.155,2,0,0.38,940.94,3949.55,11659.24,36,35,0,rent,home_improvement,1
59,43340.36,8.5,23672.72,0.546,11,1,0.389,5949.89,3302.14,5809.71,48,34,0,mortgage,debt_consolidation,0
58,47065.65,6.1,12625.67,0.268,2,0,0.253,1803.44,4446.98,7610.48,60,40,0,rent,home_improvement,1
52,41533.99,2.2,10020.01,0.241,11,0,0.707,2919.39,5082.58,13004.52,60,33,0,rent,home_improvement,0
43,66450.42,6.3,19004.49,0.286,7,0,0.201,7942.23,4735.51,9185.35,60,24,0,rent,business,1
54,45265.34,11.2,10358.97,0.229,10,0,0.171,5004.75,5323.76,11529.02,24,33,0,rent,medical,1
33,35204.21,4.5,11780.31,0.335,3,0,0.219,1850.85,0.0,9993.09,60,9,0,rent,business,1
58,59633.51,9.2,12242.82,0.205,0,1,0.583,5338.02,2240.73,7333.6,36,39,0,rent,debt_consolidation,1
47,52359.19,1.6,7705.74,0.147,7,0,0.822,3569.64,936.12,25010.81,48,27,0,mortgage,medical,1
42,45957.05,10.9,23522.53,0.512,4,1,0.128,3720.07,6593.59,4559.26,60,17,0,rent,debt_consolidation,1
44,90547.14,8.6,46337.42,0.512,6,0,0.551,20332.57,9466.46,2952.62,36,25,0,own,car,1
48,67215.35,1.0,19022.62,0.283,5,1,0.317,8328.69,840.14,8563.94,60,25,0,rent,business,1
20,64655.9,5.9,34263.62,0.53,3,0,0.184,5229.73,1560.82,7405.6,12,0,0,own,medical,1
26,67726.49,11.7,16276.71,0.24,8,0,0.601,6180.17,295.75,8589.04,60,8,0,rent,medical,1
31,66540.42,0.7,14992.27,0.225,6,0,0.559,585.57,5941.4,14613.99,60,11,0,rent,business,1
24,53242.89,1.6,26938.79,0.506,7,2,0.614,22657.62,4398.49,5043.55,48,0,1,own,education,1
41,45420.02,6.7,16144.36,0.355,8,2,0.526,9016.35,2352.11,1577.31,36,19,0,rent,medical,1
53,60075.22,17.7,25479.96,0.424,8,1,0.585,3883.02,1746.88,31805.97,48,28,0,rent,education,0
52,52918.77,3.6,12634.58,0.239,3,0,0.162,889.51,3775.66,7497.53,48,31,0,mortgage,business,1
43,29823.06,9.5,7029.62,0.236,9,2,0.48,2005.23,6016.78,11359.17,24,18,0,own,car,1
62,40382.93,8.3,2590.6,0.064,2,0,0.171,7124.59,2169.16,7736.42,36,44,0,rent,education,1
47,50719.27,4.1,27001.63,0.532,11,1,0.192,8260.4,6597.73,6668.66,60,29,0,rent,home_improvement,0
23,78044.7,7.8,10990.12,0.141,9,1,0.28,6902.29,4520.08,7807.93,48,0,0,own,medical,1
58,60163.63,4.8,16963.83,0.282,6,0,0.217,16748.68,7298.79,11728.96,48,34,0,mortgage,education,1
48,42819.56,5.2,3457.4,0.081,2,0,0.236,3259.65,4410.04,14215.89,24,23,0,rent,medical,1
51,39282.32,0.0,14254.98,0.363,10,2,0.03,2770.23,2796.0,18448.44,36,26,0,rent,debt_consolidation,0
47,83881.55,6.9,19054.87,0.227,6,0,0.109,9986.54,8787.64,12511.6,36,24,0,rent,car,1
47,54059.69,11.5,23075.96,0.427,9,0,0.186,2613.7,7175.09,7579.62,60,22,0,rent,debt_consolidation,1
23,21758.12,7.3,6528.32,0.3,0,2,0.055,1270.7,1657.37,24488.26,48,5,0,mortgage,business,1
47,55208.72,12.5,4892.82,0.089,4,0,0.147,7680.73,3518.79,11624.23,24,22,0,rent,medical,1
59,72163.47,9.9,1854.06,0.026,3,0,0.425,3174.8,7652.69,12728.81,12,37,1,mortgage,medical,0
34,38901.8,6.7,5158.29,0.133,9,2,0.68,4630.08,6003.57,18589.98,60,9,0,rent,medical,1
49,58632.06,3.9,23681.7,0.404,5,0,0.674,9857.0,191.06,8460.03,12,27,0,mortgage,home_improvement,0
20,60487.34,4.6,27770.49,0.459,1,0,0.372,3942.83,569.53,17692.45,48,0,0,rent,medical,0
36,39636.92,0.0,7963.36,0.201,7,0,0.152,2975.77,5688.37,2918.99,48,13,0,rent,car,1
41,86602.78,5.7,26330.73,0.304,1,0,0.382,8366.87,3958.42,7955.78,12,22,0,mortgage,car,1
69,60841.27,7.7,8956.26,0.147,5,1,0.248,2670.64,8214.0,19793.31,24,47,0,mortgage,medical,1
29,50633.72,15.6,24640.14,0.487,11,0,0.707,3207.05,1979.32,15703.69,24,4,0,rent,debt_consolidation,0
33,54180.5,9.6,28800.17,0.532,5,1,0.287,1261.46,2673.69,10531.1,12,10,0,rent,car,1
39,37265.57,2.7,15616.44,0.419,5,1,0.32,1359.29,4649.78,4041.84,48,15,0,rent,car,1
69,36784.95,0.0,2468.64,0.067,0,0,0.545,3044.45,4026.7,2331.96,24,47,0,rent,home_improvement,1
62,49086.34,6.0,12353.7,0.252,5,1,0.458,5555.88,788.53,8232.87,48,42,0,own,business,1
20,50087.3,11.1,27295.98,0.545,11,0,0.689,5700.95,5139.52,7735.88,48,0,0,rent,debt_consolidation,0
30,53001.01,5.9,7503.56,0.142,11,0,0.336,2789.96,2086.51,14072.14,24,9,0,rent,car,1
60,89347.07,9.7,33536.42,0.375,11,0,0.454,4774.08,8449.06,9340.69,36,37,0,own,debt_consolidation,1
21,70817.68,6.1,36643.81,0.517,4,0,0.158,4199.28,5370.28,15260.64,24,1,0,mortgage,business,1
62,31221.46,10.6,13418.91,0.43,0,1,0.585,2758.88,2005.41,10228.22,12,41,0,rent,business,1
33,83209.09,0.0,28515.41,0.343,2,0,0.319,3015.96,3490.3,4616.09,12,10,0,rent,medical,1
65,48961.13,15.0,14127.92,0.289,2,0,0.642,971.89,0.0,11174.58,12,47,0,own,debt_consolidation,1
33,73163.25,1.4,37479.46,0.512,0,0,0.416,7221.37,3018.94,8883.5,60,14,0,rent,education,1
41,50242.59,11.0,11516.04,0.229,8,1,0.098,2773.41,5403.3,8313.12,24,23,0,mortgage,debt_consolidation,1
52,59536.71,5.6,29629.79,0.498,6,0,0.104,6807.33,5693.56,9147.69,24,32,0,mortgage,business,1
25,38137.48,6.4,9475.56,0.248,8,1,0.537,10952.69,1189.41,10487.44,36,2,0,mortgage,business,0
47,63944.81,5.8,26918.77,0.421,2,1,0.412,3634.22,8195.75,8560.48,36,24,0,rent,business,1
44,76049.17,8.3,38429.8,0.505,8,0,0.575,9186.48,6941.08,3131.6,60,23,0,own,car,1
58,32986.21,9.3,10286.44,0.312,0,0,0.343,388.85,3433.61,3612.75,12,34,0,rent,home_improvement,1
69,76461.32,12.3,14086.95,0.184,8,0,0.848,5010.78,1640.07,6650.3,60,51,0,mortgage,medical,1
52,45359.02,14.0,2132.92,0.047,9,0,0.479,4286.74,7424.9,16875.03,24,31,0,mortgage,medical,1
39,99571.92,8.7,44698.61,0.449,3,0,0.726,940.11,9718.29,9615.7,48,15,0,rent,debt_consolidation,0
39,73632.53,15.6,25746.74,0.35,3,0,0.225,15365.71,11085.22,8412.62,60,17,0,mortgage,car,1
40,69226.85,7.5,11035.74,0.159,5,0,0.53,3137.16,2926.96,24046.19,12,22,0,own,debt_consolidation,1
60,54285.61,12.4,26330.05,0.485,6,0,0.285,8260.46,0.0,10218.29,36,37,0,rent,home_improvement,0
35,128297.0,9.1,65144.14,0.508,6,0,0.218,16399.11,3419.11,8565.91,36,11,0,mortgage,home_improvement,1
27,49062.02,4.3,24050.1,0.49,1,0,0.181,11804.81,6181.39,7050.34,48,6,0,mortgage,medical,0
36,40678.92,7.9,13782.2,0.339,4,0,0.238,487.36,710.05,6416.02,48,13,0,mortgage,business,1
20,45873.47,9.5,24661.04,0.538,6,1,0.489,4841.41,6815.48,2666.87,60,0,0,rent,car,0
24,80814.53,6.8,39085.7,0.484,7,0,0.306,6509.97,3052.66,8473.81,36,4,0,rent,business,1
23,59156.31,9.1,4451.99,0.075,7,1,0.295,498.57,5525.1,3867.73,60,4,0,own,home_improvement,0
58,56266.95,11.3,30383.38,0.54,7,0,0.518,4250.32,4824.22,5160.72,60,35,0,rent,medical,1
55,49300.91,6.9,15326.05,0.311,5,2,0.753,3406.46,2883.96,3754.57,60,30,0,own,home_improvement,0
54,55297.64,0.0,28070.13,0.508,6,2,0.09,1593.18,3251.47,23004.2,24,34,0,own,education,1
42,48194.77,15.4,20385.47,0.423,4,0,0.506,3457.21,1191.69,10008.61,60,23,0,rent,business,0
55,71455.03,5.5,25953.2,0.363,3,0,0.548,4757.01,12286.5,17484.66,12,37,0,rent,business,1
27,52603.87,2.9,10159.72,0.193,3,1,0.322,3005.6,5252.27,13520.56,48,6,1,mortgage,home_improvement,1
64,46148.76,1.4,1584.1,0.034,5,0,0.331,4985.19,0.0,7426.84,12,46,0,mortgage,car,1
44,78423.69,5.3,13070.89,0.167,1,1,0.266,11116.75,478.39,5696.44,60,19,0,mortgage,debt_consolidation,1
66,41087.25,4.2,15756.34,0.383,2,0,0.744,1883.06,4128.28,7358.88,36,42,0,rent,education,0
26,59435.11,3.3,28377.34,0.477,1,1,0.228,4610.73,4360.73,4740.59,48,5,0,rent,business,0
44,29763.83,3.6,632.29,0.021,4,1,0.143,7036.05,0.0,1645.9,48,23,1,mortgage,home_improvement,1
54,35853.24,9.6,4669.03,0.13,5,0,0.171,2757.19,7200.78,2877.09,60,35,0,rent,medical,1
44,50741.36,17.2,19115.58,0.377,1,0,0.729,2262.36,0.0,12159.42,12,21,0,own,debt_consolidation,1
41,47908.73,11.1,8160.13,0.17,1,2,0.541,1581.61,2430.11,3117.06,60,17,0,rent,business,0
27,47884.94,12.6,4553.98,0.095,6,2,0.439,5918.57,3581.0,5156.3,24,3,1,rent,medical,0
38,73865.92,5.1,4685.03,0.063,2,1,0.444,3525.69,2935.22,7119.84,36,20,0,mortgage,education,1
31,75361.04,7.5,26984.97,0.358,10,0,0.162,3028.98,8779.35,3917.58,12,10,0,own,car,1
34,63267.47,9.1,21212.05,0.335,1,0,0.393,7460.79,6293.44,11484.5,12,10,1,own,home_improvement,1
53,40394.5,3.7,19190.02,0.475,5,3,0.41,1006.13,3268.87,14960.6,36,33,0,own,home_improvement,0
51,55155.03,4.9,10306.49,0.187,9,1,0.464,6237.78,3874.19,3219.45,60,32,0,own,medical,1
49,104746.75,11.3,9684.97,0.092,1,1,0.541,3621.17,10547.28,3027.51,24,26,0,mortgage,home_improvement,1
37,123343.69,12.5,54709.36,0.444,5,0,0.212,4997.52,7814.46,5878.3,36,19,0,mortgage,education,1
67,78691.07,7.3,42787.37,0.544,5,1,0.633,1905.18,0.0,12678.3,24,47,0,own,car,1
23,40892.46,1.0,8628.57,0.211,6,2,0.495,1729.63,4997.48,12502.63,60,4,0,mortgage,debt_consolidation,0
36,55316.16,5.5,26476.27,0.479,10,0,0.538,9831.68,8924.72,2803.95,24,15,1,mortgage,car,0
25,61869.63,0.0,26241.95,0.424,6,1,0.167,24817.14,4829.68,10578.52,36,5,0,own,medical,0
36,58784.44,7.4,29576.82,0.503,4,0,0.332,4259.75,4649.59,7340.08,24,13,0,own,medical,1
68,81574.09,8.3,19978.91,0.245,4,0,0.556,5122.85,5878.84,16133.28,48,47,0,rent,home_improvement,1
37,72746.77,5.6,5360.69,0.074,7,0,0.296,10375.39,579.01,4483.6,36,16,0,rent,car,1
65,40198.93,8.2,3325.61,0.083,3,0,0.16,4601.78,1877.03,3818.25,60,41,0,own,education,1
44,46508.53,9.1,19742.65,0.424,8,1,0.97,7600.38,5287.79,12999.5,12,25,0,mortgage,home_improvement,0
54,78575.62,8.3,37525.04,0.478,4,0,0.287,8389.87,6805.95,2852.14,12,30,0,own,debt_consolidation,1
42,90408.24,1.0,23706.75,0.262,0,0,0.23,16177.08,14443.53,8963.67,24,19,1,own,debt_consolidation,0
32,62128.35,5.7,3204.12,0.052,6,1,0.588,6373.2,6916.02,7737.33,24,12,0,own,education,1
57,94439.32,9.0,5227.61,0.055,3,1,0.569,22350.26,5065.23,6009.75,36,37,0,mortgage,business,1
68,59778.7,14.9,20160.85,0.337,4,1,0.191,8356.97,6440.52,6757.52,60,49,0,mortgage,car,1
32,42411.92,5.6,21497.37,0.507,3,1,0.539,9441.39,2723.82,8961.32,60,14,0,mortgage,home_improvement,0
58,70485.17,9.8,16337.0,0.232,1,0,0.188,4438.45,0.0,1846.88,36,37,0,mortgage,car,0
32,144125.15,11.4,52580.96,0.365,3,0,0.767,10091.09,18223.02,4541.71,36,11,0,mortgage,home_improvement,1
55,37356.57,6.0,11478.33,0.307,10,1,0.28,3646.75,3718.94,2220.15,48,31,0,mortgage,debt_consolidation,1
59,93139.28,12.7,45784.63,0.492,3,0,0.341,9475.21,20607.65,1135.8,36,37,0,own,car,1
41,69127.56,13.0,31879.24,0.461,8,0,0.105,5548.98,3275.77,2674.65,36,16,0,own,education,1
56,45616.28,13.9,5731.9,0.126,4,1,0.558,3945.09,5059.74,7561.67,60,38,0,own,home_improvement,1
32,29973.9,9.3,11363.04,0.379,0,0,0.228,2049.75,1115.36,11543.44,36,12,0,mortgage,medical,0
23,26631.15,18.8,12494.72,0.469,10,1,0.395,2585.67,822.35,14912.53,48,0,0,mortgage,business,0
23,47853.36,3.9,24550.31,0.513,10,2,0.536,2788.27,9131.34,14272.25,24,5,0,own,debt_consolidation,0
41,65309.25,17.6,21725.87,0.333,2,0,0.87,11387.4,0.0,9112.81,36,22,0,own,medical,0
65,76573.88,10.8,8670.69,0.113,2,1,0.64,10296.73,5532.81,1622.17,60,40,0,rent,education,1
25,82714.1,13.7,26126.32,0.316,11,0,0.283,8109.41,13322.85,1971.84,12,0,0,rent,business,1
42,63361.56,5.4,23626.52,0.373,1,0,0.706,1242.29,0.0,2729.16,48,22,0,mortgage,medical,1
54,60084.88,11.2,9879.11,0.164,10,0,0.139,1018.75,2909.39,11320.92,12,35,0,rent,home_improvement,0
29,51292.5,14.1,27476.92,0.536,2,1,0.028,4449.18,6115.96,4135.02,60,6,0,own,medical,1
55,65845.88,1.6,9320.02,0.142,10,1,0.101,2492.67,901.55,14563.3,12,35,0,own,home_improvement,1
34,45840.47,6.2,23058.53,0.503,11,2,0.491,5630.26,4138.39,4970.49,60,15,1,own,car,0
60,37968.85,0.0,9315.5,0.245,2,2,0.3,348.14,1301.35,10819.11,60,39,0,mortgage,car,0
48,58847.06,6.1,1194.22,0.02,2,0,0.927,15474.6,8281.08,10603.2,12,27,0,own,home_improvement,1
46,74540.29,2.9,22954.18,0.308,1,0,0.287,2075.22,10356.5,16797.64,60,25,0,mortgage,business,1
28,35477.2,5.9,12523.15,0.353,9,1,0.551,5826.5,1766.95,7916.3,60,7,0,rent,car,0
42,47854.94,21.6,23006.86,0.481,4,1,0.624,3164.25,0.0,7934.75,24,19,0,own,home_improvement,0
62,58122.09,15.6,17814.33,0.306,7,0,0.384,1080.31,5787.84,8554.58,12,40,0,mortgage,education,1
19,57715.99,0.0,4033.69,0.07,7,2,0.158,4051.75,7210.65,14263.61,12,0,0,own,business,0
57,68499.65,9.8,35017.79,0.511,6,0,0.272,14208.84,6850.43,4362.33,60,35,0,mortgage,debt_consolidation,1
44,103628.84,11.0,33123.72,0.32,2,0,0.488,6766.4,9705.22,6861.42,60,19,0,rent,debt_consolidation,1
55,26701.08,5.3,4376.62,0.164,4,0,0.773,5219.22,2323.1,8087.2,36,34,0,own,education,0
52,105365.05,7.9,52302.69,0.496,6,0,0.694,8666.61,5970.83,2858.72,60,31,0,mortgage,business,1
41,101905.4,8.4,8568.63,0.084,1,0,0.278,13503.36,3613.6,6385.7,24,16,0,mortgage,car,1
34,77017.38,0.3,5519.52,0.072,4,0,0.198,3894.88,5810.95,10552.0,12,16,0,rent,education,1
50,61740.21,1.8,18741.54,0.304,8,0,0.744,2589.24,3794.09,3374.99,48,25,0,own,debt_consolidation,1
26,46134.65,7.9,16201.97,0.351,5,2,0.134,1371.52,4953.23,12570.91,24,6,0,mortgage,medical,0
48,76688.62,7.5,22301.69,0.291,4,1,0.33,7556.8,2315.15,8532.68,60,29,1,own,debt_consolidation,0
23,62812.02,3.5,32182.73,0.512,10,0,0.309,7376.45,3211.84,15646.72,60,0,0,rent,business,1
52,51653.75,3.0,8228.19,0.159,6,0,0.142,3558.97,3955.08,15534.23,60,31,0,mortgage,medical,1
51,75994.04,6.6,41403.42,0.545,8,1,0.427,3553.01,2601.94,19266.28,36,26,0,mortgage,education,1
23,80573.54,11.4,2437.76,0.03,0,0,0.255,18745.9,199.93,8549.37,24,2,0,own,home_improvement,1
57,22616.5,6.6,1873.17,0.083,11,4,0.459,1867.64,2355.75,11694.49,24,32,0,mortgage,car,0
40,90153.54,15.1,10674.94,0.118,9,0,0.418,9888.83,594.61,9106.79,48,19,0,rent,business,1
59,44486.91,3.5,2765.98,0.062,9,1,0.231,2564.31,3612.46,6875.47,60,40,0,rent,education,1
21,85947.2,8.0,21680.65,0.252,8,0,0.509,1673.95,8463.42,7595.14,24,3,0,rent,car,1
28,51972.24,5.2,24876.37,0.479,6,1,0.399,2119.49,7425.36,5663.95,12,8,1,rent,business,0
44,61798.45,9.9,28118.44,0.455,6,0,0.133,4832.75,11561.9,3778.06,12,22,0,mortgage,medical,1
28,65864.05,3.1,27315.21,0.415,7,0,0.734,1547.56,9066.41,8122.63,36,5,0,rent,debt_consolidation,0
35,83445.52,16.6,1996.6,0.024,5,2,0.599,10301.41,3037.69,9518.87,12,15,0,mortgage,car,1
52,73281.83,0.0,35089.11,0.479,8,0,0.46,5858.36,4165.52,5913.97,60,30,0,rent,business,1
26,51367.4,15.6,11821.92,0.23,4,1,0.438,3754.98,4458.96,6079.53,48,8,0,own,debt_consolidation,1
53,27682.77,7.4,11288.15,0.408,9,0,0.638,293.85,1899.01,19550.44,48,30,0,own,education,1
24,68221.03,9.8,27647.73,0.405,4,0,0.707,5300.34,5414.04,6718.49,12,1,0,mortgage,business,1
27,60935.8,13.7,6951.93,0.114,5,1,0.208,5577.97,8163.7,3075.56,24,9,0,mortgage,medical,1
48,37205.52,11.3,10907.14,0.293,0,1,0.523,1349.49,2904.89,8022.22,48,24,0,own,debt_consolidation,0
59,63381.61,3.3,32380.14,0.511,10,1,0.369,3428.04,7434.43,7756.83,60,36,0,mortgage,car,1
27,57874.93,10.0,9226.18,0.159,8,1,0.483,5220.0,867.26,7767.97,60,9,0,rent,debt_consolidation,1
34,89833.06,16.3,35840.22,0.399,2,0,0.432,3507.93,8583.86,8435.37,36,16,0,rent,medical,1
66,108066.56,2.6,57033.97,0.528,0,0,0.052,5746.34,0.0,6322.47,48,42,0,own,business,1
69,79865.01,17.6,16862.26,0.211,10,0,0.668,3519.56,10167.57,4904.99,12,45,1,rent,home_improvement,1
48,56750.37,8.9,12794.14,0.225,0,2,0.336,6763.81,3519.76,1899.76,24,26,0,rent,education,1
41,59639.96,4.8,15497.93,0.26,5,1,0.662,10029.22,133.97,3666.52,48,21,0,own,medical,1
36,43978.19,2.5,19737.01,0.449,0,0,0.365,4043.47,2519.5,10761.69,60,16,0,own,medical,0
50,46679.05,5.9,11801.44,0.253,8,0,0.181,2953.89,4432.02,19213.05,12,29,0,rent,business,1
49,55645.9,0.0,15453.44,0.278,2,1,0.139,7384.45,513.15,4902.33,48,27,0,mortgage,debt_consolidation,1
34,53709.06,4.9,7402.63,0.138,5,0,0.228,1010.96,1461.6,6245.58,48,11,0,own,home_improvement,1
20,36538.37,5.7,19870.4,0.544,6,1,0.681,2789.84,1876.97,7916.48,48,0,0,mortgage,education,1
26,90171.74,1.6,44449.95,0.493,4,0,0.579,15731.48,10174.63,22925.38,48,5,0,mortgage,business,0
67,94741.21,10.7,32035.3,0.338,8,0,0.36,4517.38,0.0,7850.65,60,44,0,rent,education,1
40,89120.23,5.9,47153.23,0.529,6,0,0.352,9735.87,8384.66,24239.32,24,15,0,rent,debt_consolidation,1
43,95924.22,3.8,36845.34,0.384,5,0,0.155,13354.1,5605.75,1887.09,12,21,1,mortgage,business,0
42,119787.1,5.4,63286.64,0.528,3,0,0.186,10706.26,14942.84,2215.07,60,21,0,mortgage,debt_consolidation,1
58,44247.51,8.8,4673.16,0.106,4,3,0.392,1758.65,4036.25,17807.34,12,37,0,rent,medical,1
22,117791.26,7.4,16430.99,0.139,3,0,0.427,6289.45,16386.91,3891.85,48,0,0,rent,education,1
23,51263.46,3.5,25075.35,0.489,6,0,0.373,6174.21,4700.57,6978.47,24,5,0,rent,home_improvement,1
33,71731.21,7.6,17397.22,0.243,9,0,0.205,8507.86,757.97,6708.55,36,15,0,mortgage,business,0
43,33783.9,6.7,7321.43,0.217,7,1,0.453,2866.29,3128.31,2572.94,24,23,0,rent,car,0
53,49083.32,1.3,20605.07,0.42,0,2,0.423,658.96,4699.68,7128.48,36,32,0,rent,car,0
44,80672.5,5.6,28563.92,0.354,10,1,0.102,2091.36,2920.63,27539.73,12,24,0,own,business,1
41,72927.9,9.9,14757.54,0.202,9,2,0.358,5435.14,3188.08,13891.74,36,20,0,rent,business,1
66,50933.49,9.9,11758.82,0.231,9,0,0.33,2341.07,0.0,2932.22,36,47,0,mortgage,home_improvement,1
27,59630.91,5.9,14099.33,0.236,0,0,0.518,1871.24,6402.27,2397.03,24,2,0,own,medical,1
48,47374.74,10.4,4119.5,0.087,9,1,0.049,1504.39,3003.03,11150.69,12,28,1,mortgage,debt_consolidation,1
46,80593.71,2.1,11417.19,0.142,5,1,0.172,24732.7,3363.46,19914.38,24,27,0,rent,medical,1
43,92353.6,2.3,28157.79,0.305,10,1,0.729,8885.02,1833.58,23822.34,48,18,0,mortgage,medical,1
60,44312.29,5.7,19247.86,0.434,9,2,0.129,5293.09,2005.59,10418.06,12,35,0,mortgage,debt_consolidation,1
32,57585.88,14.5,13941.29,0.242,10,0,0.129,3813.39,5293.38,2908.48,12,13,0,mortgage,business,1
67,36074.6,7.8,8051.02,0.223,1,1,0.598,5565.63,2849.68,10368.56,48,47,0,rent,education,0
35,62732.66,5.6,22883.22,0.365,6,1,0.329,7026.38,3338.4,3899.79,24,17,0,own,education,0
46,69119.05,14.7,7143.08,0.103,8,3,0.44,6219.29,595.16,9531.17,12,26,0,mortgage,car,1
45,64480.2,5.6,14301.56,0.222,7,0,0.495,5892.7,3393.36,12462.58,36,21,0,rent,business,1
62,67250.55,18.2,8763.57,0.13,9,2,0.477,2849.27,1876.09,5025.93,60,43,0,own,debt_consolidation,1
41,55531.75,4.4,20289.77,0.365,8,1,0.564,2231.17,3249.17,16850.35,12,19,0,mortgage,debt_consolidation,1
33,55975.98,1.9,4453.05,0.08,0,1,0.265,5306.71,5620.05,7264.97,48,10,0,rent,education,1
20,55104.15,6.2,14180.84,0.257,2,2,0.436,7854.17,2330.15,6868.13,60,0,0,own,education,0
37,48590.38,5.8,16325.23,0.336,7,0,0.511,8782.36,7423.48,4898.13,36,18,0,own,debt_consolidation,0
61,50585.75,3.0,23362.93,0.462,4,2,0.285,6433.77,2051.21,10904.19,12,43,0,mortgage,business,1
19,68037.04,20.0,27487.79,0.404,4,1,0.624,13258.3,0.0,11982.65,60,0,0,rent,education,0
64,90206.46,8.6,46881.87,0.52,10,0,0.598,15735.94,5213.6,971.43,12,42,0,mortgage,home_improvement,1
46,41767.84,9.3,15885.8,0.38,1,4,0.509,2966.49,1615.66,17485.15,48,28,0,rent,education,0
26,55905.61,4.7,11464.59,0.205,6,0,0.391,12646.97,13389.56,6594.97,24,6,0,own,car,1
34,38927.09,4.1,5559.32,0.143,3,1,0.493,3175.77,1778.17,9267.34,60,13,0,own,education,0
47,48883.93,12.1,2443.64,0.05,0,1,0.618,3789.62,0.0,6912.11,60,27,0,rent,debt_consolidation,1
35,51581.51,0.0,8620.38,0.167,4,0,0.366,6190.52,3544.96,10072.37,36,11,0,mortgage,medical,1
24,61234.42,1.3,5666.01,0.093,4,0,0.465,11050.73,3582.54,12846.11,36,1,0,mortgage,home_improvement,1
52,60658.6,5.8,13083.4,0.216,5,1,0.303,2944.34,508.55,8022.96,12,30,1,rent,business,1
53,57412.08,13.8,22526.57,0.392,1,0,0.196,4666.0,4859.68,6698.34,24,30,0,own,home_improvement,1
25,66137.68,5.1,25580.6,0.387,8,0,0.283,4663.9,6281.38,7721.63,60,3,0,rent,education,1
33,43065.54,9.1,8123.38,0.189,4,0,0.084,1574.21,3045.67,10203.88,36,12,0,rent,business,1
31,61405.91,7.1,17779.02,0.29,6,1,0.465,2973.23,3274.57,8101.43,24,9,0,mortgage,home_improvement,0
52,73651.29,13.5,9934.74,0.135,6,0,0.161,2804.63,3553.82,10014.47,60,34,0,own,car,1
56,42890.37,0.0,12291.42,0.287,6,1,0.374,4971.48,1522.56,9066.4,48,38,0,own,car,1
56,31774.99,10.7,9225.66,0.29,6,2,0.189,2160.48,82.56,8021.17,36,31,1,mortgage,medical,1
66,80364.06,6.0,14440.4,0.18,3,0,0.548,4800.66,11324.56,7735.04,12,43,0,own,car,1
58,39326.34,11.6,6194.6,0.158,5,0,0.589,4197.37,7414.83,7778.04,24,40,0,own,car,1
35,48094.64,2.9,25931.4,0.539,6,2,0.134,5229.99,736.78,6636.16,24,10,0,mortgage,education,0
24,72920.83,7.1,22217.19,0.305,0,2,0.614,12727.05,2664.21,5218.36,24,2,0,mortgage,debt_consolidation,0
50,42185.19,6.5,13410.7,0.318,8,0,0.26,535.67,530.87,6917.44,24,29,0,rent,education,1
65,78414.0,2.0,1892.2,0.024,5,1,0.23,11887.57,8719.61,7958.0,60,46,0,rent,debt_consolidation,1
68,45810.9,0.6,5331.27,0.116,3,1,0.153,1590.71,728.9,11860.04,48,45,0,mortgage,home_improvement,1
30,43979.94,4.1,9192.23,0.209,0,0,0.372,4457.06,4467.84,12365.23,24,9,0,own,medical,1
31,38988.45,7.6,20740.68,0.532,3,0,0.465,1263.55,3433.41,18550.42,36,6,0,own,education,0
20,45945.39,3.2,5186.23,0.113,4,1,0.37,5793.07,2711.04,9790.69,36,2,0,mortgage,medical,1
26,69552.5,5.3,12571.16,0.181,10,1,0.588,3583.57,9365.99,1600.43,60,3,0,mortgage,education,1
47,48097.48,0.0,26202.7,0.545,7,1,0.638,5445.28,2365.26,7384.37,48,29,0,rent,business,1
46,80479.7,5.1,22130.92,0.275,5,0,0.593,3625.94,5374.56,7636.5,48,24,0,mortgage,debt_consolidation,1
37,58189.13,12.1,10983.55,0.189,1,3,0.56,1012.26,339.19,6437.07,12,13,1,mortgage,business,0
34,59889.88,10.5,21333.39,0.356,3,0,0.654,2770.37,0.0,1655.63,36,12,0,rent,car,1
61,43546.8,6.6,12325.5,0.283,11,2,0.424,4738.89,5211.26,11992.59,12,42,0,mortgage,home_improvement,0
42,84643.99,8.2,44645.31,0.527,1,0,0.321,5649.25,3026.13,9078.65,48,20,0,rent,education,1
60,73857.95,2.9,4733.81,0.064,7,0,0.432,10072.54,9194.55,6194.35,60,40,0,own,car,1
68,73141.12,15.1,32108.25,0.439,6,0,0.247,5420.08,3587.66,3847.73,48,46,0,rent,car,1
35,54477.4,17.3,9147.61,0.168,2,0,0.624,5325.67,3335.33,7862.03,60,17,0,own,debt_consolidation,1
29,37468.43,7.8,16768.43,0.448,10,1,0.688,787.94,2883.91,26396.46,12,4,0,own,medical,0
67,60958.78,20.0,28607.46,0.469,4,1,0.329,6652.88,2419.83,9074.87,60,43,0,own,business,1
51,68548.96,3.6,32224.05,0.47,7,0,0.576,10074.36,0.0,8279.15,48,33,0,mortgage,education,1
33,68781.09,0.7,32970.13,0.479,1,0,0.174,863.27,1588.82,3952.24,36,11,0,own,education,1
50,65659.73,3.5,26303.79,0.401,11,1,0.223,1765.82,1258.38,10602.99,36,28,0,rent,medical,1
45,64744.72,5.9,6181.45,0.095,0,1,0.26,16154.32,4207.76,5744.58,24,21,0,mortgage,home_improvement,1
65,45738.59,18.6,2172.97,0.048,3,2,0.193,4341.28,5603.73,10858.81,60,45,0,rent,education,0
32,46464.4,5.6,9321.02,0.201,10,0,0.732,3148.49,1411.84,2156.33,36,11,0,rent,business,0
69,39107.78,2.7,11043.53,0.282,7,1,0.567,2389.7,2412.46,4327.88,60,49,0,rent,business,1
66,80807.17,2.5,14576.73,0.18,8,0,0.168,398.52,6351.99,5623.83,48,43,0,own,medical,1
28,106218.41,12.7,43907.47,0.413,3,1,0.574,13244.69,2863.44,6789.2,60,8,1,own,education,0
27,143049.08,12.0,57633.76,0.403,9,0,0.435,9241.97,12292.76,17899.99,36,5,0,rent,debt_consolidation,1
46,62368.92,4.6,33374.85,0.535,11,2,0.367,5282.41,7589.72,15204.46,36,28,0,rent,debt_consolidation,0
21,64799.92,0.0,15053.26,0.232,7,0,0.591,9597.52,5595.08,9851.93,36,0,0,own,car,1
34,55198.35,1.4,24090.53,0.436,2,2,0.358,4062.84,3541.27,3952.31,12,15,0,mortgage,medical,1
41,62041.86,15.6,25613.11,0.413,10,0,0.316,10382.71,1527.4,4057.72,36,21,0,mortgage,medical,1
68,42132.47,10.4,22921.63,0.544,0,1,0.68,753.42,2558.84,14306.77,36,45,0,rent,business,1
69,54828.55,7.3,23577.16,0.43,10,2,0.109,5724.36,1591.35,6516.44,24,51,0,rent,home_improvement,1
26,44095.8,16.3,7509.27,0.17,0,4,0.622,2332.0,1646.27,5105.15,48,3,0,rent,education,1
64,52498.57,16.8,1474.91,0.028,0,1,0.279,5643.92,3179.39,6049.99,24,45,0,mortgage,education,1
23,45294.2,6.8,24147.61,0.533,0,1,0.473,3031.11,2548.19,7388.94,12,0,0,own,debt_consolidation,0
57,68561.21,6.9,27391.34,0.4,2,0,0.552,12015.27,8112.28,9383.7,36,35,0,rent,debt_consolidation,1
62,71478.03,4.1,32213.83,0.451,8,1,0.454,9323.06,2663.97,7176.76,24,40,0,rent,home_improvement,1
64,64130.59,5.6,28244.36,0.44,4,0,0.17,3490.72,5521.59,1726.59,48,44,0,mortgage,home_improvement,1
30,46527.24,0.0,19074.0,0.41,0,1,0.483,2366.94,2021.04,8483.7,24,6,0,own,business,0
64,38259.03,0.0,16003.04,0.418,4,0,0.411,3955.71,807.93,9718.08,36,45,0,own,home_improvement,1
24,71752.26,0.0,36781.13,0.513,11,0,0.528,5060.91,6959.86,9540.94,60,1,0,rent,medical,1
45,58086.13,12.4,29303.23,0.504,6,2,0.449,5405.91,5089.01,7222.27,36,20,0,own,education,0
42,31383.98,0.0,6935.55,0.221,8,2,0.148,3694.41,1150.55,3754.51,48,20,0,own,medical,1
35,60790.72,16.7,2213.37,0.036,3,0,0.371,9161.48,0.0,2874.65,60,15,0,rent,business,1
20,64962.37,3.3,2631.06,0.041,6,0,0.555,4084.45,7970.69,6044.76,12,0,0,rent,home_improvement,1
58,34370.84,15.7,8823.62,0.257,9,0,0.574,1362.97,3627.02,12046.04,24,40,0,mortgage,home_improvement,1
36,68964.97,5.2,31899.0,0.463,8,1,0.106,12184.6,8577.74,5178.09,48,17,0,rent,debt_consolidation,1
52,35953.93,0.0,16870.8,0.469,0,1,0.339,5318.86,4568.22,34266.27,60,30,0,mortgage,home_improvement,1
39,44907.94,13.4,10523.12,0.234,7,2,0.166,4887.08,3026.93,13362.95,12,19,0,mortgage,education,1
38,36027.33,14.0,6479.67,0.18,9,0,0.592,4437.75,1651.71,6314.33,12,15,1,rent,business,1
64,43414.47,2.5,12525.02,0.288,1,1,0.279,3347.94,0.0,5933.55,48,46,0,mortgage,medical,1
23,38362.31,5.3,17694.54,0.461,4,0,0.512,4622.55,2817.55,6771.25,24,4,0,own,medical,1
56,80627.94,2.5,28811.83,0.357,7,0,0.285,15870.45,3563.71,7934.53,12,32,0,mortgage,business,1
57,53514.38,6.4,5035.55,0.094,0,0,0.098,1897.14,1472.96,3413.98,12,36,0,mortgage,debt_consolidation,1
38,49825.33,7.5,10562.17,0.212,8,0,0.28,2158.85,0.0,5488.38,60,14,0,rent,home_improvement,1
32,83296.7,5.2,26186.46,0.314,10,0,0.387,10903.66,1262.01,17801.6,36,14,0,mortgage,education,1
19,81787.93,0.0,24968.14,0.305,6,0,0.347,790.56,0.0,10519.37,24,0,0,rent,car,1
66,51112.7,4.1,23523.9,0.46,5,1,0.783,10462.58,5945.09,6675.95,36,47,0,mortgage,debt_consolidation,1
67,63713.84,10.5,32752.17,0.514,1,0,0.517,14795.94,7801.68,9686.1,48,43,0,mortgage,business,0
31,47672.04,6.0,3491.76,0.073,8,2,0.604,1904.06,1408.85,6923.12,24,11,0,rent,medical,0
20,56171.9,5.4,7804.3,0.139,11,1,0.115,2272.26,7184.29,12717.2,24,0,0,own,debt_consolidation,1
25,40478.55,2.3,9222.76,0.228,10,0,0.284,176.2,2906.48,21316.09,12,1,0,rent,car,1
22,66806.53,3.9,11830.83,0.177,6,0,0.235,2647.69,9358.21,7870.71,60,0,0,rent,debt_consolidation,1
61,84455.88,14.0,19964.86,0.236,0,0,0.62,6810.71,8149.25,3522.24,24,42,0,rent,business,1
64,79213.68,1.3,3293.88,0.042,3,0,0.098,1294.78,7784.72,3962.21,60,45,0,mortgage,education,1
26,58978.64,10.6,3243.06,0.055,3,0,0.246,9349.9,4654.43,14231.56,24,8,0,own,home_improvement,0
57,30502.4,7.2,14163.23,0.464,0,1,0.105,4600.65,932.78,20854.16,48,33,0,mortgage,business,1
28,46968.48,8.2,3492.97,0.074,1,0,0.3,4509.37,30.58,5246.5,36,8,0,own,debt_consolidation,0
37,56148.87,3.3,25646.55,0.457,6,0,0.229,2938.08,4318.4,5103.73,24,18,0,rent,car,1
49,36834.97,5.2,6720.59,0.182,1,2,0.598,1720.05,2280.06,10661.69,36,24,0,rent,home_improvement,1
55,34913.68,7.0,6420.22,0.184,0,0,0.664,4404.85,6865.41,3339.68,48,36,0,mortgage,medical,1
63,92594.68,4.4,6796.07,0.073,11,1,0.333,16883.78,9634.57,10657.53,24,41,0,rent,car,1
21,75996.09,8.7,2054.14,0.027,7,1,0.516,3952.06,1857.46,11494.37,60,0,0,own,education,1
29,68541.94,9.3,14277.49,0.208,9,0,0.463,12748.4,4280.26,4853.52,48,7,0,mortgage,business,1
33,72966.19,17.9,33764.31,0.463,2,0,0.717,8055.92,3520.54,2243.72,24,11,0,mortgage,education,0
34,38748.96,8.4,19668.06,0.508,4,2,0.784,7338.95,2507.08,4779.1,36,10,0,rent,home_improvement,0
69,42956.53,0.0,2261.25,0.053,7,3,0.296,2699.56,46.97,12160.53,48,51,0,mortgage,car,1
58,62431.31,12.8,2271.33,0.036,8,0,0.07,1707.85,6994.94,10074.36,24,37,0,mortgage,medical,1
35,64057.81,6.0,6672.54,0.104,4,1,0.166,12140.97,3004.71,7294.73,48,10,0,rent,car,1
68,36179.61,17.1,15417.35,0.426,11,0,0.172,1753.57,3595.62,14691.44,12,45,0,rent,education,1
44,60965.22,14.4,7839.39,0.129,8,0,0.353,9821.79,2224.37,9598.61,48,23,0,rent,debt_consolidation,1
44,56486.77,4.5,8039.73,0.142,2,1,0.341,553.07,2643.08,8966.81,12,26,0,own,home_improvement,1
41,78333.45,10.6,38472.66,0.491,1,0,0.341,6586.89,7545.94,2903.06,48,20,0,own,business,0
26,64163.27,4.0,31037.25,0.484,0,1,0.4,7138.23,0.0,9949.33,12,6,0,own,medical,1
66,96410.4,7.0,36178.32,0.375,10,2,0.171,9167.77,11186.58,12082.96,48,47,0,rent,education,0
19,51206.23,10.4,5475.34,0.107,9,2,0.485,4941.24,7176.99,20466.23,12,0,0,rent,medical,0
27,39552.83,12.6,8781.09,0.222,5,0,0.422,2984.9,5505.16,5401.81,36,8,0,rent,home_improvement,1
30,95480.23,11.5,13861.25,0.145,8,1,0.07,6762.14,3019.04,7315.92,12,10,0,rent,debt_consolidation,1
33,65282.4,7.4,24551.29,0.376,10,1,0.42,6782.93,5337.06,16186.17,12,12,0,mortgage,debt_consolidation,0
25,56596.01,19.4,24526.64,0.433,1,0,0.236,10110.58,2510.28,11387.15,24,7,0,own,medical,0
19,43464.27,5.2,4143.49,0.095,11,2,0.786,2097.42,0.0,10874.2,60,1,0,rent,debt_consolidation,0
53,51399.92,0.0,25490.07,0.496,5,1,0.406,6691.09,3654.67,4158.43,36,32,1,rent,medical,0
68,50522.86,0.0,13403.6,0.265,5,0,0.816,1423.48,0.0,7350.87,24,49,0,rent,car,1
25,39012.5,14.4,17218.29,0.441,1,1,0.638,4573.19,3770.15,11816.07,36,5,0,own,debt_consolidation,0
34,27854.37,6.6,1319.4,0.047,8,1,0.625,1569.95,2997.29,4771.36,12,14,1,rent,business,0
44,50139.26,7.8,10584.8,0.211,7,0,0.145,2109.11,6579.7,8481.26,60,23,1,mortgage,car,1
66,73602.33,4.3,2048.64,0.028,0,1,0.449,7532.12,6792.63,7080.27,60,48,0,mortgage,car,1
54,86990.58,4.7,34865.55,0.401,7,1,0.251,17242.01,4000.15,11187.72,60,30,0,mortgage,debt_consolidation,0
58,79393.76,3.1,4931.07,0.062,1,0,0.28,2935.54,4542.92,9618.28,12,38,0,own,education,1
48,80997.81,9.4,16142.17,0.199,3,1,0.437,2490.84,5897.2,1806.7,12,30,0,mortgage,home_improvement,1
40,40432.13,6.5,17560.76,0.434,7,1,0.654,3369.89,5652.81,7173.95,12,16,0,mortgage,medical,1
29,62822.8,9.2,26194.11,0.417,9,1,0.633,2737.24,8816.34,19040.56,60,7,0,rent,business,0
63,68722.18,8.7,24695.56,0.359,1,2,0.391,5872.14,4292.47,13647.89,36,42,0,rent,medical,1
60,70203.6,4.9,27227.13,0.388,5,1,0.327,4369.36,8130.35,6964.79,36,40,0,own,medical,1
20,56183.0,0.0,20515.37,0.365,3,0,0.346,1749.05,2295.93,12580.85,36,1,0,own,car,0
55,60280.92,0.0,21693.67,0.36,8,0,0.766,2943.4,5333.64,6226.02,48,35,0,own,debt_consolidation,0
23,109024.83,22.1,22384.65,0.205,9,0,0.422,17716.01,5363.41,11148.53,60,0,0,mortgage,education,1
56,78575.77,14.4,2744.48,0.035,7,1,0.286,5348.98,6196.75,5250.34,48,35,1,mortgage,home_improvement,1
61,67886.15,13.7,17254.47,0.254,9,0,0.329,5485.62,1736.0,21939.38,24,38,0,mortgage,medical,0
25,72105.59,3.6,3179.4,0.044,5,0,0.282,3036.27,0.0,7135.12,36,7,0,own,debt_consolidation,1
41,49394.33,7.0,13262.36,0.268,7,0,0.155,5030.06,215.04,8349.93,60,21,0,own,medical,1
25,70818.59,2.9,18835.04,0.266,3,0,0.267,9502.36,6785.87,14679.57,36,3,0,rent,debt_consolidation,0
47,60016.91,0.4,6885.28,0.115,11,0,0.472,5430.11,657.41,8223.06,48,29,0,rent,education,1
66,75837.8,4.1,33039.39,0.436,2,0,0.473,4979.82,3762.15,9074.25,48,45,0,rent,education,0
23,45733.69,13.6,17983.9,0.393,11,0,0.509,6889.68,5084.97,8993.94,60,3,0,own,business,1
39,73725.95,11.2,23338.39,0.317,8,0,0.451,6114.73,9045.01,9980.97,60,14,0,mortgage,medical,1
68,51627.37,2.1,26367.73,0.511,11,1,0.42,9074.89,913.61,4065.92,48,47,0,rent,education,0
34,73841.55,5.4,12716.19,0.172,7,1,0.434,9020.64,0.0,10502.14,36,16,0,rent,education,1
25,62957.77,10.7,10002.55,0.159,4,0,0.439,4056.4,1667.63,5989.77,12,1,0,rent,home_improvement,1
43,58565.74,4.1,6865.13,0.117,3,0,0.457,1276.7,4491.6,5515.21,24,20,0,rent,medical,1
44,52537.67,7.4,16210.66,0.309,2,0,0.558,6538.86,5265.58,6819.08,36,23,0,rent,business,0
52,56676.11,9.0,7302.11,0.129,11,0,0.88,10002.76,435.2,3356.44,48,34,0,rent,debt_consolidation,1
35,50177.23,9.0,24110.9,0.481,1,0,0.163,1800.12,0.0,6773.73,60,16,0,rent,business,0
67,52183.32,8.3,9460.01,0.181,9,1,0.537,4022.88,1110.31,3862.02,48,46,0,mortgage,medical,1
45,67276.04,3.7,18850.3,0.28,8,0,0.646,8307.58,2738.67,1692.53,12,27,0,own,home_improvement,1
33,32860.16,4.2,9879.1,0.301,1,2,0.592,2130.75,5620.65,12492.45,48,13,0,own,business,0
67,73497.5,1.3,13453.91,0.183,10,0,0.053,6161.72,5303.45,6748.85,60,47,0,rent,medical,0
66,73918.85,0.0,30407.44,0.411,1,0,0.472,16464.19,7325.24,9345.25,24,47,0,rent,debt_consolidation,1
44,53050.6,6.4,20519.9,0.387,1,1,0.251,5346.01,6454.86,11318.83,24,25,0,mortgage,car,1
20,60800.14,11.1,25732.44,0.423,6,0,0.224,2649.7,2686.73,16457.96,12,0,0,own,business,1
49,42015.85,0.1,14333.2,0.341,1,0,0.507,3480.56,3012.1,6868.23,12,25,0,own,education,1
47,65818.25,8.4,17369.21,0.264,1,0,0.5,5520.69,5220.47,8104.93,36,25,0,rent,education,1
26,43655.44,10.9,11259.87,0.258,7,1,0.372,1588.96,4233.79,10853.87,60,1,0,own,car,1
51,22877.02,0.0,9145.39,0.4,11,1,0.149,6403.33,1378.06,2693.02,24,26,0,rent,medical,1
61,85807.16,5.6,18862.87,0.22,0,1,0.743,629.16,10199.48,6299.67,12,42,0,rent,education,1
24,40556.77,15.2,10210.07,0.252,7,1,0.473,896.03,4941.5,7909.37,24,2,0,own,debt_consolidation,1
55,56276.24,9.8,6007.25,0.107,7,0,0.184,2003.8,2954.23,5585.12,12,32,0,mortgage,home_improvement,1
26,61562.52,0.0,23406.33,0.38,0,0,0.488,1372.85,6440.71,5613.86,48,1,0,rent,business,1
57,67226.01,10.3,4085.33,0.061,1,0,0.098,1018.03,5789.99,4850.1,12,33,0,rent,home_improvement,1
40,57907.18,3.3,31557.76,0.545,5,0,0.492,12915.56,11567.34,31603.36,24,15,0,rent,education,0
19,63354.0,10.5,6093.45,0.096,8,0,0.595,8167.85,7062.47,7896.27,48,0,0,rent,business,1
68,52645.59,3.5,11738.84,0.223,2,0,0.173,8174.16,4526.41,4642.42,60,50,0,rent,debt_consolidation,1
27,34619.49,6.7,5055.27,0.146,5,0,0.098,2130.47,1322.55,6944.0,12,8,0,rent,medical,0
49,57175.84,4.3,9951.39,0.174,5,1,0.493,10407.72,854.37,4422.72,24,29,0,own,debt_consolidation,0
28,70312.54,7.0,13422.68,0.191,8,2,0.485,8754.16,6542.87,8324.37,24,3,0,rent,education,0
66,41327.29,4.2,16560.61,0.401,2,0,0.457,2456.78,0.0,9376.58,12,41,0,rent,education,0
56,61772.03,5.9,7022.07,0.114,8,1,0.099,7122.33,9133.81,16631.91,24,37,0,mortgage,car,1
60,103338.57,1.1,16518.05,0.16,9,0,0.704,2569.72,0.0,3063.59,36,40,0,rent,home_improvement,1
41,55948.37,9.5,4119.99,0.074,6,0,0.532,5770.43,850.88,13598.31,48,22,0,mortgage,debt_consolidation,1
42,56888.73,7.9,11131.63,0.196,8,0,0.648,4095.12,6637.07,8177.1,24,21,0,rent,car,1
51,33767.26,0.0,17520.42,0.519,2,1,0.438,7472.36,2191.36,12163.51,24,26,0,rent,medical,0
59,39806.11,12.0,8815.37,0.221,10,0,0.231,6500.93,3018.03,13959.29,24,40,0,rent,debt_consolidation,1
62,43806.16,6.1,18923.79,0.432,3,1,0.336,1069.91,1414.61,15551.0,60,37,0,mortgage,medical,1
19,69384.44,7.8,18366.27,0.265,2,0,0.591,2709.94,4182.96,3773.35,12,0,0,own,medical,1
52,42206.77,10.8,10901.5,0.258,6,1,0.118,12153.34,4257.7,11224.84,48,27,0,rent,business,1
24,30354.82,8.6,13863.18,0.457,4,0,0.426,1861.34,760.5,4713.85,24,4,0,mortgage,education,0
33,65363.87,12.8,2236.38,0.034,5,0,0.674,1558.87,3501.13,4623.78,48,12,0,rent,medical,1
61,45064.91,5.5,21558.59,0.478,9,0,0.206,6007.95,3016.26,10160.5,48,39,0,rent,education,0
31,34161.57,12.2,9468.24,0.277,6,1,0.364,6837.96,1814.9,10445.03,24,10,0,rent,debt_consolidation,1
59,72235.47,7.6,14887.54,0.206,4,2,0.685,5037.03,7527.59,11749.61,48,38,0,mortgage,medical,1
42,50702.65,9.5,25382.89,0.501,9,1,0.585,5704.22,4544.92,5969.87,12,19,0,rent,home_improvement,0
30,67394.38,9.0,13487.33,0.2,4,1,0.048,5230.65,4140.41,9476.37,36,7,0,own,debt_consolidation,1
36,33808.94,13.2,18195.28,0.538,11,1,0.122,4549.14,0.0,9945.39,24,14,0,rent,home_improvement,0
46,27062.23,10.6,13971.39,0.516,11,0,0.123,1175.24,3403.3,7071.1,24,23,0,rent,home_improvement,0
58,59842.71,4.8,9694.48,0.162,5,1,0.418,5836.58,1225.54,14727.47,36,38,0,own,education,0
49,39366.69,3.8,7893.79,0.201,9,0,0.733,6315.07,6120.31,2283.21,48,30,0,rent,debt_consolidation,1
66,59561.41,6.8,26829.37,0.45,8,0,0.268,3548.75,1454.77,4448.13,60,43,0,mortgage,medical,1
63,59984.84,3.2,7418.53,0.124,10,1,0.67,9141.41,4761.22,14647.13,48,44,0,own,business,1
57,57485.74,1.7,23450.41,0.408,5,0,0.237,7470.82,5660.22,10137.08,24,32,0,own,debt_consolidation,1
49,80772.65,0.0,7144.35,0.088,4,0,0.266,2461.62,4590.8,24785.46,36,29,0,own,business,1
33,134828.97,0.0,17389.02,0.129,3,0,0.585,6032.44,11091.61,11519.98,36,15,0,rent,debt_consolidation,1
40,64979.4,16.9,18536.55,0.285,7,0,0.32,9184.7,3414.03,5344.73,48,16,0,rent,car,1
25,103300.82,3.7,42902.62,0.415,7,0,0.421,4577.15,16644.44,13944.44,48,2,0,rent,home_improvement,0
38,33122.16,16.5,13642.92,0.412,5,2,0.268,253.18,2543.02,15432.01,36,17,0,rent,education,1
66,51146.33,9.0,17529.32,0.343,3,0,0.468,4706.44,3112.08,9713.76,36,42,0,rent,education,1
40,37074.87,6.8,6088.42,0.164,5,1,0.508,3228.17,2924.38,4142.02,48,17,0,mortgage,business,1
24,46025.72,0.0,11053.09,0.24,6,1,0.573,6268.48,5673.96,9559.79,36,2,0,own,medical,0
52,52135.38,7.0,7846.04,0.15,1,1,0.097,9915.16,4493.44,6354.85,36,32,0,mortgage,car,1
68,106530.9,16.5,17771.4,0.167,7,1,0.322,9319.76,8079.03,5573.15,24,43,0,own,business,1
63,58562.66,14.8,11203.55,0.191,10,1,0.258,6154.0,0.0,8935.86,24,45,1,rent,medical,1
32,81826.3,8.4,27607.32,0.337,3,0,0.427,1854.27,10181.97,2404.47,48,12,0,mortgage,home_improvement,1
42,49773.56,1.3,6471.82,0.13,4,0,0.432,3113.71,4189.97,7519.26,12,20,0,rent,medical,0
46,47835.36,2.2,2035.96,0.043,1,0,0.798,16191.9,2123.78,5393.18,24,23,0,rent,business,1
31,33395.1,2.7,12923.94,0.387,6,1,0.8,4053.48,2771.88,4192.1,12,11,0,mortgage,business,0
32,105250.09,13.4,3321.42,0.032,5,1,0.598,20549.86,14336.23,6647.78,24,12,0,own,education,1
31,91258.64,15.2,48779.2,0.535,10,0,0.268,5670.32,9346.67,6102.3,36,7,0,own,medical,1
69,61984.42,8.0,12747.18,0.206,10,0,0.315,3399.15,10233.27,13896.8,12,44,0,rent,home_improvement,1
57,53132.68,5.5,1247.99,0.023,9,0,0.425,2848.61,5865.02,7844.08,12,33,0,own,education,1
61,59300.16,14.7,28987.71,0.489,2,0,0.405,9316.04,0.0,10214.41,60,40,0,mortgage,debt_consolidation,1
60,36618.59,2.1,12373.29,0.338,2,0,0.646,2624.64,4749.93,16276.04,60,37,0,rent,business,1
67,67351.31,7.3,30524.82,0.453,5,0,0.222,1477.73,0.0,5430.69,36,42,0,mortgage,debt_consolidation,1
24,88544.64,9.3,22186.02,0.251,7,1,0.318,6783.47,11883.9,8086.79,24,6,1,own,business,0
63,90138.45,2.7,18723.23,0.208,0,0,0.142,5040.11,9998.34,10973.67,36,42,0,mortgage,business,1
22,33813.5,3.8,12418.02,0.367,5,0,0.294,5536.39,5094.51,8676.68,12,0,0,mortgage,car,1
43,81560.36,3.4,19181.4,0.235,1,0,0.476,22580.75,7243.46,7382.22,24,25,0,rent,debt_consolidation,1
49,36693.88,14.1,11550.89,0.315,3,0,0.362,830.18,2971.37,6934.12,60,28,1,mortgage,medical,0
37,27595.36,16.6,4615.22,0.167,4,1,0.048,3428.15,3548.74,9842.92,12,12,0,rent,education,0
26,82640.97,7.6,16222.59,0.196,0,0,0.242,14854.78,646.79,4793.81,60,1,0,own,car,1
28,48480.04,5.7,3081.44,0.064,3,2,0.488,6856.61,3329.72,4645.0,60,9,0,mortgage,car,0
61,78545.31,4.0,34098.65,0.434,7,0,0.383,4347.51,4333.05,17980.15,24,39,1,rent,car,0
35,76105.94,7.0,15593.42,0.205,11,0,0.073,5037.31,3439.43,2239.64,36,14,0,mortgage,education,1
34,72772.12,4.2,39060.4,0.537,9,1,0.185,6199.49,2774.93,4995.06,48,14,0,own,car,1
66,59059.38,6.5,9312.02,0.158,3,1,0.749,2835.98,4404.02,11623.74,12,42,0,mortgage,education,1
26,37942.99,9.1,10312.07,0.272,11,1,0.055,3730.51,3892.26,14004.95,48,4,0,mortgage,business,1
65,52172.0,5.0,9491.76,0.182,5,0,0.057,10650.18,7357.92,3420.8,60,47,0,rent,home_improvement,1
65,90680.03,6.1,35163.94,0.388,4,0,0.099,11157.66,4754.07,14830.3,36,43,0,rent,medical,1
49,79254.36,6.1,35540.34,0.448,10,0,0.468,1354.97,3827.22,33722.45,60,31,0,mortgage,business,0
27,53067.01,5.4,14758.77,0.278,4,0,0.195,4131.31,0.0,16773.37,36,7,0,own,medical,1
26,52851.98,4.8,11335.25,0.214,8,4,0.404,13654.29,7393.58,7596.48,12,8,0,mortgage,home_improvement,0
33,70552.33,10.8,29259.34,0.415,1,2,0.066,3045.25,0.0,7594.67,60,10,0,mortgage,education,1
48,60479.48,0.0,7346.51,0.121,3,2,0.172,8537.49,5484.76,9252.89,36,23,0,own,education,1
26,53968.85,14.9,18226.21,0.338,11,1,0.236,1654.08,4387.41,4405.49,36,5,0,mortgage,car,1
42,68543.82,7.7,28022.15,0.409,2,1,0.137,8380.38,7963.72,6136.18,24,24,0,rent,car,1
24,67771.26,10.1,11027.26,0.163,10,1,0.269,4488.95,1537.57,7394.91,36,3,0,mortgage,education,1
46,46432.34,10.6,17064.84,0.368,5,1,0.561,10293.25,4428.43,12346.44,36,25,0,own,car,1
20,64472.38,3.5,26412.39,0.41,11,1,0.334,14232.2,9547.79,11838.53,48,0,0,own,education,0
55,66378.27,2.4,5458.34,0.082,4,0,0.217,1556.87,5196.91,4141.48,36,33,0,mortgage,car,1
21,57573.3,1.8,11035.13,0.192,5,0,0.294,4383.57,1316.02,7079.13,60,0,0,own,debt_consolidation,1
28,44844.42,5.8,10553.78,0.235,4,1,0.789,2739.51,0.0,3578.03,24,8,0,mortgage,business,0
27,51642.8,10.5,22271.34,0.431,2,0,0.616,7151.52,7287.51,15374.21,60,6,0,own,car,0
61,41966.59,4.1,13461.95,0.321,10,1,0.286,3052.63,1876.21,6837.61,48,36,0,mortgage,education,1
21,65061.72,10.0,16803.33,0.258,6,1,0.637,13382.94,3555.0,9650.28,48,0,0,mortgage,education,0
40,33871.39,0.0,6399.98,0.189,6,0,0.531,2328.59,6540.29,7934.47,48,16,0,rent,education,0
49,94037.36,5.1,2083.17,0.022,4,0,0.264,8858.97,10608.69,11610.06,36,26,0,mortgage,car,1
45,87056.81,12.8,2674.09,0.031,9,0,0.378,6420.05,10790.65,4068.11,12,22,0,mortgage,education,1
53,66912.97,6.1,9865.41,0.147,4,1,0.612,9310.16,9953.09,2752.11,48,34,0,rent,business,1
59,77633.77,2.9,6354.02,0.082,2,1,0.352,17948.01,0.0,3127.91,24,34,0,mortgage,medical,1
39,75836.4,3.7,6323.31,0.083,0,1,0.537,12108.2,10875.16,4130.23,12,17,0,mortgage,car,1
61,60789.31,0.0,20635.05,0.339,10,1,0.183,3944.26,9131.23,3673.06,24,43,0,rent,education,1
35,54462.77,1.9,18565.88,0.341,0,1,0.503,1645.56,2415.92,5132.63,60,15,0,own,car,0
69,52447.01,12.3,2293.47,0.044,10,0,0.566,2508.72,5468.49,5648.22,12,45,0,own,debt_consolidation,1
44,95296.48,4.1,31903.9,0.335,4,0,0.233,18488.79,10963.23,2303.71,12,21,0,own,medical,1
56,44332.52,4.7,4312.84,0.097,0,1,0.161,4285.73,1386.5,7953.13,24,34,0,mortgage,home_improvement,1
63,44609.77,0.0,9811.01,0.22,11,1,0.543,4634.19,5013.81,10094.14,12,43,0,rent,medical,0
59,80008.56,0.0,43567.26,0.545,8,1,0.12,12270.19,2792.69,3808.57,12,35,0,mortgage,home_improvement,1
62,77374.14,13.0,22954.03,0.297,8,0,0.218,6705.42,15186.16,8410.45,12,39,1,mortgage,home_improvement,1
46,53422.84,10.1,2036.46,0.038,6,0,0.581,8945.13,3993.35,4460.46,48,27,0,rent,home_improvement,1
21,69326.79,0.5,14160.61,0.204,9,0,0.222,5152.81,6587.5,14530.57,48,0,0,own,debt_consolidation,1
44,72421.26,3.8,27199.69,0.376,1,3,0.086,4522.77,0.0,9733.13,24,20,0,rent,business,1
28,37373.74,6.9,5196.33,0.139,2,0,0.518,1262.48,3231.58,16002.89,24,7,0,rent,medical,0
64,89053.99,1.0,47301.75,0.531,6,0,0.145,892.12,11369.17,18204.89,48,40,0,rent,business,1
31,72412.56,0.0,17770.45,0.245,8,0,0.297,7117.02,1588.51,1873.93,36,6,0,own,car,1
30,67332.91,6.2,2099.19,0.031,7,1,0.738,9868.18,2730.64,7914.63,24,11,0,rent,business,1
31,72605.55,9.9,22253.61,0.307,4,1,0.217,10588.23,2259.71,15283.46,24,6,0,own,education,1
51,64609.11,10.0,24446.83,0.378,8,0,0.253,12866.9,578.63,13311.76,36,27,0,own,car,1
48,56481.59,11.4,14779.84,0.262,0,1,0.201,4633.76,107.26,5004.49,60,23,0,rent,business,1
67,29944.21,0.0,15329.36,0.512,6,0,0.148,5903.76,3537.29,5887.22,24,44,0,rent,business,1
40,60969.6,7.3,30364.33,0.498,4,0,0.234,5485.75,206.22,7639.62,60,17,0,own,car,1
33,36334.29,5.7,3402.66,0.094,5,1,0.477,1209.2,0.0,16362.53,24,11,0,rent,medical,1
21,108795.58,6.6,6785.86,0.062,1,0,0.272,13077.96,4358.27,13301.88,36,0,1,rent,debt_consolidation,1
19,56169.1,5.9,10420.7,0.186,10,0,0.58,1980.96,3885.53,17474.2,36,0,0,rent,medical,1
38,108095.99,3.7,37002.37,0.342,10,0,0.459,8860.97,10342.99,14669.91,60,19,0,mortgage,medical,1
66,61314.33,0.0,20776.08,0.339,11,0,0.558,10772.26,1367.13,7939.24,48,45,0,mortgage,education,1
45,47693.81,12.8,7820.39,0.164,10,1,0.404,273.4,1776.81,22454.7,24,27,0,rent,education,1
64,88136.67,8.6,46190.96,0.524,7,1,0.203,8236.19,8259.53,3311.2,48,42,0,mortgage,debt_consolidation,1
24,66414.42,0.0,12146.25,0.183,3,1,0.511,3257.92,7431.25,7120.82,48,5,0,rent,education,0
23,123302.51,9.4,55020.75,0.446,1,0,0.454,21744.02,15886.45,7370.9,12,3,0,own,car,1
61,47303.4,4.8,21804.48,0.461,7,0,0.211,11604.33,4287.74,14345.23,12,41,0,own,education,1
24,89456.45,4.9,6456.12,0.072,11,0,0.353,6265.15,0.0,6031.75,24,6,0,own,home_improvement,1
21,120725.56,3.2,17294.3,0.143,4,0,0.221,16190.74,2765.53,20054.81,60,3,0,mortgage,car,1
39,91158.4,9.7,12219.92,0.134,11,0,0.487,2167.85,11792.69,11096.69,60,16,0,rent,medical,1
66,74482.54,3.0,37793.57,0.507,1,0,0.632,7998.43,11560.14,6554.29,36,45,0,own,medical,1
54,91432.41,1.5,18842.9,0.206,3,0,0.436,3495.15,5694.61,4052.47,24,34,1,rent,debt_consolidation,1
24,56596.37,12.7,26222.78,0.463,7,0,0.452,2411.28,3275.96,1603.54,48,3,0,rent,education,0
61,44262.18,6.1,12099.05,0.273,5,1,0.074,3438.37,735.58,1773.15,12,43,0,mortgage,education,0
62,49067.94,6.3,12871.8,0.262,9,0,0.3,2114.11,6755.8,7249.51,48,40,0,mortgage,debt_consolidation,1
59,59909.61,10.5,29883.71,0.499,4,1,0.575,6630.13,823.75,26866.73,48,34,0,mortgage,home_improvement,0
65,75804.49,3.7,19229.91,0.254,9,1,0.413,6589.31,12489.0,10863.18,48,40,0,mortgage,car,1
31,45245.82,4.7,18766.68,0.415,3,1,0.852,2350.71,2831.66,12553.02,60,12,0,rent,medical,0
68,52462.13,8.5,12849.03,0.245,1,0,0.952,2551.2,1241.82,4870.75,24,43,0,own,home_improvement,1
35,46401.38,0.0,3433.28,0.074,6,0,0.182,5753.69,0.0,5003.86,60,16,0,own,medical,0
59,80465.42,8.1,3873.62,0.048,6,0,0.356,11671.74,4276.24,2101.43,48,36,0,rent,business,1
48,107774.93,3.2,14050.33,0.13,6,1,0.32,10054.73,6504.68,14808.94,24,28,0,mortgage,debt_consolidation,1
58,41885.41,11.3,16871.53,0.403,0,1,0.39,5744.91,2124.73,1520.01,48,33,0,own,business,0
51,70438.5,9.7,15358.01,0.218,4,0,0.087,2428.67,4713.66,8784.89,12,28,0,rent,business,1
51,83997.05,9.1,21896.1,0.261,1,0,0.777,3306.22,11419.16,7713.33,12,32,0,rent,education,1
50,54952.87,0.0,4066.21,0.074,9,0,0.297,2947.73,5363.84,8040.57,24,30,0,rent,debt_consolidation,1
58,36927.68,6.5,12932.44,0.35,0,0,0.147,1177.97,2821.51,16439.98,12,36,0,mortgage,debt_consolidation,1
56,87842.58,1.1,39162.64,0.446,11,2,0.184,581.21,10870.6,8453.45,60,38,0,rent,car,0
25,36227.31,6.8,12718.76,0.351,0,1,0.166,2593.35,755.44,4707.87,48,0,0,mortgage,debt_consolidation,0
61,97001.91,0.0,52560.05,0.542,7,0,0.18,4479.88,9926.67,13357.79,60,39,0,rent,home_improvement,1
46,46088.11,0.0,1320.93,0.029,4,0,0.359,2878.5,4672.61,14464.24,24,21,0,mortgage,home_improvement,1
35,34618.3,12.9,979.87,0.028,1,1,0.584,1462.4,4903.74,4997.46,12,12,0,rent,medical,1
45,50252.53,8.8,14322.12,0.285,4,2,0.608,3012.64,0.0,4392.63,48,20,0,rent,home_improvement,1
68,58324.11,5.2,9401.63,0.161,0,0,0.291,5037.52,1362.32,6033.01,36,46,0,rent,home_improvement,1
62,62399.59,2.5,23952.12,0.384,8,0,0.398,8282.84,1632.3,5617.01,60,38,0,mortgage,home_improvement,1
61,72452.81,1.6,31908.32,0.44,10,0,0.278,13640.37,6562.49,10991.04,24,38,0,own,home_improvement,1
42,64287.4,8.0,4775.98,0.074,3,1,0.29,4436.03,5005.81,6326.14,24,24,0,own,home_improvement,1
58,104468.92,5.3,52881.05,0.506,5,0,0.113,4748.62,9930.24,8948.47,24,36,0,own,medical,1
38,57415.42,14.7,2058.87,0.036,1,0,0.212,976.02,0.0,26325.81,60,14,0,mortgage,business,1
53,65437.34,6.1,25183.83,0.385,5,0,0.397,19856.01,9179.32,7261.69,60,28,0,mortgage,car,1
51,63595.36,7.3,14231.71,0.224,11,0,0.439,9092.08,4986.96,5809.52,36,33,0,own,medical,1
31,33387.69,0.1,12478.41,0.374,6,3,0.68,3210.78,3148.29,17028.78,24,8,0,mortgage,home_improvement,0
32,39438.44,5.2,2829.6,0.072,10,0,0.651,1003.7,3359.47,27443.0,36,8,0,rent,debt_consolidation,1
22,59990.2,7.9,30994.09,0.517,9,0,0.538,490.34,2116.19,17878.97,12,1,0,own,car,1
26,68121.62,5.1,35207.05,0.517,1,0,0.523,1109.05,6305.87,7600.41,24,7,0,mortgage,home_improvement,1
41,29590.79,4.6,8737.64,0.295,0,0,0.448,1635.52,2085.5,13151.22,36,16,0,rent,education,1
43,106259.52,8.6,30823.74,0.29,4,0,0.835,5030.89,7418.4,19231.78,60,20,1,own,business,0
27,69989.45,14.6,24947.62,0.356,11,0,0.619,3102.99,6391.87,5710.79,12,7,0,own,car,1
40,58867.6,7.7,19275.4,0.327,2,0,0.202,2948.41,3622.75,9155.03,48,16,0,mortgage,business,1
49,68890.13,12.7,21223.65,0.308,0,0,0.272,10964.84,0.0,5269.73,24,31,0,rent,debt_consolidation,1
30,49320.88,10.1,16387.91,0.332,11,1,0.6,1245.12,2840.47,3688.03,48,11,0,rent,home_improvement,1
36,62626.37,12.4,29752.16,0.475,2,0,0.151,2072.97,9263.55,11910.65,36,17,0,rent,education,1
37,65971.23,4.0,22685.22,0.344,4,1,0.421,2256.78,2572.59,7094.81,60,19,0,own,debt_consolidation,1
44,88213.3,6.0,10920.12,0.124,9,0,0.444,4765.64,6295.86,4256.45,12,21,0,own,education,1
37,55722.51,6.0,28104.95,0.504,1,0,0.864,934.17,6039.44,4267.41,12,13,0,mortgage,medical,0
56,36526.71,9.7,4911.35,0.134,2,0,0.818,4306.96,6305.69,14222.55,48,35,0,own,car,0
35,43895.3,11.0,4720.31,0.108,8,0,0.311,1976.26,2365.06,11934.11,12,13,0,own,medical,0
41,54251.33,7.6,29753.63,0.548,0,2,0.045,3937.53,287.92,12360.31,60,16,0,rent,business,0
38,37754.41,11.4,5025.52,0.133,8,0,0.521,3138.26,3786.49,5710.24,12,18,0,rent,car,1
28,42386.55,4.2,3096.32,0.073,6,0,0.024,2623.51,1104.31,16592.51,24,7,0,own,business,1
53,44024.5,11.4,13993.8,0.318,2,1,0.047,6370.41,3585.03,14970.02,60,32,0,mortgage,debt_consolidation,1
31,53054.91,12.1,24321.04,0.458,7,0,0.311,9797.83,5144.63,17197.51,36,13,0,rent,car,1
34,69678.19,10.4,3637.05,0.052,3,0,0.048,1932.76,2975.13,3668.08,60,16,0,mortgage,medical,1
59,52238.11,7.7,14613.88,0.28,11,1,0.218,2256.49,2771.93,10591.7,48,38,0,rent,medical,1
67,71286.14,10.6,4013.85,0.056,4,0,0.583,2574.5,7672.36,10566.43,36,43,0,rent,education,1
53,58885.8,2.5,14556.94,0.247,8,0,0.272,1285.62,7142.7,5260.84,60,29,0,mortgage,car,1
65,42838.69,8.0,8666.22,0.202,3,1,0.412,5532.88,2950.62,7645.94,48,40,0,rent,education,1
62,66345.62,8.5,6148.82,0.093,10,2,0.189,7329.83,4982.35,9758.81,48,42,0,own,medical,1
43,62894.97,0.4,32292.87,0.513,3,2,0.642,2791.75,658.5,16810.97,60,24,0,rent,home_improvement,1
58,71931.01,9.4,25642.69,0.356,6,1,0.493,3086.81,5220.07,8937.08,12,35,0,mortgage,car,1
35,76994.99,0.8,35942.79,0.467,9,0,0.138,7251.79,3625.25,11408.47,24,13,0,rent,debt_consolidation,0
42,89209.07,4.9,44617.97,0.5,11,0,0.321,5827.67,6298.1,2875.55,36,24,0,rent,business,1
46,70474.06,7.2,36153.07,0.513,9,2,0.48,6733.45,9695.64,6473.7,24,22,0,mortgage,business,1
67,62201.86,3.3,25907.12,0.417,8,1,0.138,3146.3,644.33,6930.48,24,44,0,rent,debt_consolidation,1
62,72044.38,7.4,13161.26,0.183,8,1,0.137,6385.93,9036.83,15542.59,60,42,0,mortgage,medical,1
43,50563.84,7.3,23225.71,0.459,4,0,0.154,7567.79,3863.29,3107.45,12,24,0,rent,home_improvement,1
52,49355.76,2.9,14594.35,0.296,8,0,0.829,3598.52,3223.9,15755.01,12,27,0,own,business,1
29,93564.95,9.8,15342.46,0.164,6,0,0.232,20340.52,2173.51,3615.13,36,7,0,mortgage,debt_consolidation,1
60,48891.11,3.2,10974.1,0.224,6,0,0.194,4745.89,3942.73,5438.98,36,40,0,mortgage,medical,1
47,44382.0,18.4,7973.16,0.18,3,0,0.142,432.83,7777.51,10234.49,60,24,0,own,education,1
46,70461.17,6.5,18819.34,0.267,4,0,0.191,4808.88,0.0,7400.0,36,21,0,mortgage,car,1
58,50702.78,1.1,22010.46,0.434,1,1,0.279,6212.23,0.0,6653.49,60,35,0,rent,business,1
51,76723.49,2.1,21250.85,0.277,8,0,0.111,8074.14,4436.72,6219.37,24,33,0,own,education,1
22,86853.04,12.7,14067.16,0.162,0,1,0.804,10509.43,7210.29,9723.05,60,1,0,mortgage,home_improvement,1
33,46334.27,5.0,3073.06,0.066,1,2,0.142,4006.79,5265.57,9744.46,36,15,0,rent,education,1
28,73349.72,0.2,34734.81,0.474,3,0,0.33,15399.84,6548.09,5794.8,12,7,0,own,business,0
56,48516.51,11.3,11702.44,0.241,1,0,0.097,6417.61,0.0,6289.26,60,35,0,own,education,1
20,54631.0,4.9,13888.23,0.254,8,0,0.162,4443.9,5325.01,7644.74,24,0,0,mortgage,home_improvement,0
29,65322.47,10.3,27747.19,0.425,1,1,0.185,6356.29,3791.27,8612.13,48,11,0,rent,debt_consolidation,1
49,49390.65,11.7,23231.14,0.47,5,0,0.914,14119.33,5479.02,1401.58,60,24,0,rent,home_improvement,0
54,63352.89,8.4,18429.79,0.291,8,0,0.306,12547.31,1952.06,5082.32,48,30,0,rent,education,0
44,56105.86,19.0,19926.28,0.355,7,0,0.147,3747.46,0.0,5589.23,24,24,0,rent,education,1
62,77321.73,0.0,11347.2,0.147,7,0,0.504,7653.76,3411.02,7427.06,24,39,0,mortgage,car,0
65,77390.91,2.9,39901.67,0.516,4,0,0.62,16146.43,7059.48,9632.56,12,41,0,own,business,1
25,49468.72,5.7,15879.37,0.321,5,0,0.465,1631.77,4245.13,5310.62,24,7,0,own,debt_consolidation,1
67,65819.09,18.3,26419.16,0.401,9,2,0.164,3710.95,4443.54,7132.48,36,42,0,rent,debt_consolidation,1
50,81432.49,16.0,6558.0,0.081,5,0,0.073,12745.36,2938.78,2112.13,24,32,1,rent,car,1
51,42169.72,13.4,15078.55,0.358,8,0,0.53,1755.15,2533.07,17268.47,60,29,0,own,education,0
23,55991.5,3.0,12068.6,0.216,9,1,0.519,3708.45,7881.06,3323.33,36,2,0,rent,car,0
50,64858.61,3.6,16768.11,0.259,2,1,0.074,6154.8,12600.33,21582.91,36,29,0,own,home_improvement,1
56,41609.61,2.9,15875.98,0.382,1,0,0.062,5885.24,3659.39,9221.77,12,31,0,mortgage,business,1
48,51345.35,3.1,22697.39,0.442,5,0,0.43,1282.64,6054.91,13191.89,60,30,0,mortgage,education,1
23,100418.83,14.5,20602.29,0.205,4,1,0.208,14901.24,3042.48,7854.57,60,0,0,rent,car,1
45,48844.6,5.8,23582.93,0.483,1,3,0.416,4324.92,6561.31,9813.74,48,21,0,rent,car,1
66,50563.95,6.4,6879.98,0.136,9,4,0.45,4707.12,2488.08,9746.6,60,46,0,rent,home_improvement,1
55,34620.27,10.9,11020.88,0.318,7,1,0.577,607.52,115.21,13936.46,48,36,0,mortgage,business,1
26,70197.0,0.0,7031.68,0.1,7,1,0.311,5425.16,8724.14,10550.82,60,6,0,mortgage,education,1
67,40058.02,7.3,6942.15,0.173,8,1,0.635,1148.91,2850.08,3097.01,36,44,1,own,medical,0
67,56389.57,1.5,27888.48,0.495,5,2,0.39,12537.85,7689.03,2508.59,24,44,0,mortgage,debt_consolidation,1
27,44517.04,5.5,1163.01,0.026,6,0,0.434,2768.44,4807.17,4160.06,36,5,1,own,car,0
59,63312.86,4.1,31990.34,0.505,2,2,0.316,12047.66,125.62,7925.17,48,39,0,rent,car,1
39,23465.83,3.8,4553.62,0.194,8,2,0.124,2144.11,1780.99,14280.14,60,14,0,mortgage,business,1
49,60431.13,8.1,23493.91,0.389,11,0,0.415,11626.06,1319.01,5275.18,60,26,0,mortgage,car,1
41,65457.22,8.1,4491.07,0.069,10,0,0.717,753.71,8500.02,3091.16,12,23,0,mortgage,home_improvement,0
58,51771.81,5.9,18631.32,0.36,4,2,0.374,2041.17,3674.6,3986.93,36,40,0,mortgage,business,0
69,52816.93,8.9,26514.86,0.502,0,1,0.61,9662.64,1782.76,22366.75,48,46,0,rent,business,1
59,49731.2,2.7,15628.38,0.314,10,0,0.474,12584.91,0.0,13598.12,36,35,0,rent,education,0
66,56147.74,10.4,11899.08,0.212,6,1,0.479,3887.27,7017.15,3943.56,12,43,0,mortgage,car,1
67,94013.74,6.0,41422.09,0.441,9,0,0.731,4833.93,4656.89,6545.37,12,48,0,rent,medical,0
23,78153.87,4.6,31085.27,0.398,3,1,0.263,1818.2,4187.2,8471.79,48,0,0,mortgage,home_improvement,0
31,56130.02,3.0,4623.83,0.082,10,0,0.444,840.96,5099.82,10518.0,60,11,0,mortgage,car,1
55,51351.2,5.8,19144.85,0.373,10,0,0.652,697.06,1152.56,31366.56,48,32,0,rent,debt_consolidation,1
49,75624.84,16.4,28152.68,0.372,0,0,0.254,6234.85,0.0,7944.53,48,26,0,own,debt_consolidation,1
21,61963.4,6.7,25932.81,0.419,6,1,0.607,4870.43,4728.89,4749.56,36,1,1,mortgage,car,1
23,41292.02,1.3,7748.14,0.188,5,0,0.478,1177.43,830.57,17682.63,60,4,0,rent,medical,1
45,54030.48,11.6,12571.67,0.233,7,1,0.243,2439.32,3394.51,23936.25,24,22,0,rent,education,1
50,90413.18,4.6,47812.31,0.529,3,1,0.236,5720.81,2115.45,7329.59,24,25,0,own,medical,1
27,69259.03,8.4,22435.23,0.324,1,2,0.33,742.35,0.0,10901.2,48,5,0,own,car,0
27,51531.36,4.0,14918.72,0.29,3,0,0.204,4888.91,0.0,7837.2,48,7,0,rent,business,1
25,35770.24,13.4,19424.32,0.543,6,2,0.412,3719.36,2565.33,11048.58,60,5,0,mortgage,car,0
47,63207.85,4.0,8954.38,0.142,3,0,0.115,7795.34,7679.24,12801.04,24,25,0,mortgage,home_improvement,1
19,58990.88,14.0,13621.38,0.231,5,2,0.303,6803.95,6817.29,9677.69,12,0,0,own,education,1
48,55566.94,1.8,23490.28,0.423,4,0,0.097,4053.54,3773.52,16433.54,12,24,0,mortgage,home_improvement,1
43,75914.76,5.5,30209.77,0.398,8,0,0.066,16754.99,10469.0,9562.81,60,19,1,mortgage,home_improvement,1
42,69547.71,14.0,37023.82,0.532,4,2,0.448,3712.89,2773.86,4639.89,60,17,0,rent,home_improvement,0
53,36130.29,7.8,13251.84,0.367,1,2,0.071,4107.09,3887.9,15626.14,48,32,0,own,education,1
45,59098.78,18.4,10988.85,0.186,7,0,0.844,1591.86,2485.78,16363.87,12,20,0,rent,business,1
56,38781.59,5.7,8949.07,0.231,2,0,0.435,1067.75,1177.86,1606.34,48,33,1,rent,debt_consolidation,1
57,49995.98,8.3,3377.12,0.068,3,0,0.56,5369.39,5356.96,25262.85,48,32,1,mortgage,car,1
65,37912.81,16.5,19319.29,0.51,8,0,0.525,1325.02,3347.64,4338.23,48,47,0,rent,medical,1
59,38320.34,0.0,3379.63,0.088,3,2,0.408,4080.38,3760.94,7351.86,36,36,0,own,education,1
45,65755.24,0.0,20333.03,0.309,0,1,0.1,7286.7,0.0,6457.1,12,20,0,mortgage,debt_consolidation,0
44,63601.52,3.0,14802.58,0.233,4,0,0.282,15032.01,7512.41,5043.61,60,26,0,mortgage,business,1
31,57668.12,11.1,5255.79,0.091,4,0,0.515,1452.07,5797.08,10155.55,36,6,0,rent,medical,1
49,48625.2,0.0,8523.31,0.175,8,3,0.455,1035.91,2262.31,3470.59,36,30,0,rent,car,0
26,37081.85,10.0,13193.41,0.356,8,1,0.697,3181.49,3553.0,8812.55,60,5,0,rent,business,1
66,50070.07,9.6,1830.73,0.037,0,1,0.384,8975.93,6082.31,13357.18,48,43,0,own,debt_consolidation,1
62,63695.23,17.1,33884.23,0.532,9,1,0.565,5263.82,1902.59,8117.4,24,44,0,rent,debt_consolidation,1
25,63215.08,12.2,31722.64,0.502,8,0,0.288,26105.95,1908.96,17776.98,48,2,1,own,medical,1
59,89743.24,8.8,5818.84,0.065,2,0,0.352,9407.69,4688.33,3401.69,36,36,0,rent,medical,1
24,85174.68,13.8,40903.21,0.48,4,0,0.42,8456.25,0.0,6354.4,24,1,0,own,car,1
55,58410.94,9.7,11340.06,0.194,9,1,0.51,3673.77,4858.14,4688.69,36,35,1,rent,car,1
23,49904.09,4.7,2783.52,0.056,6,2,0.439,5840.08,5599.65,12665.14,60,4,0,rent,education,1
43,44867.61,1.3,8176.67,0.182,4,1,0.493,7863.1,4270.05,8428.92,60,20,0,rent,home_improvement,0
52,35391.13,4.2,15880.37,0.449,9,0,0.424,3244.3,3207.47,6623.54,12,32,1,own,education,0
56,40045.4,6.8,14932.56,0.373,7,0,0.223,6552.9,4718.99,13574.33,12,37,0,own,home_improvement,1
40,100706.66,7.9,14747.14,0.146,6,0,0.171,9153.57,6209.06,20287.43,12,17,0,own,education,1
66,63726.25,0.0,25564.65,0.401,0,1,0.124,1483.43,0.0,10883.13,12,46,0,mortgage,business,1
58,71157.06,5.9,28117.37,0.395,7,0,0.495,1320.67,5204.31,14856.47,48,37,0,mortgage,medical,1
29,53073.91,7.1,21957.55,0.414,2,0,0.492,7124.7,6991.77,1380.47,48,5,0,own,car,0
53,121701.35,9.7,37307.31,0.307,11,0,0.071,11391.42,10311.56,11139.8,36,30,0,rent,business,1
56,40163.18,15.1,18235.74,0.454,2,1,0.608,6869.03,1930.67,28604.68,48,36,0,mortgage,car,1
36,34387.25,7.9,12376.73,0.36,0,5,0.592,4736.83,3640.73,11079.4,24,17,0,mortgage,car,0
56,120884.04,2.5,10451.83,0.086,4,0,0.437,2228.71,10392.74,11340.0,24,31,0,rent,business,1
64,36550.28,0.0,16427.0,0.449,4,2,0.414,2014.78,2042.33,10128.25,48,42,0,own,car,1
60,52841.67,10.4,10124.31,0.192,4,0,0.522,1905.73,3837.39,7546.78,36,39,0,rent,education,1
57,46026.95,2.7,18119.36,0.394,11,2,0.165,3678.55,2338.06,6791.9,48,39,0,mortgage,car,0
51,65283.05,11.3,24665.23,0.378,3,0,0.639,4848.07,6359.12,7976.44,24,30,0,mortgage,car,1
32,51575.67,14.0,10213.72,0.198,10,1,0.121,848.99,1117.74,10717.98,60,14,0,rent,car,1
59,71232.3,0.0,7528.71,0.106,1,1,0.165,3612.26,5923.98,4259.59,48,39,0,own,car,1
37,76442.78,9.8,29684.86,0.388,7,0,0.323,3890.55,8418.64,7928.17,12,17,0,own,education,0
46,35290.27,13.5,16585.8,0.47,1,0,0.073,3930.17,2772.5,14664.22,48,27,0,mortgage,debt_consolidation,1
35,44413.52,12.1,20619.54,0.464,2,1,0.146,3420.19,3514.45,8000.51,60,17,0,own,home_improvement,1
34,73290.91,0.0,25801.89,0.352,1,1,0.418,3266.61,5142.63,6666.85,60,9,0,own,car,0
27,81653.17,2.7,11474.38,0.141,3,1,0.163,3149.86,7626.13,10670.54,48,6,0,rent,business,0
68,61424.04,0.6,11522.61,0.188,5,1,0.628,985.24,2991.53,2653.92,12,46,0,rent,car,1
26,66880.01,9.6,28086.44,0.42,10,2,0.064,8955.59,4022.16,7498.93,60,6,0,own,car,1
23,91775.32,9.1,21819.82,0.238,9,0,0.368,12525.75,1983.88,4034.15,48,2,0,mortgage,medical,1
66,51781.02,0.0,21138.23,0.408,8,0,0.42,9433.39,2753.25,9364.3,36,45,0,rent,education,1
47,61204.13,5.5,11262.08,0.184,5,1,0.51,2955.33,0.0,6051.17,60,28,0,rent,debt_consolidation,1
41,85207.9,11.0,1989.49,0.023,3,0,0.534,18784.73,5802.09,10842.91,60,23,0,mortgage,car,1
56,87081.23,7.7,29594.53,0.34,3,1,0.404,11804.48,8487.55,7602.79,12,36,0,rent,education,1
38,56285.47,7.7,19051.82,0.338,1,0,0.589,8327.96,3563.82,11716.33,48,17,0,rent,debt_consolidation,0
25,44850.16,5.2,15814.34,0.353,7,0,0.457,2674.28,5055.82,8803.54,60,0,0,own,business,1
56,56084.42,1.7,9093.44,0.162,9,1,0.661,3158.26,7483.65,3829.53,60,37,0,mortgage,business,0
27,57829.55,6.9,26015.64,0.45,6,2,0.501,7162.28,3808.83,4092.63,48,8,0,mortgage,car,1
47,44347.67,7.3,12344.5,0.278,6,0,0.586,8274.05,746.9,3238.68,48,26,1,own,education,0
67,46379.71,10.1,19668.04,0.424,4,2,0.368,10251.88,5623.07,9953.7,24,42,0,mortgage,medical,1
66,87124.16,10.5,29960.21,0.344,11,0,0.424,17460.7,9681.9,6504.99,36,47,0,rent,car,1
37,67908.74,7.4,16333.24,0.241,10,0,0.286,7438.32,6051.63,6724.36,24,15,0,own,business,1
58,52924.11,12.5,20121.86,0.38,4,0,0.043,1423.76,2140.44,13653.83,24,35,0,mortgage,education,1
50,40905.4,5.1,13283.54,0.325,9,0,0.667,5860.35,3500.01,15011.4,48,25,0,own,home_improvement,1
43,46552.48,0.0,13531.73,0.291,4,1,0.327,1786.4,2378.59,8874.95,36,24,0,mortgage,business,1
26,33598.98,9.4,12221.2,0.364,1,1,0.412,9149.84,1007.36,3812.48,12,5,0,own,car,0
38,61949.29,7.6,4060.63,0.066,3,2,0.616,12114.63,5242.43,9023.75,48,20,0,own,debt_consolidation,0
52,45759.6,9.5,22991.38,0.502,10,0,0.384,3765.31,824.05,16101.37,24,32,0,rent,debt_consolidation,0
69,63553.15,0.7,12557.69,0.198,5,0,0.178,5668.45,6638.79,5101.77,24,44,0,own,education,1
19,73037.03,16.0,10158.52,0.139,10,0,0.287,9175.86,5897.36,13763.91,36,0,0,rent,education,1
55,63858.72,10.6,27398.72,0.429,3,2,0.204,5557.8,3901.3,15263.62,12,32,0,rent,business,0
62,50859.78,5.6,7249.94,0.143,5,1,0.141,6689.78,3284.89,16695.35,48,40,0,own,business,1
67,43652.45,2.3,23910.97,0.548,0,0,0.659,3537.7,567.84,9461.4,12,43,0,rent,business,1
40,39120.73,12.4,9500.9,0.243,9,0,0.508,2187.39,626.26,10797.36,48,21,0,rent,medical,1
25,84153.41,1.5,14912.9,0.177,3,0,0.702,3247.35,12901.44,5376.61,48,7,0,mortgage,business,1
32,62948.21,18.3,3329.61,0.053,1,0,0.6,3687.67,3721.59,5795.98,24,9,0,own,debt_consolidation,0
62,51770.86,3.9,2182.46,0.042,2,0,0.497,4936.08,0.0,7569.3,60,39,0,mortgage,medical,1
63,69788.94,15.6,4914.85,0.07,7,1,0.305,2493.11,7857.73,1668.78,36,42,0,rent,home_improvement,1
51,79457.29,6.1,1801.09,0.023,9,0,0.683,12527.26,1227.61,3313.45,12,29,0,own,debt_consolidation,1
25,46053.58,14.9,8904.81,0.193,11,0,0.519,4414.44,4397.99,10762.94,12,7,0,rent,debt_consolidation,1
25,62328.3,3.3,11502.12,0.185,2,0,0.165,4236.94,8749.39,15668.71,24,0,0,rent,medical,1
43,62740.16,7.1,15556.34,0.248,7,0,0.202,2149.85,3501.63,5858.86,12,24,0,own,home_improvement,1
49,90377.19,11.0,12964.53,0.143,5,0,0.208,15203.12,11256.85,2922.2,36,26,1,mortgage,medical,1
20,51542.59,10.3,2744.79,0.053,8,0,0.366,11041.83,5327.37,9868.43,12,0,0,own,business,0
53,43173.74,12.5,2491.82,0.058,8,1,0.798,269.27,6274.48,6311.67,48,34,0,rent,medical,0
46,64574.15,4.6,7525.32,0.117,0,1,0.489,5827.54,6183.55,7129.65,36,28,0,own,home_improvement,1
19,71714.31,7.4,13467.41,0.188,1,2,0.35,13575.37,2885.35,7342.08,48,0,0,mortgage,business,0
23,60667.53,13.2,5971.86,0.098,7,0,0.213,7682.36,0.0,5281.32,12,0,0,own,medical,1
42,92562.51,3.5,19763.25,0.214,6,0,0.224,1733.54,2505.09,4365.29,60,23,0,rent,car,1
55,51491.28,9.9,26197.56,0.509,10,0,0.393,3330.51,2139.74,21588.33,48,33,0,mortgage,car,0
61,61156.86,5.9,9702.51,0.159,10,1,0.608,1875.71,7112.54,13177.13,36,39,0,mortgage,business,0
40,36095.39,8.0,3943.48,0.109,0,0,0.743,1272.45,4597.65,12385.47,60,21,0,own,medical,1
34,42446.97,7.4,15804.34,0.372,7,0,0.491,3569.21,503.65,842.4,36,13,0,mortgage,debt_consolidation,0
68,46144.61,3.1,12928.2,0.28,4,1,0.494,5350.46,5897.87,4028.25,36,47,0,own,home_improvement,1
42,54191.78,5.7,2441.05,0.045,5,0,0.081,2718.93,1517.19,11867.83,60,17,0,rent,home_improvement,1
35,37786.63,7.7,16533.08,0.438,0,2,0.193,2949.46,944.61,2893.82,60,11,0,own,education,1
41,69461.82,6.5,27724.42,0.399,10,0,0.48,8043.39,0.0,8083.65,24,17,0,rent,car,1
19,44887.36,14.9,24147.97,0.538,1,1,0.711,867.12,3750.55,8274.95,48,0,0,mortgage,medical,0
34,113424.19,12.0,58674.62,0.517,11,1,0.887,3953.35,4240.06,6041.46,24,16,0,rent,business,0
45,45372.31,8.4,14957.05,0.33,11,1,0.61,1841.32,6003.56,10090.96,12,25,0,own,business,1
65,59111.49,3.2,22674.65,0.384,9,1,0.094,3518.29,1256.74,5439.54,24,40,0,mortgage,debt_consolidation,1
56,56738.84,2.9,13449.3,0.237,1,0,0.126,3730.37,5859.82,5439.66,12,35,0,mortgage,business,1
58,41361.24,16.9,20303.72,0.491,4,1,0.304,3546.58,250.24,3745.76,24,34,0,mortgage,medical,1
46,54258.28,2.0,16982.23,0.313,0,1,0.721,2731.71,6416.62,16765.8,24,28,0,rent,car,1
24,54045.19,7.6,10405.98,0.193,7,0,0.314,6593.7,3919.5,4183.1,36,6,0,own,business,1
38,76468.21,8.8,1914.04,0.025,10,0,0.483,4128.02,6218.0,5786.76,60,17,0,rent,medical,0
69,65366.45,5.4,21624.42,0.331,6,1,0.831,1770.92,3186.34,7642.19,24,44,0,mortgage,business,1
21,69124.3,2.0,20632.22,0.298,0,0,0.691,3137.85,3173.74,6339.11,24,0,0,rent,medical,0
63,75901.61,3.1,34178.11,0.45,3,0,0.538,2316.84,6945.4,16861.98,60,40,0,rent,education,1
53,69494.79,4.3,8277.7,0.119,2,0,0.418,591.29,10917.08,13565.25,24,34,0,mortgage,education,1
33,62159.73,3.5,28106.31,0.452,5,2,0.303,15727.22,881.65,7446.16,60,13,1,own,car,0
58,46014.71,13.6,1293.03,0.028,4,1,0.466,384.88,2283.93,7434.9,48,39,0,mortgage,home_improvement,1
61,60877.0,7.0,20167.09,0.331,9,3,0.233,3459.42,2193.8,4829.73,60,43,0,mortgage,debt_consolidation,1
21,43380.61,4.4,9991.93,0.23,2,0,0.469,3341.74,0.0,1323.81,60,3,0,rent,education,1
24,55566.7,7.5,10874.73,0.196,3,0,0.752,4158.56,0.0,2821.47,48,0,0,own,education,0
52,53278.7,10.3,13300.86,0.25,2,0,0.077,384.0,1600.53,16512.74,48,34,0,mortgage,education,1
69,54348.75,5.3,7527.49,0.139,10,0,0.074,4544.72,2547.33,10851.48,48,50,0,rent,home_improvement,1
20,37897.99,11.5,4442.24,0.117,3,1,0.472,6358.51,5209.88,5497.72,60,0,0,own,car,1
52,23564.75,0.6,10526.53,0.447,11,0,0.185,450.95,2736.63,9981.57,12,31,1,own,debt_consolidation,1
25,50208.49,12.9,7064.93,0.141,7,2,0.307,4124.0,1287.64,25199.86,12,0,0,own,debt_consolidation,0
52,81868.76,7.0,33614.91,0.411,3,0,0.784,6843.31,8621.49,11610.58,36,27,0,own,education,0
50,58832.25,6.8,23357.64,0.397,7,2,0.338,4058.6,1570.78,3645.8,24,25,0,own,car,0
23,79818.57,3.5,3009.34,0.038,1,0,0.601,22148.39,4970.74,6922.03,48,0,0,rent,home_improvement,1
53,43467.67,0.9,21167.38,0.487,10,2,0.307,2931.93,3601.55,10231.6,24,35,0,mortgage,car,0
64,49437.68,0.0,21671.41,0.438,11,0,0.49,2316.44,8511.53,15550.96,60,42,1,own,car,1
63,115976.19,3.2,51251.69,0.442,3,0,0.38,1614.4,9290.52,8075.96,12,39,0,mortgage,home_improvement,1
20,44264.3,9.9,19868.97,0.449,2,1,0.593,8197.77,0.0,7062.29,12,0,0,mortgage,car,0
31,68678.0,2.2,22578.11,0.329,5,1,0.157,2064.47,7134.03,5438.36,48,7,1,rent,home_improvement,0
31,68642.43,0.0,37512.53,0.546,9,0,0.557,6323.01,8479.14,3047.45,36,8,0,mortgage,medical,1
42,66159.66,2.5,7605.1,0.115,7,0,0.064,13203.35,7350.08,12264.53,60,20,0,own,home_improvement,1
26,68965.49,5.1,4023.31,0.058,0,0,0.381,7507.88,1169.34,6871.88,36,4,0,own,debt_consolidation,1
62,44070.85,5.3,17329.05,0.393,0,1,0.276,779.2,3212.02,2984.25,60,42,0,own,business,1
58,50960.41,6.4,8958.16,0.176,2,1,0.905,6456.81,3351.7,4923.05,12,39,0,rent,car,0
60,25111.88,12.2,8597.39,0.342,9,4,0.583,1109.91,3895.92,9114.56,36,42,0,own,debt_consolidation,0
29,91451.28,13.2,20814.48,0.228,3,0,0.141,10929.03,8916.84,8199.98,60,5,0,mortgage,debt_consolidation,1
19,68828.78,17.0,13543.29,0.197,10,0,0.544,17318.49,10496.55,11237.57,12,0,0,mortgage,education,1
65,46161.02,0.0,22776.85,0.493,3,1,0.566,5167.49,1440.18,5739.25,60,47,0,rent,car,0
33,43611.8,2.7,4155.47,0.095,10,0,0.326,3205.16,2434.87,7610.15,60,14,0,rent,home_improvement,1
52,82359.44,10.5,9896.51,0.12,11,0,0.58,3252.96,3276.95,2528.37,12,33,0,rent,debt_consolidation,1
65,45167.96,4.7,16890.81,0.374,8,1,0.262,1289.53,5221.5,5216.2,36,43,0,rent,medical,1
20,46116.68,11.3,20050.54,0.435,2,0,0.551,5102.91,5702.14,13710.6,24,1,0,mortgage,debt_consolidation,1
19,40831.94,8.0,18826.53,0.461,0,1,0.364,7812.54,3519.99,8863.8,12,1,0,rent,debt_consolidation,0
19,73095.41,14.9,10416.78,0.143,2,1,0.901,7482.64,5219.4,6447.41,36,0,0,own,car,0
26,79417.67,12.2,38717.71,0.488,7,1,0.337,6559.06,6953.61,12012.43,24,8,1,mortgage,business,0
21,53381.45,12.3,18313.14,0.343,8,0,0.805,4365.19,0.0,9512.36,24,3,0,rent,home_improvement,0
60,79594.32,4.9,36319.35,0.456,11,1,0.168,5660.61,3669.74,14266.57,60,42,1,rent,debt_consolidation,1
49,64325.89,6.5,3622.62,0.056,11,2,0.37,11360.43,3224.3,3525.38,48,24,0,rent,education,1
68,40094.7,5.5,8385.97,0.209,3,1,0.091,5333.48,2645.72,9842.96,24,43,0,rent,medical,1
59,89097.21,0.0,26566.82,0.298,4,0,0.611,19000.51,3035.21,8707.41,60,37,0,mortgage,debt_consolidation,1
68,40703.04,14.4,13260.53,0.326,9,0,0.652,8100.09,985.06,13389.79,60,47,0,mortgage,business,1
31,54607.31,10.7,3959.46,0.073,9,2,0.517,16790.93,0.0,4908.36,36,6,0,rent,education,1
33,53430.66,5.3,16322.47,0.305,3,1,0.297,8075.89,4716.36,10486.05,48,15,0,mortgage,debt_consolidation,1
62,50464.26,13.5,18808.42,0.373,0,0,0.121,6835.33,0.0,688.67,60,44,0,rent,medical,1
31,30534.74,3.8,6462.54,0.212,1,2,0.809,2274.06,3561.57,12910.47,24,10,0,mortgage,business,1
21,106909.63,0.0,30511.13,0.285,9,1,0.149,9057.65,8858.9,11185.52,12,2,0,mortgage,home_improvement,1
53,31688.07,12.0,5547.32,0.175,4,1,0.351,5169.62,3517.0,4060.84,12,32,0,mortgage,medical,1
59,91057.58,0.6,43831.94,0.481,8,1,0.637,5516.77,2010.41,7616.77,24,35,0,mortgage,medical,1
68,43161.32,6.0,14570.38,0.338,9,0,0.306,7853.5,6899.6,3586.39,12,50,0,mortgage,medical,1
66,47488.06,8.0,14824.59,0.312,10,1,0.189,3506.51,8436.34,3465.63,48,42,0,rent,business,1
25,87891.35,8.9,45748.28,0.521,5,0,0.428,7783.77,5991.46,8713.5,60,0,0,mortgage,debt_consolidation,1
58,66583.87,11.2,24796.75,0.372,7,1,0.403,15941.95,5748.7,12548.84,36,38,0,mortgage,home_improvement,1
62,36455.39,9.9,6135.68,0.168,2,2,0.23,5025.52,2407.03,12043.19,60,37,0,mortgage,medical,1
54,36234.72,9.7,13049.18,0.36,11,0,0.718,3290.81,4240.65,9802.85,48,31,0,mortgage,debt_consolidation,1
60,63375.71,3.0,33567.6,0.53,10,1,0.396,17968.14,6736.83,2673.94,60,40,0,rent,business,1
61,40491.36,8.5,1315.4,0.032,4,2,0.466,2038.3,0.0,10655.11,36,37,0,mortgage,education,1
41,67617.09,0.0,23807.52,0.352,4,1,0.242,2773.63,1713.08,10287.41,24,16,0,mortgage,education,1
21,69904.49,14.8,7208.73,0.103,8,3,0.409,2722.26,6033.05,11839.17,60,1,0,own,debt_consolidation,0
42,44556.05,0.0,20171.57,0.453,4,0,0.332,4439.9,4694.1,4632.51,48,19,0,own,debt_consolidation,1
29,48283.68,5.3,17361.01,0.36,8,0,0.306,4179.13,3579.5,5698.94,24,9,0,rent,medical,0
24,64050.85,0.4,33088.95,0.517,1,0,0.556,7220.85,0.0,22712.63,36,2,0,rent,home_improvement,0
25,43956.79,3.3,16478.36,0.375,3,0,0.729,657.91,4153.73,891.52,12,4,0,mortgage,debt_consolidation,1
54,58858.68,7.1,1714.32,0.029,9,1,0.205,977.53,9294.31,3466.72,24,36,0,own,car,0
44,118624.24,4.4,34458.86,0.29,11,1,0.499,4858.82,0.0,9140.6,48,20,0,rent,debt_consolidation,1
46,65053.48,12.7,32458.05,0.499,0,0,0.547,6495.81,7392.11,4478.58,24,28,0,rent,debt_consolidation,1
57,50687.07,8.1,7254.36,0.143,9,1,0.537,3018.21,8022.31,6974.41,36,37,0,rent,business,1
46,110930.89,4.7,7092.38,0.064,0,0,0.184,3233.25,12628.85,7555.83,60,23,0,mortgage,home_improvement,1
51,74856.81,6.3,30058.05,0.402,10,1,0.116,2694.37,4688.37,10514.9,48,33,0,mortgage,home_improvement,1
23,40785.03,13.1,11677.96,0.286,3,3,0.298,5775.77,4547.96,8267.07,24,3,0,rent,home_improvement,1
62,43097.93,11.5,1949.13,0.045,4,1,0.556,9203.08,2686.55,1739.8,24,40,0,own,education,1
41,32731.62,1.3,5510.53,0.168,8,0,0.714,2084.27,3069.18,4819.78,36,21,0,own,education,0
26,63668.98,3.6,12299.37,0.193,10,0,0.123,1914.65,4509.86,6590.51,48,8,0,rent,debt_consolidation,1
60,29023.78,9.4,10853.92,0.374,4,1,0.595,3009.68,2096.43,12797.83,60,38,0,mortgage,medical,0
56,110879.82,8.8,29931.8,0.27,3,0,0.158,28998.3,3168.17,5735.81,12,34,0,rent,car,1
21,52607.47,1.7,14635.97,0.278,11,1,0.821,4826.04,2288.46,7911.21,24,3,0,own,education,1
28,76427.11,10.7,34201.13,0.447,11,0,0.314,7463.68,11303.73,8984.12,12,8,0,rent,car,0
19,51100.77,2.5,8562.5,0.168,6,2,0.614,3865.03,1823.07,8754.83,48,0,0,mortgage,business,1
32,63302.55,13.5,23831.1,0.376,0,0,0.283,7549.28,0.0,8015.0,12,9,0,mortgage,debt_consolidation,1
24,54845.98,9.6,11781.21,0.215,11,0,0.838,5363.07,13296.66,4093.7,12,5,0,rent,medical,0
55,58311.91,1.3,14096.09,0.242,7,1,0.472,6822.92,2614.64,5739.05,48,36,0,rent,business,1
45,84488.63,4.4,26582.51,0.315,6,2,0.339,7812.23,4498.22,12315.27,48,25,0,rent,education,1
68,98584.99,4.3,38319.28,0.389,1,0,0.027,3230.94,4590.43,13693.99,48,45,0,own,debt_consolidation,1
57,95797.15,7.8,49905.86,0.521,11,2,0.346,4594.86,6462.78,14670.12,12,37,0,own,debt_consolidation,1
50,152514.7,6.0,24795.22,0.163,8,0,0.682,3072.95,4378.7,5199.09,36,25,0,mortgage,business,1
44,45431.99,1.3,3406.72,0.075,2,1,0.236,5926.07,6412.21,6217.16,48,26,0,rent,car,0
21,65326.77,0.0,16152.68,0.247,4,1,0.56,10141.57,3703.22,9751.07,12,0,0,rent,debt_consolidation,0
22,45759.04,9.7,14174.29,0.31,4,1,0.294,4767.1,658.44,19636.08,48,0,0,rent,home_improvement,0
50,83270.1,8.4,11727.92,0.141,10,0,0.214,5117.84,0.0,26586.82,12,30,0,rent,car,1
19,41384.54,7.5,20359.65,0.492,5,0,0.118,3507.22,5024.51,5193.2,60,0,0,rent,debt_consolidation,1
21,85005.58,8.4,37690.53,0.443,10,0,0.315,8692.96,3793.97,4730.76,24,0,0,mortgage,medical,1
30,61337.31,3.9,17275.15,0.282,8,0,0.346,6180.16,5241.36,3057.1,60,7,0,mortgage,medical,1
64,55850.37,7.9,14439.21,0.259,4,0,0.71,7805.46,1129.09,10825.19,24,40,0,rent,debt_consolidation,1
42,57928.85,19.7,2409.43,0.042,4,0,0.191,2889.3,4133.61,2737.08,60,17,0,rent,car,1
55,39158.51,12.9,11925.78,0.305,9,0,0.671,3610.43,2557.16,10170.27,36,31,0,mortgage,debt_consolidation,0
39,40152.76,5.6,13481.13,0.336,5,0,0.059,1609.43,4525.64,10329.52,12,19,0,mortgage,home_improvement,1
27,61696.52,4.4,30389.54,0.493,8,0,0.109,8050.01,4623.78,17944.49,48,9,1,own,debt_consolidation,1
37,61559.2,0.0,17580.2,0.286,1,0,0.301,2678.01,647.66,4637.23,48,15,0,own,car,1
23,46405.44,12.3,4798.79,0.103,5,0,0.053,13168.56,8667.97,1719.59,60,5,0,own,business,1
58,52423.83,10.9,6051.29,0.115,6,0,0.188,4518.52,4634.0,3226.7,24,34,0,rent,home_improvement,1
28,67154.3,4.3,7033.05,0.105,4,1,0.508,4088.7,1304.31,6648.71,60,10,0,mortgage,home_improvement,1
38,43883.57,0.0,22706.39,0.517,10,1,0.229,2267.87,3340.52,4573.86,24,20,0,rent,debt_consolidation,1
68,31643.1,1.2,13938.67,0.44,2,1,0.584,2695.0,2728.29,5799.85,24,47,0,own,education,1
49,92630.06,9.2,42343.61,0.457,10,0,0.377,22396.17,8417.43,12211.24,24,27,0,rent,car,1
42,63120.73,6.6,29378.27,0.465,0,1,0.434,2139.22,5354.6,5977.04,12,23,0,mortgage,car,1
46,49012.28,10.5,3464.5,0.071,5,1,0.224,6479.82,3868.74,6179.78,36,24,0,rent,business,1
58,45715.65,7.4,17927.56,0.392,6,0,0.516,1896.42,5145.36,8976.06,60,35,0,own,car,1
31,43751.19,11.8,17207.28,0.393,3,1,0.388,1277.17,4509.0,5201.7,48,12,0,mortgage,debt_consolidation,0
51,83154.45,8.8,11571.4,0.139,6,0,0.454,9411.49,8647.2,10259.34,48,26,0,own,car,1
63,37177.72,11.1,10411.73,0.28,10,0,0.112,2326.77,0.0,12510.05,48,44,0,mortgage,medical,1
48,65270.88,0.0,24221.26,0.371,5,2,0.434,5264.53,0.0,4726.72,24,30,0,mortgage,medical,1
41,65252.34,0.8,32338.3,0.496,6,0,0.186,6943.91,1762.27,17175.96,60,16,0,mortgage,home_improvement,0
26,73545.81,5.2,5775.22,0.079,11,1,0.567,17779.25,3989.47,2863.79,60,3,0,rent,car,1
31,50504.2,12.4,24891.62,0.493,11,0,0.455,6517.76,1447.93,3344.83,48,8,0,rent,business,1
67,89793.27,16.4,45693.99,0.509,0,0,0.456,5608.59,1425.59,6221.08,12,49,0,own,education,1
46,74288.37,6.2,37850.91,0.51,8,0,0.277,10390.22,5839.84,3502.32,12,25,0,mortgage,education,1
34,49959.29,3.9,1127.21,0.023,10,0,0.577,1264.21,1150.4,8972.1,24,16,0,mortgage,home_improvement,1
40,45048.18,0.0,6177.43,0.137,11,2,0.438,3199.92,0.0,25345.86,60,16,0,rent,medical,1
48,54895.19,11.3,21209.31,0.386,9,0,0.773,3025.33,0.0,6266.23,36,27,0,rent,medical,0
46,49428.61,4.2,9417.24,0.191,0,0,0.693,15733.12,1788.29,6019.95,60,21,0,rent,debt_consolidation,1
54,42764.88,21.8,2239.77,0.052,9,1,0.464,1738.2,2298.76,3345.4,24,29,0,mortgage,debt_consolidation,1
32,58772.33,3.3,24940.59,0.424,10,0,0.415,7528.68,6559.07,28518.57,48,12,0,rent,medical,1
52,52534.9,17.5,1846.8,0.035,6,0,0.587,2743.4,4643.76,17010.74,12,32,0,own,home_improvement,1
41,97372.91,10.7,24965.57,0.256,0,0,0.286,3739.65,0.0,13545.69,36,16,0,own,debt_consolidation,1
66,49403.24,1.9,25799.13,0.522,2,0,0.144,2233.22,6881.65,7066.81,12,44,0,rent,home_improvement,1
27,44921.4,8.2,11379.64,0.253,3,0,0.72,4092.08,2547.07,14598.95,12,4,0,mortgage,medical,0
26,57528.75,10.9,28954.23,0.503,10,1,0.46,4480.68,4034.19,10921.55,48,1,0,rent,medical,0
42,62459.23,5.9,14788.61,0.237,1,1,0.259,3875.32,4542.54,5226.34,24,21,0,rent,education,1
44,64043.01,11.2,13048.36,0.204,8,0,0.407,10222.93,1539.12,28082.74,60,21,0,own,medical,0
54,63835.56,11.1,4909.78,0.077,2,2,0.43,4302.47,6054.02,1969.14,60,30,0,mortgage,business,1
39,58165.83,10.0,12202.5,0.21,9,1,0.36,8775.8,0.0,6601.34,60,19,0,own,home_improvement,1
65,56789.38,6.9,11278.53,0.199,0,1,0.656,4666.42,7591.15,4866.41,48,42,0,rent,car,1
43,70038.9,1.1,32825.28,0.469,2,0,0.306,2304.87,5325.98,1113.65,36,23,0,own,medical,1
25,41574.79,6.6,21101.5,0.508,1,0,0.609,3683.76,3526.73,1020.19,24,1,0,mortgage,education,1
25,45021.56,7.9,1423.71,0.032,6,0,0.044,3958.44,4186.9,1950.75,48,5,1,own,home_improvement,1
68,34399.15,0.0,2479.35,0.072,9,0,0.155,12451.01,1534.0,19694.87,48,47,0,rent,debt_consolidation,1
25,41782.43,7.8,15079.74,0.361,4,1,0.761,8296.1,5441.09,5772.78,24,7,0,rent,education,1
67,80289.84,6.5,22233.36,0.277,6,0,0.684,17934.17,2441.29,6796.77,24,43,0,own,car,1
33,69042.45,0.5,12244.38,0.177,7,0,0.192,5366.31,1148.69,5887.06,48,15,0,own,debt_consolidation,1
23,102084.1,5.3,16103.84,0.158,5,0,0.276,5267.25,7566.19,6060.62,48,5,0,mortgage,debt_consolidation,1
34,93118.16,5.4,12950.64,0.139,9,1,0.219,6372.0,0.0,1860.87,36,11,0,rent,education,1
50,69240.73,16.7,20667.59,0.298,3,0,0.475,4520.04,2655.51,9737.26,12,31,0,rent,education,0
40,60281.89,8.1,1764.11,0.029,2,0,0.259,9289.02,4804.79,10514.74,48,18,0,mortgage,business,1
59,57888.61,12.2,23827.46,0.412,2,0,0.177,3150.11,5986.79,5389.37,12,34,0,rent,medical,1
50,28538.37,6.4,5114.24,0.179,2,1,0.386,4031.4,1849.17,12538.51,12,31,0,own,medical,0
39,55806.22,0.0,13740.64,0.246,0,0,0.246,9528.11,1197.22,19910.29,60,20,0,own,business,1
51,47477.92,10.4,14211.93,0.299,0,0,0.278,5655.31,2364.71,2078.88,48,30,0,rent,business,1
68,42354.08,3.7,5591.61,0.132,0,0,0.468,1157.51,1408.85,6980.19,48,44,0,rent,home_improvement,1
40,65537.05,5.3,32005.83,0.488,1,0,0.193,7443.54,4049.15,9677.29,36,21,0,own,car,1
26,53636.87,1.7,20462.97,0.382,7,1,0.492,1315.15,1912.36,2263.82,48,1,0,rent,education,0
39,59048.18,7.4,28417.36,0.481,2,0,0.693,5104.83,1051.13,17176.29,36,18,0,own,education,1
61,40449.91,12.3,11001.92,0.272,7,0,0.294,2825.27,468.25,11716.68,60,38,0,mortgage,medical,1
30,75379.25,11.7,18784.81,0.249,0,0,0.148,9326.98,0.0,11841.75,24,8,0,rent,home_improvement,1
67,49327.96,14.9,7186.37,0.146,9,4,0.541,2909.49,5955.38,17210.55,36,46,0,mortgage,car,0
49,64382.29,15.6,19879.02,0.309,4,0,0.386,3433.52,6596.36,6864.23,24,31,0,rent,debt_consolidation,1
49,50651.01,0.0,16936.52,0.334,5,1,0.595,3022.95,265.46,6975.43,36,28,0,mortgage,car,0
35,27142.55,1.0,6583.68,0.243,8,2,0.884,1726.35,2692.67,8223.53,12,12,0,rent,car,0
65,66418.02,0.0,6446.05,0.097,11,1,0.213,1591.18,4568.61,10216.14,60,46,0,rent,debt_consolidation,1
20,54769.91,10.2,9023.09,0.165,9,1,0.731,9640.5,113.26,10576.21,24,2,0,own,medical,0
34,33703.65,3.5,928.65,0.028,4,1,0.242,2252.2,476.62,4201.24,36,12,0,own,business,0
40,38954.34,4.6,7367.96,0.189,4,2,0.403,5509.02,2306.65,3266.33,24,22,0,own,debt_consolidation,0
43,76137.45,5.9,24958.03,0.328,4,0,0.263,8454.16,7897.42,11131.14,12,23,0,mortgage,car,1
43,34184.39,8.9,17999.0,0.527,1,0,0.385,2369.81,3294.47,10589.28,48,19,0,own,car,0
26,48918.35,0.0,5590.65,0.114,4,0,0.734,2768.83,1943.66,14794.02,36,7,0,mortgage,home_improvement,0
30,105370.12,0.7,5204.88,0.049,9,0,0.491,2330.84,9444.38,13223.86,12,7,1,mortgage,car,1
23,66990.17,7.0,11860.27,0.177,3,2,0.301,3279.27,3921.13,2724.32,48,5,1,rent,education,0
48,72526.23,13.0,7477.66,0.103,4,1,0.253,2041.74,2170.03,3308.19,12,30,0,rent,home_improvement,1
36,52148.66,6.9,20266.28,0.389,0,1,0.436,1874.87,5981.12,4578.2,60,16,0,mortgage,home_improvement,0
47,32849.32,3.0,757.08,0.023,3,1,0.158,4568.54,2445.77,8900.74,60,29,0,rent,car,0
49,60896.18,0.0,32875.39,0.54,0,0,0.097,3489.27,5615.15,16430.58,48,26,0,rent,education,1
54,39782.51,11.8,18837.15,0.474,5,0,0.069,1744.27,468.64,8898.26,36,30,0,rent,car,1
46,38611.12,3.3,10813.25,0.28,3,2,0.566,2279.73,1570.84,7500.22,60,27,0,mortgage,medical,0
52,58601.55,1.3,29775.41,0.508,11,1,0.748,1634.33,6309.86,3441.46,48,34,0,rent,education,1
48,40634.03,0.0,14338.59,0.353,7,2,0.069,1280.84,2138.65,7284.06,12,26,0,mortgage,medical,1
52,56416.27,0.0,30842.51,0.547,4,0,0.284,8557.43,3132.35,11710.2,12,29,0,mortgage,home_improvement,0
50,45490.14,2.2,7619.7,0.168,6,0,0.251,9558.75,619.17,6162.62,48,31,0,rent,business,1
35,55783.54,5.8,30589.48,0.548,11,0,0.631,4391.1,4267.99,5580.29,48,13,0,own,education,1
31,47917.59,1.0,5535.97,0.116,2,0,0.479,692.49,608.98,14077.08,24,11,0,own,car,0
59,56285.04,7.9,11668.55,0.207,3,2,0.425,11304.08,4781.72,10316.89,48,35,0,mortgage,debt_consolidation,1
36,90337.44,5.8,46588.99,0.516,6,2,0.629,24382.28,1537.87,13183.65,24,13,0,own,debt_consolidation,1
47,73085.45,18.1,15814.77,0.216,1,2,0.76,7285.69,4107.16,4718.65,36,26,0,rent,home_improvement,0
29,54265.97,0.0,7120.42,0.131,6,1,0.215,2523.67,7891.24,19162.89,12,7,0,rent,car,1
41,85180.32,7.8,4389.19,0.052,1,0,0.381,12037.87,7236.55,5409.75,60,19,0,mortgage,medical,1
46,64688.86,7.9,6400.82,0.099,10,0,0.26,4883.68,3192.0,6746.16,48,26,0,own,medical,1
50,83112.59,1.8,17309.73,0.208,9,0,0.56,10843.95,9101.48,11097.26,24,31,0,mortgage,home_improvement,1
45,35290.69,7.5,8584.57,0.243,0,2,0.383,665.17,1076.07,5442.91,48,22,0,mortgage,education,0
37,40777.0,10.8,12538.89,0.307,6,0,0.091,2233.92,707.72,9460.82,36,12,0,own,car,0
68,60661.47,7.5,27370.56,0.451,2,1,0.368,1629.89,2937.94,9652.2,24,46,0,mortgage,home_improvement,1
45,53833.09,13.9,1459.41,0.027,6,1,0.171,1953.06,6546.13,7043.83,12,25,0,own,home_improvement,1
60,56328.55,0.0,26237.36,0.466,6,0,0.722,1010.89,6691.33,9936.0,48,35,0,mortgage,medical,0
56,68168.39,2.8,22218.95,0.326,11,2,0.225,2488.72,2851.71,6029.28,24,37,1,rent,home_improvement,1
47,60861.51,14.4,25618.64,0.421,2,2,0.571,10584.3,3193.38,10314.65,24,26,0,rent,debt_consolidation,1
64,75472.98,11.6,31789.14,0.421,6,0,0.387,3071.31,6617.66,11741.68,24,46,0,own,debt_consolidation,1
25,74765.29,9.7,37285.25,0.499,11,1,0.625,1305.22,14061.51,8059.73,12,2,0,own,debt_consolidation,1
65,41363.49,13.2,2874.41,0.069,1,1,0.49,1665.5,2266.19,12600.02,48,44,0,rent,debt_consolidation,1
62,27402.17,0.0,8848.24,0.323,3,1,0.415,521.06,3721.03,4808.54,60,38,0,own,debt_consolidation,1
44,40547.28,11.0,20346.04,0.502,8,0,0.549,3294.82,3208.92,8215.05,48,26,1,mortgage,car,1
56,39750.69,12.3,15947.16,0.401,1,0,0.284,1656.31,4345.94,20671.66,24,33,0,rent,debt_consolidation,1
45,57702.4,3.7,4107.83,0.071,2,0,0.189,3722.41,6771.1,8108.38,60,23,0,mortgage,education,1
32,57461.71,20.1,19847.34,0.345,11,2,0.222,2691.31,4336.37,7096.88,36,11,0,mortgage,education,0
59,52792.35,8.0,23436.47,0.444,6,1,0.112,3393.17,3444.69,3810.67,24,36,0,mortgage,medical,1
31,65515.93,0.0,10854.47,0.166,0,0,0.33,1081.81,3689.02,5054.13,36,13,0,mortgage,medical,1
35,122488.53,8.9,43510.55,0.355,10,0,0.5,4687.61,10313.32,7715.31,48,17,0,mortgage,business,1
45,52422.35,3.4,24398.33,0.465,6,0,0.67,5948.63,6608.25,14199.13,48,21,0,rent,debt_consolidation,0
61,61493.95,12.8,18303.64,0.298,5,1,0.717,7432.57,8166.59,12213.69,36,40,0,rent,home_improvement,1
38,56324.45,9.7,6923.36,0.123,11,0,0.523,3796.17,7164.18,16899.97,36,20,0,mortgage,business,1
44,46569.56,4.0,14498.57,0.311,3,2,0.327,3326.54,2019.7,4404.39,36,23,0,mortgage,business,1
21,68381.1,14.5,22678.05,0.332,4,2,0.663,837.56,2616.11,9674.27,48,0,0,mortgage,business,0
24,51596.35,11.7,12048.36,0.234,6,0,0.141,5043.49,1303.45,8127.02,24,5,0,rent,business,1
21,43486.5,2.9,16533.43,0.38,2,0,0.274,7502.84,3234.01,8499.37,24,2,0,mortgage,home_improvement,1
22,44494.62,6.2,11108.81,0.25,1,1,0.204,852.79,5041.78,11726.54,48,0,0,own,business,1
63,76405.93,9.6,37058.76,0.485,1,0,0.299,10256.79,2935.15,11024.42,48,39,0,rent,medical,1
61,67812.54,5.2,29807.78,0.44,3,0,0.556,1256.58,3900.4,10610.42,48,38,0,own,education,1
60,48189.4,5.3,21517.97,0.447,0,0,0.178,3849.49,4770.75,11034.55,48,37,0,rent,business,0
21,65158.69,7.2,19470.76,0.299,6,0,0.213,1039.69,3297.6,1996.49,60,0,0,mortgage,car,0
22,56539.7,1.7,7014.56,0.124,11,0,0.096,1224.35,3231.17,21098.41,24,3,0,own,debt_consolidation,1
33,61843.57,0.0,24981.31,0.404,3,3,0.378,2202.4,7568.65,8349.92,48,14,0,mortgage,education,0
47,46188.9,8.2,2610.98,0.057,0,0,0.27,1411.05,3133.99,12086.62,60,24,0,rent,business,1
36,40127.43,0.0,11810.09,0.294,0,2,0.516,6437.46,1230.05,27907.42,48,13,0,rent,home_improvement,1
43,51504.12,2.0,2476.26,0.048,1,0,0.209,4343.34,3681.73,14213.42,12,23,0,mortgage,business,1
27,42212.54,0.0,12666.37,0.3,7,1,0.776,1349.23,3728.79,5608.7,24,4,0,mortgage,home_improvement,1
56,41258.89,0.0,15824.38,0.384,5,0,0.512,4704.83,7917.3,7472.59,48,36,0,rent,business,1
35,35890.4,9.1,8691.76,0.242,4,0,0.81,4597.16,5118.72,14266.7,12,16,0,rent,car,1
22,27456.79,5.9,6615.95,0.241,9,1,0.69,2785.19,6213.05,16498.09,48,4,0,mortgage,business,0
56,48459.0,5.7,4122.93,0.085,4,0,0.196,4433.21,649.33,8199.24,60,37,0,own,business,1
65,81309.52,0.4,14634.11,0.18,7,0,0.611,7482.96,11076.63,2613.81,36,45,0,mortgage,debt_consolidation,1
19,74266.83,3.7,18972.58,0.255,11,2,0.135,2250.13,10717.62,4654.64,48,0,0,rent,car,1
41,95184.77,8.9,45468.61,0.478,2,0,0.295,7538.47,6490.74,6098.31,48,16,0,own,home_improvement,1
61,40718.52,6.7,20193.51,0.496,1,0,0.242,6563.04,1915.64,9506.46,36,38,0,rent,education,1
55,69870.24,11.1,36709.64,0.525,2,1,0.49,16162.03,7233.69,10036.7,48,36,0,own,debt_consolidation,1
62,54184.27,11.8,3963.02,0.073,1,0,0.527,3860.16,2729.44,12311.08,60,42,0,own,education,1
40,44517.97,5.7,7879.31,0.177,9,2,0.182,1976.91,421.6,13805.4,24,15,0,own,medical,1
37,78051.54,0.0,20710.5,0.265,10,0,0.183,2714.42,0.0,1200.33,24,13,0,own,medical,1
55,54361.13,3.2,19576.76,0.36,6,1,0.623,8299.89,0.0,6579.59,36,30,0,rent,medical,1
26,31627.91,6.5,12413.42,0.392,1,0,0.535,1105.24,2477.15,13704.21,48,3,0,rent,business,1
31,73994.25,3.1,32305.05,0.437,10,0,0.786,4614.03,7416.42,18021.42,48,9,0,own,car,0
49,63670.4,1.7,18006.82,0.283,11,0,0.281,3909.79,1141.95,10500.32,24,26,0,rent,education,1
53,58775.25,7.3,18513.6,0.315,4,0,0.32,7346.01,5339.68,3984.64,60,31,0,rent,business,1
25,38273.14,19.2,20250.41,0.529,8,0,0.296,3702.52,3463.6,8820.75,36,7,0,mortgage,debt_consolidation,0
44,61022.91,4.6,8983.49,0.147,7,0,0.182,16392.11,5126.15,15243.56,36,23,0,own,medical,1
37,90423.55,7.0,40328.24,0.446,6,0,0.344,8563.56,9102.23,3106.51,24,16,0,rent,home_improvement,1
44,63086.09,0.4,25061.8,0.397,4,1,0.261,9860.92,4885.64,4108.01,12,22,0,rent,medical,1
67,34360.67,13.2,3238.41,0.094,3,1,0.202,1746.8,4580.63,4195.23,48,48,0,own,business,1
22,64673.78,11.4,33050.93,0.511,3,0,0.432,6159.1,6328.64,587.32,36,0,0,mortgage,education,1
69,63304.61,11.0,29964.53,0.473,4,1,0.124,10315.7,249.31,10985.88,36,51,0,own,car,1
41,71796.82,13.8,31097.89,0.433,9,0,0.326,10642.72,11391.9,4934.87,36,16,0,own,debt_consolidation,1
58,62719.89,4.9,5468.55,0.087,9,3,0.466,1433.32,1168.32,838.24,24,38,0,own,home_improvement,0
40,41301.93,5.5,3883.43,0.094,1,0,0.875,1291.58,2720.01,15320.44,12,18,0,mortgage,debt_consolidation,1
34,57738.24,15.5,22061.5,0.382,0,5,0.275,5634.63,11216.97,7870.8,24,11,0,rent,medical,0
58,51790.33,10.2,3980.25,0.077,5,0,0.099,3286.82,4720.8,21294.72,36,37,0,rent,business,1
54,59985.91,0.0,4802.31,0.08,9,0,0.556,4577.92,1532.02,11948.38,60,31,1,rent,medical,1
26,79043.5,9.3,18349.8,0.232,6,0,0.251,4831.63,6600.53,8010.16,36,8,0,own,education,1
54,45445.88,4.1,1038.45,0.023,9,1,0.588,6380.22,4216.66,12855.74,24,29,1,own,home_improvement,1
57,100413.22,11.5,40404.9,0.402,8,0,0.689,8763.27,7704.18,4594.67,24,37,0,mortgage,car,1
38,64534.45,9.0,19767.53,0.306,8,1,0.156,4359.92,2667.09,9788.73,36,15,0,rent,education,1
66,74138.79,0.0,4554.52,0.061,6,0,0.311,24426.99,198.34,9679.53,60,48,0,rent,business,1
51,70740.11,8.3,21794.95,0.308,0,1,0.744,11363.3,596.63,7489.91,36,33,0,own,medical,1
36,63672.86,8.1,3098.74,0.049,2,0,0.276,11833.92,1763.76,3423.22,24,16,1,own,debt_consolidation,0
19,67563.81,8.8,3882.82,0.057,8,2,0.467,1927.04,8878.75,9461.81,36,0,0,own,car,1
53,20381.71,9.9,5651.79,0.277,3,1,0.412,7053.19,116.58,9206.57,60,28,0,own,car,0
29,70694.96,14.5,20141.44,0.285,8,1,0.001,22460.61,5263.52,5421.82,48,11,0,rent,home_improvement,1
57,42288.1,9.1,8443.55,0.2,4,0,0.502,5853.7,5775.85,3200.73,48,32,0,own,debt_consolidation,1
45,55407.64,7.1,19367.12,0.35,0,2,0.437,4724.61,5496.71,4944.0,60,21,0,own,car,1
42,63525.36,12.7,14312.26,0.225,8,1,0.536,2686.29,8749.74,18850.94,12,18,0,mortgage,medical,1
27,80275.51,18.2,26578.35,0.331,10,0,0.323,11959.65,2998.25,5697.18,12,9,0,own,home_improvement,0
55,42292.01,11.6,8686.19,0.205,5,1,0.382,11648.42,4147.74,9420.47,24,36,0,own,business,1
27,48840.67,8.0,19484.13,0.399,1,0,0.785,4290.81,6066.6,9116.21,48,5,0,rent,debt_consolidation,0
40,50936.03,9.2,16657.18,0.327,4,0,0.043,1599.14,5792.71,7335.39,24,19,0,rent,medical,1
61,60225.08,8.3,6312.98,0.105,11,0,0.731,4695.4,6694.75,19386.97,12,37,0,rent,home_improvement,1
65,51940.49,7.1,19930.73,0.384,3,2,0.227,2761.05,360.21,11487.26,36,40,0,own,education,1
69,67665.88,17.8,29467.55,0.435,0,1,0.267,2434.22,6767.93,10742.94,12,49,0,rent,medical,1
67,31980.71,3.3,1756.17,0.055,9,2,0.416,552.92,2911.99,8115.96,60,44,0,mortgage,car,1
47,53992.57,12.8,18534.52,0.343,2,2,0.638,13703.9,3193.67,5668.23,12,26,0,own,medical,1
29,93605.72,6.4,41086.14,0.439,0,0,0.326,18455.84,3409.19,8298.37,12,4,1,mortgage,car,1
61,51984.48,0.0,4198.58,0.081,8,0,0.086,3073.07,4636.44,11647.21,60,38,0,own,education,1
59,64615.32,6.1,32170.4,0.498,4,2,0.742,465.67,1117.84,13030.22,60,38,0,mortgage,education,1
69,75970.72,4.3,18221.07,0.24,1,1,0.52,8378.82,3426.41,11681.54,60,49,0,own,car,1
52,63919.07,9.9,26274.26,0.411,0,1,0.475,13376.5,7272.31,1758.37,36,34,0,mortgage,car,1
26,103706.04,7.5,51489.68,0.496,2,0,0.216,28193.51,12316.83,2604.07,24,1,0,own,home_improvement,1
44,58179.11,1.9,31678.97,0.545,1,0,0.105,6346.25,5280.99,6904.99,60,22,0,mortgage,education,1
41,68798.35,14.4,22667.7,0.329,0,0,0.659,2944.62,3004.91,2567.52,48,22,0,mortgage,medical,1
61,61041.56,12.5,24005.52,0.393,4,0,0.156,5961.25,676.97,4435.58,12,41,0,rent,home_improvement,1
39,86792.14,14.9,13313.99,0.153,9,0,0.569,6066.77,2403.69,3618.62,12,21,0,own,business,1
35,49592.16,8.2,8615.38,0.174,4,0,0.38,3078.12,6493.95,7104.26,60,13,0,rent,business,1
23,106802.4,6.8,50294.08,0.471,0,0,0.366,19132.7,8159.04,8169.07,48,0,0,rent,medical,1
61,45795.96,10.5,10582.04,0.231,10,2,0.26,5190.82,2819.68,3339.54,12,38,0,mortgage,debt_consolidation,1
57,96831.79,4.1,44144.64,0.456,7,0,0.465,2300.22,7246.89,16314.38,60,36,0,mortgage,medical,1
21,40793.18,7.7,1909.79,0.047,11,1,0.267,7363.57,4115.82,9843.85,36,0,0,mortgage,medical,0
41,69542.7,6.1,9435.16,0.136,6,1,0.37,17686.3,1066.59,7910.48,60,17,0,rent,home_improvement,1
43,56539.73,0.0,6227.84,0.11,5,0,0.39,2281.97,2394.38,12594.0,60,19,0,rent,medical,1
42,75431.32,7.6,22580.05,0.299,6,0,0.674,8355.64,7465.44,7785.16,48,19,0,rent,education,1
65,65142.73,4.8,4083.22,0.063,0,1,0.513,4439.67,5123.83,10237.65,12,45,0,rent,debt_consolidation,1
26,74035.12,5.8,14973.7,0.202,4,0,0.121,1160.42,9030.23,5785.55,36,2,0,rent,business,1
34,40364.74,8.8,21906.35,0.543,5,1,0.682,3938.68,4211.52,4656.73,60,15,0,rent,home_improvement,0
28,33582.45,13.4,14807.68,0.441,3,0,0.566,4823.21,942.43,3696.71,24,8,0,own,debt_consolidation,1
31,38399.54,2.8,16247.36,0.423,10,0,0.766,3766.11,0.0,8415.96,24,11,0,mortgage,debt_consolidation,0
65,38113.56,5.3,3491.61,0.092,11,2,0.193,7704.09,2930.2,9608.83,24,40,0,own,medical,1
66,40217.68,3.2,8575.07,0.213,5,1,0.103,3738.81,579.24,23177.21,48,41,0,rent,education,1
21,46753.16,2.8,17799.47,0.381,9,0,0.259,747.95,4303.47,1704.07,12,1,0,mortgage,car,1
51,46624.22,4.0,1466.86,0.031,2,1,0.474,2149.7,6816.04,7828.6,36,26,0,rent,car,1
30,56972.79,6.0,14243.63,0.25,11,2,0.111,9480.04,865.09,12794.36,24,8,0,mortgage,business,1
28,43212.91,9.9,22131.6,0.512,8,2,0.224,163.36,4277.63,4461.24,60,4,0,own,car,1
33,44268.24,8.6,2817.23,0.064,8,0,0.458,2160.23,4877.41,14494.05,36,11,0,rent,medical,1
28,52981.44,1.7,26507.54,0.5,7,2,0.027,5052.17,4447.92,12798.22,24,8,0,mortgage,home_improvement,1
44,78967.86,13.5,9720.66,0.123,9,0,0.337,13248.07,6559.14,15066.35,24,26,0,own,medical,1
69,49324.68,11.7,5930.15,0.12,6,2,0.496,10724.3,0.0,10572.27,48,45,0,mortgage,car,1
48,55755.7,2.5,6890.35,0.124,11,0,0.433,3735.04,3899.76,4708.89,48,24,0,own,business,1
55,58689.15,13.1,30140.73,0.514,7,0,0.222,4766.84,3887.15,8070.26,60,34,0,own,car,1
44,41614.24,8.6,14148.21,0.34,5,1,0.486,2155.36,4958.47,13574.16,48,26,0,own,home_improvement,1
19,50841.27,6.2,21247.49,0.418,2,1,0.054,4391.26,5829.66,5017.68,12,0,0,rent,home_improvement,0
23,45349.45,8.8,9713.67,0.214,10,1,0.795,1247.55,1866.11,2649.99,36,0,0,rent,medical,0
32,76378.48,6.9,36877.28,0.483,0,1,0.215,8829.91,0.0,3357.51,12,10,1,rent,car,0
31,74226.82,9.7,24378.07,0.328,0,2,0.091,378.5,0.0,11670.11,60,10,0,mortgage,education,0
61,43936.8,7.9,14846.8,0.338,0,0,0.449,4718.9,6023.85,5285.77,48,37,0,mortgage,home_improvement,1
62,55412.33,5.3,23202.81,0.419,1,0,0.696,3834.72,3480.01,9774.99,60,39,0,own,medical,0
62,68816.55,0.0,29593.22,0.43,2,0,0.567,11793.89,0.0,12534.45,48,37,1,mortgage,education,0
51,62784.34,9.6,23945.18,0.381,5,1,0.303,8858.3,34.52,6092.54,12,30,0,mortgage,home_improvement,1
47,65005.35,5.1,5396.89,0.083,3,1,0.81,3885.19,5083.85,3947.69,48,25,0,rent,medical,0
52,41691.32,10.9,19985.36,0.479,5,1,0.339,5616.5,3031.57,4238.66,60,29,0,rent,home_improvement,1
39,95543.29,9.4,15122.26,0.158,5,1,0.792,2846.4,14280.03,21491.64,48,20,0,rent,car,1
53,46470.32,5.3,25464.94,0.548,5,2,0.247,849.2,2911.65,4444.0,60,30,0,rent,education,1
59,46061.14,12.1,10332.4,0.224,0,1,0.8,4858.78,3960.12,10183.86,36,41,0,rent,home_improvement,1
57,37024.93,8.0,3095.23,0.084,6,0,0.477,623.37,2390.73,1869.16,24,36,0,mortgage,medical,1
50,53720.19,7.8,10073.92,0.188,3,0,0.887,12417.27,5781.0,13164.02,36,30,0,own,car,1
21,81855.59,6.3,26519.01,0.324,6,1,0.338,984.2,12660.57,9819.02,36,0,0,mortgage,home_improvement,1
55,62576.03,15.4,14233.95,0.227,0,0,0.429,10106.54,7126.72,7110.09,24,32,0,own,home_improvement,0
37,55067.33,3.4,25286.99,0.459,10,1,0.264,3797.4,9098.12,7750.38,12,12,0,rent,education,1
56,72385.98,5.4,27620.27,0.382,8,0,0.358,8610.57,6783.61,8910.18,36,38,0,mortgage,business,0
46,81145.73,0.8,10802.83,0.133,4,0,0.045,7127.98,0.0,2778.43,24,21,0,own,business,1
63,74170.48,10.6,22665.92,0.306,4,0,0.146,3642.73,1888.78,11034.71,36,45,0,mortgage,medical,1
36,30834.78,4.1,13486.88,0.437,3,1,0.268,1309.8,3321.2,19722.37,60,12,0,mortgage,medical,1
66,72596.68,4.6,35743.26,0.492,11,0,0.286,9082.26,3963.98,595.69,48,48,0,mortgage,medical,1
62,65858.05,4.4,15102.6,0.229,8,0,0.47,11408.98,4396.62,4964.33,60,43,0,mortgage,medical,1
35,43640.03,7.3,22254.94,0.51,5,2,0.382,4239.76,1141.62,7828.74,60,17,0,mortgage,business,1
43,65949.12,0.7,2576.22,0.039,7,1,0.057,7636.25,9159.55,15952.18,48,18,0,mortgage,medical,1
46,81913.15,0.0,31016.11,0.379,0,1,0.225,7555.21,11733.06,18701.13,12,27,0,mortgage,debt_consolidation,1
58,47104.09,9.3,20464.46,0.434,9,0,0.114,1121.37,2600.94,1508.94,12,36,0,rent,medical,1
54,75967.83,0.0,18636.8,0.245,7,0,0.346,1968.93,4231.82,12423.02,12,34,1,rent,home_improvement,0
62,63029.34,11.3,1627.2,0.026,3,0,0.127,13682.07,8221.41,17805.68,12,43,0,own,car,1
37,22572.57,14.8,8670.77,0.384,8,0,0.107,1561.81,2685.48,2115.94,36,19,0,rent,education,1
44,56371.9,6.2,11362.27,0.202,0,1,0.17,8870.06,0.0,10285.57,36,22,0,mortgage,education,1
40,62203.81,13.5,6249.05,0.1,5,0,0.513,3530.64,6260.26,17871.15,36,20,0,rent,medical,0
65,51481.62,6.9,5316.39,0.103,11,1,0.615,1952.12,4708.34,6524.54,24,43,0,rent,business,1
34,63805.42,15.0,27286.83,0.428,9,1,0.367,3556.22,4849.23,9509.62,36,11,0,rent,medical,0
48,54425.77,4.7,6493.89,0.119,0,2,0.766,7156.87,1240.18,6218.05,48,27,0,own,business,1
25,114831.11,0.0,31759.08,0.277,7,0,0.148,4802.93,2741.68,10318.25,24,4,0,own,debt_consolidation,0
62,50332.83,6.6,26893.15,0.534,8,0,0.763,4667.5,0.0,14045.96,12,44,0,own,car,0
38,44025.23,15.5,18586.31,0.422,6,0,0.182,5143.53,1490.06,15540.53,12,18,0,own,medical,1
36,74651.51,9.7,23142.91,0.31,3,1,0.198,6035.23,0.0,5190.49,60,13,0,rent,business,1
48,52371.58,4.4,15710.74,0.3,8,0,0.348,4772.76,2075.07,3367.33,24,24,0,mortgage,debt_consolidation,1
44,55366.93,8.6,6017.47,0.109,5,0,0.401,5143.04,4804.45,10278.97,12,25,0,rent,education,1
62,53846.54,11.9,13817.26,0.257,11,1,0.123,2206.88,446.01,11705.25,60,42,0,rent,business,1
46,73243.42,6.6,7089.73,0.097,10,0,0.335,4695.47,9760.62,3136.75,24,26,0,own,debt_consolidation,1
45,40124.05,20.1,2579.92,0.064,10,1,0.49,1550.68,6598.94,6779.6,60,23,0,own,home_improvement,1
24,75915.51,4.4,5909.47,0.078,5,0,0.789,4666.43,5960.32,17347.2,12,0,0,own,home_improvement,1
20,67652.39,12.0,23103.56,0.342,8,1,0.677,9447.65,6568.65,6682.6,12,0,0,rent,education,1
39,100529.5,10.8,12323.22,0.123,1,0,0.301,13924.99,0.0,14839.48,24,16,0,own,education,0
69,60612.65,3.5,6009.93,0.099,9,1,0.391,5692.71,4596.68,5516.18,60,51,0,mortgage,medical,1
65,41015.49,4.9,19670.18,0.48,9,0,0.663,3217.07,0.0,14832.34,24,46,0,mortgage,education,1
51,60831.77,12.1,5150.44,0.085,9,0,0.478,6782.59,0.0,7929.71,48,33,0,own,debt_consolidation,1
51,63313.1,7.7,24944.51,0.394,0,1,0.258,5747.5,213.06,6989.56,48,29,1,rent,business,1
38,84388.48,8.7,20338.48,0.241,5,0,0.354,5145.54,4974.6,8230.26,12,20,0,rent,home_improvement,1
28,40984.15,0.0,13398.22,0.327,3,0,0.71,3095.68,2648.89,4829.45,60,8,0,rent,business,0
19,34370.0,10.3,1112.84,0.032,10,1,0.244,1053.61,2166.23,3186.36,12,0,0,mortgage,home_improvement,1
36,61249.86,8.4,1225.62,0.02,6,1,0.682,1665.96,519.31,6525.66,60,13,0,mortgage,medical,1
35,102135.82,6.7,46282.0,0.453,7,0,0.511,20129.99,7351.15,11709.63,12,13,0,own,home_improvement,1
28,70962.19,8.8,19300.57,0.272,5,1,0.167,9278.73,2263.53,2274.32,48,8,0,rent,debt_consolidation,0
32,72358.55,5.0,4181.79,0.058,1,0,0.331,3685.73,5289.53,15687.11,60,11,0,own,education,1
20,36733.44,4.0,7421.32,0.202,7,0,0.673,2773.8,2015.49,6978.69,60,1,0,rent,education,1
50,57937.12,5.8,16707.2,0.288,7,1,0.577,3343.76,0.0,11906.09,48,32,0,own,business,1
66,84952.38,4.7,7799.61,0.092,4,0,0.415,6321.76,2777.83,6455.57,12,46,0,rent,medical,1
54,63562.55,17.9,19676.37,0.31,7,0,0.328,8427.87,5967.23,11210.81,12,34,0,mortgage,education,1
41,33680.28,11.6,10112.1,0.3,4,0,0.517,175.31,3657.68,11622.44,48,16,0,own,home_improvement,1
40,57560.54,2.2,19541.96,0.34,7,0,0.072,6181.49,292.09,17185.4,36,20,0,own,medical,0
34,69283.84,17.2,31138.84,0.449,4,0,0.679,1651.73,1971.8,2315.2,12,16,0,own,medical,1
26,20152.33,4.8,4811.83,0.239,9,0,0.73,9025.77,892.82,7578.61,24,4,0,rent,debt_consolidation,0
49,55525.64,7.1,27259.58,0.491,10,0,0.349,8582.68,6954.19,14060.44,48,26,0,own,car,0
47,42544.52,11.5,11554.12,0.272,5,0,0.526,865.77,3834.29,7749.66,12,27,0,mortgage,education,1
19,75432.47,0.0,19785.1,0.262,0,0,0.188,1594.37,201.35,7025.85,60,0,0,mortgage,debt_consolidation,1
40,49693.54,5.8,18263.04,0.368,8,2,0.605,2223.91,4535.61,6611.88,48,21,0,rent,business,0
33,65570.29,4.1,22771.66,0.347,11,1,0.162,4869.09,8530.95,8420.25,48,13,0,rent,debt_consolidation,1
27,57060.91,8.0,1487.04,0.026,8,0,0.467,2400.68,4421.46,11494.54,36,2,0,rent,education,1
54,49093.08,8.9,26544.05,0.541,4,1,0.189,2326.71,1370.49,7040.69,12,35,0,mortgage,debt_consolidation,1
45,106366.72,6.6,55271.08,0.52,6,0,0.602,754.55,11602.02,14198.83,36,26,0,mortgage,home_improvement,0
51,47346.84,6.4,8005.48,0.169,4,0,0.673,15606.38,3594.39,9377.47,12,26,0,mortgage,business,1
55,58624.79,12.3,18528.32,0.316,9,0,0.25,4261.06,3176.46,7333.49,36,32,0,rent,home_improvement,1
69,57002.14,8.5,24417.27,0.428,8,0,0.59,13641.57,6345.6,8434.95,60,48,0,rent,business,1
59,60744.72,7.2,30849.08,0.508,7,0,0.239,2853.98,4037.79,13979.96,60,40,1,mortgage,debt_consolidation,0
50,103414.45,7.7,34181.63,0.331,4,0,0.177,31183.99,7311.5,5296.97,60,31,0,rent,car,1
63,69313.96,16.2,2082.07,0.03,2,0,0.542,8035.73,7602.12,6677.86,24,44,0,rent,debt_consolidation,1
43,48942.27,7.9,18635.22,0.381,7,0,0.504,3875.93,2036.88,5565.49,48,23,0,rent,home_improvement,1
69,91477.86,4.4,6342.29,0.069,4,0,0.306,19483.69,809.58,6751.76,36,50,0,rent,medical,1
57,73356.78,0.0,27561.92,0.376,10,1,0.239,1576.35,6083.42,8128.15,24,35,0,mortgage,car,1
52,49248.51,0.0,16317.83,0.331,0,1,0.188,3749.93,7116.8,13922.39,48,27,0,mortgage,car,1
65,86441.38,4.7,31080.42,0.36,10,1,0.553,5507.13,0.0,11482.11,24,44,0,own,debt_consolidation,1
45,36610.55,6.5,4404.49,0.12,9,1,0.639,5689.31,3783.2,8016.91,48,21,0,rent,debt_consolidation,1
55,39616.83,4.2,11156.62,0.282,6,0,0.425,464.3,2710.01,7831.19,12,33,0,own,medical,1
33,33014.46,8.8,11473.09,0.348,11,3,0.275,1753.18,1319.25,10441.76,36,9,0,own,medical,0
68,28771.8,4.2,5154.62,0.179,8,1,0.308,208.71,988.32,6455.77,36,47,0,mortgage,car,1
50,84251.91,2.4,9795.15,0.116,0,0,0.242,4706.3,9420.6,5167.77,12,27,0,mortgage,business,1
58,60997.97,10.1,8418.99,0.138,4,0,0.346,11441.46,6140.11,10510.88,24,36,1,own,medical,1
42,33921.44,13.8,16104.16,0.475,10,0,0.551,1897.59,502.43,5277.17,60,18,0,mortgage,debt_consolidation,1
63,56515.42,1.5,15044.86,0.266,9,0,0.307,2113.35,4628.48,4495.18,24,38,0,rent,medical,1
22,76780.68,8.2,28437.18,0.37,1,1,0.348,9933.35,10387.05,24325.42,24,3,0,mortgage,debt_consolidation,1
24,44688.14,0.0,13088.76,0.293,2,0,0.266,1787.45,4537.52,1975.62,48,0,0,mortgage,debt_consolidation,1
44,51484.98,0.0,23790.56,0.462,11,0,0.053,8799.76,0.0,1669.57,12,25,0,own,debt_consolidation,1
56,108246.63,4.1,31337.65,0.29,0,0,0.272,25181.2,10712.82,7651.05,24,34,1,rent,medical,1
60,53009.45,12.7,3682.16,0.069,11,0,0.793,4411.18,227.65,11075.84,24,38,0,rent,debt_consolidation,1
41,34755.34,3.1,4342.05,0.125,6,1,0.173,3935.59,2696.0,7190.88,12,20,0,rent,business,1
52,47986.35,2.9,1297.1,0.027,9,0,0.412,8710.63,1405.18,6463.35,36,28,0,mortgage,car,1
47,33226.47,7.2,15307.7,0.461,2,0,0.257,2697.48,2883.77,20546.19,36,23,0,rent,business,0
68,71242.63,7.2,26469.1,0.372,4,0,0.384,1179.3,2363.84,5537.37,12,49,0,rent,medical,1
52,42696.17,3.1,18033.88,0.422,8,1,0.117,8314.52,612.61,8175.14,48,32,0,own,business,1
40,42271.31,16.9,16864.59,0.399,1,1,0.407,4859.57,3483.67,6816.79,36,15,0,mortgage,medical,0
68,111953.05,5.7,51159.66,0.457,1,0,0.657,6770.71,8109.44,8919.37,12,43,0,mortgage,car,1
24,38270.44,7.6,20784.44,0.543,7,0,0.203,915.76,4123.54,6955.36,24,5,0,own,medical,0
69,36155.46,5.0,13245.19,0.366,0,1,0.338,2023.38,1451.77,10194.26,36,50,0,mortgage,home_improvement,1
26,40256.42,9.2,6187.44,0.154,11,1,0.41,4001.87,0.0,8250.24,24,2,0,rent,business,1
33,77620.27,13.2,5723.46,0.074,8,0,0.168,8453.15,7798.43,6314.76,12,13,0,own,business,1
60,68040.36,15.3,22627.94,0.333,8,0,0.167,9567.4,9458.4,3444.75,48,35,0,own,debt_consolidation,0
56,47786.29,3.2,20476.49,0.429,6,0,0.192,9727.37,1805.17,921.84,24,34,0,rent,debt_consolidation,1
68,46389.62,12.5,14734.87,0.318,7,0,0.377,6274.89,4220.23,10792.35,48,47,0,own,debt_consolidation,1
57,66268.65,9.7,11986.94,0.181,11,0,0.122,5287.63,3385.08,4534.46,60,34,0,own,car,1
51,61776.08,11.9,24800.59,0.401,0,1,0.718,2927.38,10087.66,8246.96,12,28,0,rent,medical,1
36,54138.62,6.5,13936.66,0.257,2,1,0.498,1927.54,2185.62,3437.3,12,11,0,mortgage,car,1
19,68842.04,6.1,11833.41,0.172,8,0,0.644,10277.15,4430.82,12707.78,24,0,0,own,education,1
25,39417.03,11.7,18359.46,0.466,1,1,0.623,2989.09,0.0,12394.95,48,4,0,mortgage,debt_consolidation,0
34,42924.92,11.8,13974.42,0.326,2,1,0.225,1245.83,6237.89,4775.62,12,11,0,own,business,1
21,70074.83,14.8,11928.66,0.17,0,0,0.538,7676.85,2799.39,11466.27,12,0,0,own,education,1
44,63459.06,8.0,12321.23,0.194,0,0,0.391,6681.61,8350.59,12653.62,60,21,0,mortgage,business,1
58,28117.76,6.5,9081.54,0.323,5,1,0.412,9043.86,932.4,16202.28,36,40,0,own,medical,1
68,57825.87,0.0,14118.16,0.244,7,0,0.404,470.2,3627.45,3616.72,12,43,0,rent,business,1
43,110437.18,0.0,11604.2,0.105,1,0,0.523,1991.69,3047.94,6412.8,24,20,0,own,debt_consolidation,1
63,73987.63,5.0,25418.38,0.344,11,0,0.787,686.95,1474.93,7647.3,36,40,0,mortgage,home_improvement,1
69,48248.93,1.5,18586.85,0.385,9,1,0.713,1799.65,2509.54,6755.42,24,45,0,rent,business,1
62,44111.95,11.1,884.78,0.02,7,3,0.122,3287.2,2635.35,17744.32,12,42,0,rent,medical,1
42,64475.59,0.4,19635.44,0.305,0,0,0.394,3877.02,3122.22,10329.07,36,24,0,own,car,1
35,84158.31,4.5,27426.82,0.326,6,1,0.59,18345.94,0.0,4393.32,12,13,0,mortgage,business,0
68,31734.3,4.7,6219.73,0.196,11,0,0.433,1969.46,2565.72,20513.13,60,45,0,rent,debt_consolidation,1
31,62902.22,13.0,12550.73,0.2,2,1,0.215,681.64,0.0,11002.51,48,13,0,rent,debt_consolidation,1
39,51205.42,4.0,9645.01,0.188,6,3,0.577,14692.79,2548.61,6555.43,24,19,0,own,education,1
22,60991.44,9.3,15615.26,0.256,6,0,0.58,9151.46,0.0,2650.88,60,0,0,rent,debt_consolidation,0
59,35370.93,8.0,15928.52,0.45,8,1,0.665,5085.01,3950.29,7026.89,36,36,0,own,business,1
52,84136.7,11.5,22597.76,0.269,11,0,0.348,2015.75,10792.44,15667.9,24,27,0,rent,education,1
23,92199.48,11.3,50399.35,0.547,1,0,0.728,7969.8,8875.19,8075.59,24,5,0,own,car,0
30,71638.26,6.8,15714.86,0.219,0,0,0.343,13639.7,3070.02,6747.9,48,7,0,rent,debt_consolidation,0
47,98946.65,0.0,38649.45,0.391,1,0,0.228,16405.1,2927.79,10339.78,48,26,0,mortgage,education,1
46,50375.33,5.8,15664.3,0.311,3,2,0.884,2043.29,2719.37,7350.49,24,27,0,mortgage,car,0
59,62401.42,6.9,26459.01,0.424,4,1,0.391,4666.63,3989.0,11856.15,60,35,0,mortgage,car,0
32,72005.86,8.4,35342.87,0.491,10,0,0.044,11976.95,6538.0,13078.36,12,10,0,rent,debt_consolidation,1
66,64763.73,3.3,18858.69,0.291,6,0,0.212,5626.88,5605.9,4732.65,36,41,0,mortgage,medical,1
41,52481.94,12.7,14803.79,0.282,8,2,0.298,3101.66,0.0,14483.2,24,20,0,rent,home_improvement,0
60,54331.71,7.1,28232.99,0.52,6,4,0.434,1518.0,5420.89,4726.28,60,37,0,own,medical,0
31,89156.58,2.4,45901.33,0.515,11,2,0.3,6660.98,7662.75,1739.03,12,13,0,own,education,1
20,56853.34,4.7,31178.84,0.548,3,0,0.574,11733.95,1567.75,8828.02,60,2,1,own,business,0
21,82436.74,16.6,8485.4,0.103,8,0,0.68,15479.3,1507.88,18180.46,48,0,0,rent,car,1
38,55874.54,10.3,1223.17,0.022,3,0,0.749,5766.61,3897.14,8580.6,60,16,0,rent,education,0
67,82261.43,12.2,20711.33,0.252,2,1,0.542,7760.11,6224.76,2678.46,24,48,0,rent,education,1
21,58875.58,1.8,24060.7,0.409,11,2,0.286,8115.79,680.94,9196.71,24,0,0,rent,debt_consolidation,1
37,69945.69,3.6,4099.77,0.059,0,0,0.413,6776.71,4866.83,12130.78,12,13,0,mortgage,medical,1
24,45837.72,3.6,9993.03,0.218,3,1,0.364,4436.22,3478.72,12280.33,48,3,0,mortgage,car,0
66,62355.86,7.9,20463.54,0.328,4,2,0.759,1091.37,6832.27,14294.37,12,48,0,own,education,1
53,46053.55,6.1,6109.01,0.133,1,2,0.417,1399.64,2814.59,9016.45,24,32,0,mortgage,education,1
57,49974.1,4.6,20364.71,0.408,9,2,0.18,6288.69,0.0,13148.06,36,35,1,mortgage,business,1
55,51290.41,5.2,7265.54,0.142,4,0,0.307,4590.53,4065.72,4407.76,12,37,0,own,car,1
52,54025.45,3.0,25151.88,0.466,5,1,0.463,4367.99,0.0,11712.69,36,29,0,rent,debt_consolidation,0
58,78897.99,6.1,16141.33,0.205,3,1,0.265,4603.4,1906.87,6268.32,36,35,0,mortgage,home_improvement,1
19,49353.08,12.6,16645.99,0.337,10,0,0.231,10116.53,0.0,16151.56,12,0,0,rent,home_improvement,1
63,60214.18,0.0,18570.15,0.308,5,1,0.247,7729.36,5501.17,8904.76,36,41,0,rent,debt_consolidation,1
56,82354.88,8.7,14586.43,0.177,9,1,0.286,9183.84,1017.76,1650.14,36,32,1,rent,car,1
56,69446.76,13.9,17549.75,0.253,7,1,0.304,1959.1,8099.78,6677.24,48,34,0,rent,education,1
39,31926.69,6.1,14953.37,0.468,11,2,0.546,3553.28,280.01,13233.14,24,20,0,rent,medical,1
59,35083.06,4.4,10897.59,0.311,7,3,0.206,13040.54,0.0,8466.63,24,36,0,mortgage,education,1
38,65172.55,11.6,3223.51,0.049,11,1,0.511,854.04,3211.1,2618.16,60,18,0,rent,medical,1
21,48551.93,2.1,19319.16,0.398,8,0,0.365,7236.7,13.18,4143.18,12,0,0,rent,education,1
65,33637.78,6.9,3925.52,0.117,0,1,0.527,2724.22,4456.86,22292.33,24,42,0,rent,education,1
30,47420.57,1.8,13164.58,0.278,1,0,0.754,3772.09,1550.15,10082.59,24,9,0,rent,business,1
24,65998.33,0.0,17709.04,0.268,9,1,0.533,11621.54,8208.67,9146.4,24,6,0,rent,debt_consolidation,0
50,51105.6,6.2,14199.08,0.278,0,2,0.236,2046.3,2625.36,7324.75,60,30,0,own,medical,0
30,58287.2,0.7,2123.84,0.036,2,0,0.459,3390.12,4923.86,9966.78,60,11,0,mortgage,business,1
62,52596.24,6.9,8645.03,0.164,9,1,0.343,3564.1,2114.3,10723.36,60,41,1,mortgage,home_improvement,0
41,45318.42,12.6,2124.97,0.047,4,0,0.47,1687.03,8407.66,3142.53,12,22,0,own,business,1
19,61950.32,16.3,14863.56,0.24,2,0,0.157,4069.09,571.46,6612.59,12,0,0,rent,home_improvement,1
67,32594.74,7.5,11385.62,0.349,2,0,0.207,1362.13,0.0,5021.15,60,44,0,rent,home_improvement,1
45,43512.23,12.1,15954.16,0.367,3,0,0.709,3615.86,3466.9,3325.42,24,25,0,own,business,1
32,73890.8,9.0,4005.65,0.054,10,0,0.314,11257.48,1139.37,1914.55,48,10,0,rent,business,1
53,35415.4,5.1,2939.88,0.083,5,1,0.169,1267.44,2722.8,23484.25,12,32,0,own,debt_consolidation,0
46,57321.38,0.0,21243.22,0.371,11,0,0.664,5235.1,3622.78,29497.26,48,23,0,own,car,1
20,49808.92,15.1,15018.86,0.302,8,1,0.304,3851.41,2002.15,23177.25,36,0,0,own,home_improvement,1
57,48290.84,1.8,22296.29,0.462,3,2,0.289,3616.29,2236.79,13236.41,60,32,0,own,home_improvement,1
39,76323.79,13.9,9824.81,0.129,1,0,0.283,2564.98,6650.02,9509.28,12,17,0,rent,education,0
54,81510.01,9.7,6829.02,0.084,11,0,0.592,14492.4,3961.65,5998.2,12,32,0,mortgage,home_improvement,1
64,40225.48,2.1,8522.69,0.212,10,0,0.229,7150.83,2374.46,6702.45,48,43,1,own,home_improvement,1
50,23473.29,8.6,8395.12,0.358,1,0,0.229,1722.77,980.62,3581.64,24,32,0,rent,business,1
53,54170.18,17.7,15035.62,0.278,3,0,0.106,7707.86,8021.84,7692.91,60,29,0,mortgage,education,1
31,30063.89,14.7,2172.25,0.072,8,0,0.512,1418.84,3972.84,2459.76,24,9,0,mortgage,business,1
31,74825.14,4.4,4323.76,0.058,11,1,0.345,11528.55,0.0,8894.05,36,11,0,rent,medical,1
40,56336.71,3.4,21361.62,0.379,10,0,0.369,1974.8,3762.94,3735.3,36,18,0,rent,debt_consolidation,0
62,34691.02,7.5,6153.95,0.177,3,0,0.273,1041.8,899.85,13746.35,36,42,0,mortgage,car,1
45,44176.22,6.2,16558.38,0.375,10,0,0.311,3805.77,194.59,6337.23,48,21,0,rent,debt_consolidation,1
36,39118.44,13.0,6896.77,0.176,8,2,0.229,10122.16,0.0,15807.42,36,16,0,own,home_improvement,0
58,43377.74,10.7,8104.74,0.187,5,1,0.415,1207.14,2185.98,15927.75,36,33,0,own,car,1
62,30880.95,0.0,4051.64,0.131,4,1,0.365,435.87,1674.79,11372.17,24,40,0,mortgage,car,1
65,88813.07,9.3,48080.73,0.541,9,0,0.162,13516.51,11941.96,17353.95,12,43,0,mortgage,car,1
34,40700.6,6.1,1160.67,0.029,10,0,0.774,3655.36,4844.93,8616.88,48,16,0,rent,car,1
55,57276.23,7.2,5008.45,0.087,10,0,0.491,5578.77,5226.93,15260.55,60,31,1,own,medical,0
49,65794.29,8.2,30478.14,0.463,5,0,0.579,3945.49,6813.77,10065.87,48,29,0,rent,home_improvement,1
41,81551.03,13.0,7602.65,0.093,3,0,0.468,9788.47,8909.64,15853.7,12,23,0,mortgage,home_improvement,1
39,57929.69,11.9,9776.76,0.169,10,1,0.159,8263.82,5274.3,9327.7,12,21,0,rent,business,1
24,52334.78,3.3,8335.68,0.159,3,0,0.206,1132.83,7112.53,14846.91,36,3,0,mortgage,business,1
33,58735.23,6.7,22871.64,0.389,9,1,0.045,1016.66,187.23,14278.81,24,9,0,mortgage,business,1
47,40155.04,4.8,9554.35,0.238,6,1,0.288,1251.77,1698.4,9261.66,24,26,0,rent,home_improvement,1
64,41165.59,0.0,19163.06,0.466,7,0,0.565,1874.14,1450.48,4893.61,36,44,0,rent,debt_consolidation,1
63,51939.37,6.5,21613.86,0.416,2,0,0.777,3561.0,2030.48,14930.13,36,43,0,own,medical,0
28,27768.0,16.2,8371.6,0.301,2,2,0.173,2441.87,1640.68,9259.48,60,9,0,rent,home_improvement,1
53,45624.41,0.0,6935.04,0.152,7,0,0.212,5848.08,6765.89,15425.36,48,32,0,rent,business,1
23,48823.35,6.9,21481.4,0.44,3,0,0.314,2209.07,5440.58,6070.33,12,2,0,mortgage,car,1
53,104418.44,6.7,50013.82,0.479,8,0,0.63,15372.31,13347.06,2480.9,36,33,0,own,debt_consolidation,1
36,85255.07,8.4,39492.69,0.463,11,1,0.428,7621.74,5351.48,2126.45,12,16,0,mortgage,car,1
41,65713.61,2.2,3115.37,0.047,0,1,0.199,6639.39,3976.1,4810.94,60,17,0,own,medical,1
55,75472.46,0.0,29428.08,0.39,11,0,0.134,1630.23,7214.05,15227.63,12,30,0,own,education,1
40,41056.96,0.1,16138.98,0.393,2,1,0.121,1524.68,3624.06,6519.61,60,16,0,rent,business,0
60,59258.83,13.7,30804.52,0.52,1,0,0.168,3371.52,5228.94,11102.69,24,37,0,mortgage,medical,1
46,72249.58,2.1,11534.18,0.16,10,2,0.067,33066.27,13191.81,10843.57,60,28,0,mortgage,business,0
69,41173.35,4.5,17983.03,0.437,2,0,0.385,5966.18,3950.97,1701.93,48,48,0,rent,education,1
51,35113.86,17.5,13526.6,0.385,7,0,0.47,2526.0,959.0,11608.19,36,28,0,own,business,1
34,63386.45,3.3,30788.4,0.486,1,0,0.393,3084.1,1994.85,11354.44,12,9,0,mortgage,business,0
58,36300.79,8.7,14064.86,0.387,1,1,0.668,9715.93,3948.06,4935.86,48,35,0,rent,business,1
39,67739.35,12.3,31959.49,0.472,2,0,0.567,6325.57,7102.86,10028.81,12,16,1,rent,medical,1
46,81059.51,12.1,17069.1,0.211,6,1,0.746,3090.08,9370.74,17321.89,36,21,0,rent,business,0
25,41583.73,0.3,4305.62,0.104,3,0,0.128,1250.92,3855.26,8553.31,60,6,0,rent,home_improvement,1
25,42587.89,3.4,9053.19,0.213,2,1,0.012,4865.64,624.42,13438.43,48,0,0,mortgage,medical,1
48,80222.06,8.5,36258.56,0.452,10,0,0.33,5729.11,11511.94,7589.71,12,27,0,mortgage,business,1
28,58033.14,16.6,5209.9,0.09,2,0,0.306,9788.67,7765.45,22893.33,12,3,0,mortgage,business,1
69,76482.99,3.2,27389.4,0.358,1,0,0.052,2075.43,3624.2,4411.1,24,47,0,mortgage,home_improvement,1
62,52558.67,4.5,28560.63,0.543,1,2,0.21,7807.31,4467.04,9345.96,48,38,0,mortgage,business,1
54,53846.61,9.1,26619.5,0.494,10,0,0.848,8504.45,4090.02,2940.34,24,29,0,mortgage,car,1
56,57535.02,10.1,21617.47,0.376,5,0,0.661,11208.17,2766.83,10709.58,48,35,0,mortgage,car,1
49,96473.58,10.4,42457.45,0.44,11,1,0.258,4099.74,840.04,2067.23,48,27,0,rent,business,1
22,74416.86,2.8,6082.28,0.082,9,0,0.745,11081.68,7098.67,7939.86,48,2,0,mortgage,car,1
39,45145.97,4.3,12838.7,0.284,3,0,0.331,2642.42,0.0,18979.9,60,16,0,mortgage,medical,1
44,60673.23,8.1,18318.07,0.302,9,2,0.543,2062.67,2238.71,13381.99,60,22,0,mortgage,business,1
65,51368.26,13.3,22336.39,0.435,5,0,0.654,3745.25,7821.22,3344.82,48,46,0,mortgage,medical,1
30,48290.56,5.8,8198.5,0.17,6,0,0.111,439.78,4224.64,16390.12,24,8,0,mortgage,medical,1
44,67099.04,6.9,5128.86,0.076,6,0,0.722,6763.82,5758.74,7841.34,36,23,0,rent,car,1
36,62537.28,1.9,24389.56,0.39,9,0,0.339,4699.73,3248.19,7256.91,48,12,0,mortgage,education,1
25,41733.92,16.3,11730.36,0.281,2,0,0.283,818.72,0.0,6886.69,36,6,0,mortgage,medical,1
24,57582.38,7.8,26857.34,0.466,0,1,0.65,5915.71,5031.6,6535.69,60,3,0,mortgage,business,0
37,47815.37,12.4,13158.29,0.275,8,0,0.54,6832.31,4380.46,4207.97,36,16,0,rent,education,1
23,65672.27,7.1,30769.0,0.469,11,0,0.374,4490.53,6985.92,6319.57,60,2,0,mortgage,debt_consolidation,1
22,47139.51,7.4,13630.51,0.289,6,0,0.603,2509.49,2217.25,7681.0,60,0,0,own,debt_consolidation,1
36,53953.51,0.0,23460.62,0.435,1,0,0.234,6317.15,2494.42,1849.17,24,13,0,mortgage,medical,1
29,48715.08,0.0,19583.22,0.402,1,1,0.487,10353.51,4631.4,5283.98,60,5,0,own,home_improvement,0
47,32255.84,13.3,5193.96,0.161,6,3,0.192,2113.59,121.74,12221.76,36,24,0,own,business,0
19,94720.09,7.4,17426.71,0.184,10,0,0.464,27184.99,10165.38,7671.16,48,0,0,own,business,0
34,57374.27,8.0,28490.55,0.497,7,3,0.378,10145.9,3365.22,13407.65,48,16,0,own,medical,0
42,95919.33,0.8,13662.15,0.142,3,0,0.534,5319.79,7800.01,2690.97,60,21,0,own,medical,1
68,58227.1,2.5,22689.66,0.39,7,0,0.269,2280.93,10600.34,2606.62,60,43,0,own,medical,1
51,71133.24,12.3,6893.78,0.097,1,0,0.144,8557.73,3775.11,9551.69,36,26,0,mortgage,business,1
63,46090.19,15.7,19368.66,0.42,5,2,0.35,1283.34,3393.72,4792.18,12,44,0,own,home_improvement,1
36,46456.17,3.9,6426.91,0.138,11,1,0.267,1292.61,3166.68,5127.62,36,17,0,mortgage,home_improvement,1
41,56326.97,10.4,18861.35,0.335,7,0,0.394,3279.08,0.0,6301.04,48,20,0,mortgage,medical,1
40,95605.36,8.0,30502.8,0.319,1,0,0.173,5262.25,9296.66,5355.79,48,21,0,rent,medical,1
64,42187.95,6.4,5394.26,0.128,2,2,0.26,10563.44,0.0,6742.3,48,46,0,own,education,1
67,30032.01,16.3,8422.29,0.28,0,1,0.493,4672.52,3139.55,10473.95,24,49,0,rent,home_improvement,1
68,79573.1,4.7,38672.64,0.486,4,2,0.444,12734.29,2553.18,28976.72,60,47,0,own,business,1
57,72621.47,13.2,27645.58,0.381,2,1,0.115,8504.5,2160.81,5389.19,48,35,0,rent,debt_consolidation,1
44,49594.72,8.9,27084.02,0.546,11,1,0.387,2880.53,3210.98,15282.82,48,24,0,rent,car,1
46,108960.53,6.9,47486.5,0.436,3,0,0.348,7343.24,40.98,1422.07,36,21,0,rent,car,1
69,110737.33,13.9,39979.65,0.361,0,0,0.063,12134.3,6762.23,7239.45,24,45,0,own,home_improvement,1
33,31606.32,8.5,10066.52,0.318,5,1,0.494,1059.09,375.25,8506.87,60,8,0,rent,home_improvement,0
36,45748.55,6.5,23644.55,0.517,8,1,0.063,1522.63,100.65,5275.41,48,13,0,own,business,0
64,56194.39,13.9,16819.94,0.299,8,1,0.303,8119.1,3132.54,6837.91,24,45,0,mortgage,medical,1
38,65073.99,13.2,15189.35,0.233,11,0,0.255,8229.38,8319.22,7875.34,24,13,0,rent,home_improvement,1
30,61835.09,13.0,28585.23,0.462,4,1,0.29,1916.46,6355.33,4215.98,48,6,0,mortgage,car,0
47,57303.4,0.0,29702.05,0.518,6,0,0.865,1723.58,2262.21,9898.27,36,22,0,mortgage,car,0
35,40205.23,9.2,11009.24,0.274,6,0,0.318,1275.2,2351.23,9321.84,12,17,0,mortgage,debt_consolidation,1
64,67786.38,8.1,6286.27,0.093,0,1,0.406,9636.61,2678.72,7440.79,12,41,0,mortgage,medical,1
65,69082.22,6.8,23656.35,0.342,0,0,0.249,11879.8,480.48,7127.47,36,43,0,own,debt_consolidation,1
34,77620.21,10.0,32031.35,0.413,9,0,0.522,2669.79,1110.49,12294.73,12,16,0,rent,home_improvement,1
46,38479.72,8.3,8389.62,0.218,4,1,0.29,3529.16,3074.57,11397.9,48,22,0,rent,education,0
69,53278.04,10.4,22183.68,0.416,8,0,0.92,1758.2,1606.42,5388.7,24,50,0,rent,medical,1
56,48820.57,5.7,14717.31,0.301,11,0,0.379,9738.73,3106.68,15509.42,60,36,0,rent,debt_consolidation,1
29,38261.55,14.5,6876.32,0.18,2,0,0.346,594.42,598.15,9498.95,48,11,0,own,car,1
49,53004.57,10.9,18744.87,0.354,9,1,0.876,5332.09,5632.01,6928.14,60,28,0,mortgage,medical,1
50,40824.32,9.7,9232.1,0.226,2,0,0.138,2349.54,4025.96,15584.49,48,29,0,mortgage,education,1
52,36354.76,9.5,15887.66,0.437,8,0,0.414,1239.58,5253.2,2432.17,36,29,0,rent,medical,0
20,72941.63,12.8,1577.9,0.022,1,0,0.102,1531.17,9828.67,5195.48,48,0,0,own,medical,0
34,49509.59,12.1,22459.25,0.454,3,1,0.611,1374.37,1019.13,16068.47,36,10,0,mortgage,home_improvement,1
62,45050.28,6.4,8221.0,0.182,5,1,0.373,3014.87,1066.3,9721.76,60,43,0,rent,education,1
31,84150.05,12.0,44481.89,0.529,5,0,0.47,3831.74,7088.38,10500.81,24,9,0,own,medical,1
34,69781.2,7.9,29472.6,0.422,0,0,0.44,6205.31,1559.64,7720.71,12,12,0,rent,medical,0
35,29141.9,16.6,4305.75,0.148,10,0,0.5,7547.52,2285.56,4699.57,60,10,0,rent,education,1
28,65217.09,12.5,35136.59,0.539,0,1,0.322,9886.74,3218.85,7503.36,60,6,0,mortgage,education,0
26,65113.31,3.9,18542.82,0.285,10,0,0.097,9353.1,7325.15,11854.02,48,4,0,own,car,1
36,52289.92,18.7,15537.93,0.297,2,1,0.137,7343.35,5957.38,7605.44,12,18,0,rent,home_improvement,1
63,51651.86,0.0,25931.54,0.502,8,1,0.513,5880.76,2652.16,11815.63,24,43,0,own,business,0
19,33335.75,10.2,16893.01,0.507,8,0,0.278,5680.36,0.0,10005.34,24,0,0,rent,business,1
33,108488.91,3.5,42239.91,0.389,5,0,0.669,5576.72,12713.28,5068.8,60,9,0,rent,debt_consolidation,1
22,52938.11,16.4,28511.32,0.539,6,2,0.415,6030.25,1911.7,10003.19,24,4,0,own,medical,0
47,64034.61,8.3,12442.01,0.194,0,0,0.353,911.7,4193.8,12802.42,48,23,0,mortgage,car,1
31,53889.67,3.0,7713.68,0.143,10,0,0.602,7642.55,3224.27,4111.46,60,6,0,rent,car,0
59,45285.8,5.7,1607.92,0.036,1,2,0.564,3937.64,3888.82,6467.0,48,36,0,mortgage,medical,1
48,74863.73,3.4,15239.47,0.204,7,0,0.397,5730.58,2661.2,7148.57,36,29,0,rent,education,1
58,60062.79,5.5,20385.05,0.339,0,1,0.419,1875.29,644.68,9179.24,12,39,0,rent,education,1
51,53083.23,5.4,9653.23,0.182,8,1,0.111,1239.17,3941.12,19761.29,24,30,0,rent,home_improvement,1
41,63805.96,3.2,20877.23,0.327,4,0,0.559,3501.54,6890.5,4856.5,12,23,0,own,home_improvement,0
62,55509.97,8.4,2533.72,0.046,5,2,0.573,4816.44,3358.71,6967.83,12,37,0,mortgage,medical,1
43,98304.61,9.0,20414.75,0.208,0,0,0.425,15116.96,5933.06,5084.0,36,25,0,rent,education,1
67,73990.71,2.0,30812.88,0.416,2,1,0.612,12625.1,543.14,2439.85,48,43,0,mortgage,medical,1
69,67258.01,0.0,5064.07,0.075,5,1,0.64,10567.36,6212.62,11181.82,12,49,0,own,car,1
49,34496.76,8.6,13759.51,0.399,8,2,0.57,4127.92,3311.17,19205.56,24,29,0,own,business,0
53,68044.84,9.7,28888.77,0.425,7,1,0.368,1524.77,4171.42,11816.66,48,34,0,rent,debt_consolidation,1
32,67475.05,10.7,21689.42,0.321,3,0,0.477,5181.87,1211.1,4394.84,12,12,0,own,car,1
60,41048.41,9.8,20098.39,0.49,7,0,0.351,8805.09,2904.52,4414.29,48,38,0,mortgage,medical,0
53,34263.07,14.9,18019.59,0.526,2,0,0.266,8889.6,2568.39,6859.35,36,28,0,mortgage,debt_consolidation,1
65,72951.37,12.0,2799.81,0.038,6,0,0.434,1588.95,4713.95,5376.8,24,44,0,rent,medical,1
32,76061.71,20.4,28896.91,0.38,6,0,0.71,4373.34,951.55,4697.94,36,10,0,rent,debt_consolidation,1
59,46532.42,22.5,6779.89,0.146,2,0,0.512,10400.24,3692.34,13355.93,36,41,0,rent,medical,1
42,45872.09,0.0,10841.28,0.236,2,0,0.221,7963.29,3431.23,13792.31,60,22,0,own,car,1
28,59722.39,0.0,20919.07,0.35,6,0,0.197,4937.18,5231.96,6346.11,60,4,0,rent,car,0
27,49458.23,7.0,19659.86,0.398,7,1,0.342,5053.69,2960.22,13677.46,60,9,0,own,business,1
47,34041.66,9.5,15839.62,0.465,11,1,0.307,3922.87,4454.16,13589.24,48,25,0,mortgage,home_improvement,0
35,40904.92,6.6,16110.61,0.394,5,0,0.616,7268.61,2723.12,4183.19,36,16,0,rent,debt_consolidation,1
24,63257.41,10.5,27328.56,0.432,5,0,0.029,11027.44,8629.4,7659.5,24,3,0,mortgage,debt_consolidation,0
40,41614.88,5.6,14045.34,0.338,5,0,0.202,2620.21,3238.05,2861.06,36,19,0,mortgage,education,1
52,77383.73,3.5,6348.66,0.082,10,0,0.171,16554.41,677.19,4937.64,36,31,0,rent,medical,1
35,67109.2,4.3,2104.41,0.031,3,1,0.35,15521.02,7278.49,15918.7,60,13,0,rent,business,0
67,64099.21,6.0,19280.08,0.301,4,0,0.569,4520.39,3106.04,18755.05,36,49,0,mortgage,home_improvement,1
58,59311.96,11.2,23679.52,0.399,4,1,0.333,13215.13,2637.1,10042.9,48,37,0,rent,debt_consolidation,1
45,44645.7,4.6,3468.92,0.078,7,1,0.185,3111.96,5293.71,13707.97,12,23,0,rent,education,1
66,70185.45,5.6,17372.78,0.248,8,0,0.636,9715.21,294.51,5657.59,36,46,0,rent,education,1
41,44248.62,9.9,6892.78,0.156,5,0,0.332,10871.32,0.0,5535.5,24,16,0,rent,education,1
26,78878.73,6.0,25285.31,0.321,3,0,0.461,15186.74,4394.39,10946.47,48,2,0,rent,education,1
20,92658.22,12.6,21030.31,0.227,8,0,0.201,4234.33,7573.81,6973.25,12,0,0,rent,business,1
66,59945.63,2.4,7599.77,0.127,3,1,0.214,6818.28,6596.68,1863.63,12,48,0,own,business,1
67,88235.4,1.3,1970.13,0.022,10,1,0.826,11294.28,6521.39,6757.82,12,49,0,rent,medical,1
56,41079.53,8.5,7821.88,0.19,7,0,0.635,4119.25,0.0,15033.86,36,34,0,rent,education,1
24,67361.7,9.0,19775.1,0.294,5,0,0.633,3339.36,1220.4,7642.05,24,2,0,mortgage,education,1
33,56831.87,2.7,29125.24,0.512,2,1,0.038,2664.02,209.31,13987.85,12,15,0,mortgage,car,0
21,73379.09,13.7,10314.33,0.141,9,1,0.247,5357.36,0.0,2354.67,60,3,1,rent,debt_consolidation,0
21,29601.46,16.6,8628.68,0.291,7,3,0.298,680.02,1721.59,8043.32,48,0,0,own,medical,0
31,71891.49,3.9,23022.76,0.32,10,0,0.488,9004.28,6629.27,6318.18,36,6,0,own,car,1
48,45970.37,14.4,16737.38,0.364,8,2,0.461,12608.6,5297.04,3319.71,48,30,0,rent,debt_consolidation,1
22,57747.81,0.0,11211.17,0.194,9,2,0.043,4647.6,5283.19,7755.73,24,0,0,own,business,1
69,107790.0,12.4,7839.07,0.073,1,0,0.497,5068.11,4178.24,6661.05,12,47,0,rent,medical,1
42,68118.53,2.7,34625.93,0.508,0,0,0.375,1934.88,8227.67,17350.07,12,19,0,mortgage,medical,1
32,65123.13,11.9,34187.06,0.525,7,0,0.355,11906.57,3656.52,15294.1,60,12,0,own,car,0
45,63367.26,2.2,15985.18,0.252,0,0,0.26,7260.03,4416.05,7004.78,24,21,0,own,debt_consolidation,1
59,81736.43,6.7,26785.42,0.328,10,1,0.945,8177.24,2742.53,7343.95,60,36,0,rent,car,0
34,74238.06,2.9,2626.84,0.035,10,1,0.665,8572.86,4039.64,5220.1,24,10,0,own,debt_consolidation,1
21,63599.94,5.9,2863.54,0.045,7,1,0.437,7445.53,2900.63,3777.65,36,0,0,own,car,0
21,61010.13,16.1,3699.27,0.061,8,0,0.443,7684.79,0.0,8830.18,60,0,0,rent,education,1
62,59681.64,6.5,24561.11,0.412,5,3,0.448,6522.26,5879.74,2125.11,48,37,0,rent,debt_consolidation,1
24,55819.41,17.6,7838.96,0.14,11,0,0.272,7868.57,4189.28,6041.21,36,3,0,rent,car,0
51,38284.72,5.1,4508.3,0.118,0,0,0.32,4592.1,4073.92,3680.29,36,30,0,mortgage,home_improvement,1
38,67629.25,14.5,1651.35,0.024,3,1,0.627,911.76,2128.17,10310.74,60,13,0,mortgage,debt_consolidation,1
58,47405.57,0.0,1523.41,0.032,8,1,0.454,2072.4,4832.53,12651.41,36,38,0,rent,car,1
22,53638.49,5.6,12597.18,0.235,9,0,0.407,2338.34,0.0,7481.58,24,4,0,own,business,1
64,75955.48,4.3,23325.12,0.307,2,2,0.873,3597.83,7119.96,6629.89,48,42,0,own,education,1
54,56245.8,14.7,18386.83,0.327,9,0,0.451,1772.2,5650.26,13351.79,12,33,0,rent,car,1
41,54832.17,7.9,14404.02,0.263,5,0,0.323,5838.96,808.33,5274.22,12,23,0,rent,debt_consolidation,0
29,60005.06,0.0,15815.38,0.264,10,0,0.058,8706.0,7350.87,13032.16,60,8,0,rent,medical,1
68,51440.19,0.4,21561.94,0.419,3,1,0.385,924.17,7437.78,9686.61,60,46,0,mortgage,medical,1
34,106919.53,1.9,18547.56,0.173,8,0,0.327,3785.88,4054.91,7754.53,48,10,0,rent,home_improvement,1
44,101416.93,11.7,14805.9,0.146,2,0,0.093,2195.17,14110.8,16912.73,12,24,0,own,debt_consolidation,1
39,100438.72,11.0,47486.61,0.473,1,0,0.197,1032.2,0.0,13180.48,48,20,0,own,business,1
30,63436.96,5.5,24442.88,0.385,8,0,0.422,5541.12,3796.91,3209.14,60,9,0,mortgage,business,1
40,46457.43,4.3,12670.76,0.273,8,1,0.333,601.72,0.0,6157.0,12,17,0,rent,debt_consolidation,1
26,76659.81,10.6,12722.81,0.166,3,0,0.702,6438.5,8673.98,3927.78,12,4,0,mortgage,home_improvement,1
19,51567.01,1.4,4764.19,0.092,7,1,0.033,5175.94,0.0,6771.58,24,0,0,mortgage,medical,1
33,78982.24,9.3,3146.12,0.04,11,1,0.24,6389.42,0.0,14474.77,24,15,0,own,car,0
24,45778.19,8.9,21596.03,0.472,4,1,0.558,3753.1,3652.33,12022.56,12,0,0,rent,debt_consolidation,0
40,64948.34,5.6,21724.85,0.334,6,0,0.101,4752.59,7695.13,3394.46,12,20,0,mortgage,home_improvement,1
63,82846.8,9.0,3669.25,0.044,2,2,0.621,12740.6,3847.59,5444.38,24,39,0,rent,car,1
27,52487.99,7.5,5461.44,0.104,6,0,0.493,12223.24,3856.92,6329.06,24,5,0,mortgage,education,1
19,52427.33,9.5,8816.65,0.168,10,1,0.366,5570.65,8113.75,9572.76,48,0,0,rent,home_improvement,1
24,35280.03,0.3,5624.62,0.159,7,0,0.384,1593.78,675.0,10200.23,48,0,0,rent,car,0
44,46218.53,10.1,14357.66,0.311,1,1,0.293,1615.32,813.21,2217.32,60,26,0,mortgage,home_improvement,1
33,63027.9,12.1,14603.89,0.232,8,0,0.472,763.68,7623.08,15025.89,60,8,1,mortgage,home_improvement,0
43,66184.73,8.6,32270.01,0.488,5,0,0.753,13338.18,5154.68,6560.09,60,19,1,mortgage,education,0
20,69409.65,10.0,27853.24,0.401,0,2,0.694,4607.3,9572.19,13820.06,48,0,0,mortgage,business,0
35,31364.57,6.5,15766.6,0.503,7,2,0.367,2201.99,58.96,3287.75,24,16,1,mortgage,home_improvement,0
39,51645.81,11.5,24650.23,0.477,3,2,0.711,4430.06,0.0,2684.71,24,19,1,rent,debt_consolidation,0
40,36512.31,7.3,18560.14,0.508,11,0,0.57,2008.26,0.0,9922.31,24,16,0,mortgage,car,0
47,61983.33,1.3,33434.19,0.539,11,1,0.204,6106.32,6322.45,5813.34,48,29,0,rent,business,1
58,33349.61,11.1,6176.32,0.185,8,1,0.641,3422.22,4225.22,6921.63,60,36,0,own,medical,1
42,39647.86,0.0,5199.05,0.131,7,0,0.536,4492.21,4765.71,6680.16,12,24,0,rent,business,1
61,73803.78,8.4,7936.18,0.108,3,1,0.358,1589.96,6969.79,9456.04,24,43,0,own,education,1
46,47888.62,5.1,16899.27,0.353,0,1,0.019,358.79,6192.36,9015.28,36,25,0,mortgage,business,0
32,88502.61,4.8,33711.74,0.381,0,1,0.38,13211.36,3212.38,11053.25,36,14,0,rent,medical,0
30,70023.2,7.9,4660.32,0.067,5,2,0.534,4788.89,0.0,16229.23,36,7,0,own,education,1
35,52582.55,3.5,23933.89,0.455,3,0,0.209,2114.91,0.0,22382.85,24,16,0,rent,home_improvement,0
49,77766.27,9.6,33830.29,0.435,11,2,0.496,12610.17,0.0,13965.0,12,25,0,rent,education,1
31,54020.96,7.3,19074.33,0.353,3,0,0.696,2252.91,0.0,12306.59,12,11,0,mortgage,car,1
65,72370.82,3.9,18156.0,0.251,2,2,0.381,2741.8,0.0,7785.36,12,41,0,mortgage,home_improvement,1
43,45506.06,13.7,4616.06,0.101,9,1,0.664,2344.78,928.0,1154.64,12,23,0,rent,medical,0
63,79326.57,8.0,22843.19,0.288,10,2,0.267,3531.87,7695.12,5643.35,48,42,0,rent,business,1
53,34258.75,10.2,3575.23,0.104,4,0,0.222,1558.95,2788.03,10050.38,12,34,0,own,medical,1
36,39630.06,14.1,13499.54,0.341,0,0,0.438,5484.79,5631.06,2299.67,24,13,0,own,education,1
30,41705.94,14.0,7685.63,0.184,1,0,0.336,8808.64,195.43,10735.78,48,6,0,own,debt_consolidation,1
56,47011.88,9.9,7102.19,0.151,6,2,0.364,1533.51,4011.2,2883.45,60,31,0,rent,debt_consolidation,1
35,63771.0,5.5,16182.35,0.254,10,0,0.297,5300.5,8447.75,5321.38,48,13,0,mortgage,education,1
31,57223.59,0.0,18756.62,0.328,4,0,0.612,2649.38,2353.15,6521.13,12,12,0,mortgage,medical,1
66,72653.6,8.0,15602.79,0.215,0,1,0.624,12587.15,3226.25,4438.45,12,48,0,own,business,1
43,83251.35,12.5,44182.31,0.531,4,0,0.357,8806.52,11301.66,5369.1,12,24,0,mortgage,car,1
21,33154.01,8.8,766.71,0.023,0,3,0.286,2808.6,1620.31,10502.95,12,3,0,rent,debt_consolidation,0
44,86762.77,0.0,43712.5,0.504,5,0,0.166,11604.19,12001.73,11461.48,24,23,0,own,business,0
42,53636.18,11.4,1092.17,0.02,5,3,0.72,8635.02,0.0,11659.32,36,20,0,mortgage,business,0
63,99723.22,11.7,13448.41,0.135,8,0,0.154,13093.66,14721.56,11337.31,60,39,0,own,car,1
55,44874.75,5.5,24594.33,0.548,0,1,0.742,5742.05,5812.97,13696.71,36,32,0,rent,car,0
28,30377.98,11.9,12330.14,0.406,5,0,0.461,6964.26,572.54,13351.84,60,8,0,own,medical,1
26,70289.6,10.1,25415.6,0.362,2,0,0.152,7832.65,3602.73,14830.79,48,3,1,rent,home_improvement,1
49,68814.3,3.6,27858.04,0.405,5,0,0.471,2687.66,317.46,10212.7,12,31,0,rent,car,0
21,39951.46,13.4,9444.4,0.236,11,0,0.286,3677.87,1677.48,14072.74,24,0,0,own,home_improvement,0
35,41181.9,0.7,17940.12,0.436,8,0,0.701,2367.32,0.0,18422.44,36,10,1,mortgage,car,0
26,74498.57,6.7,7604.82,0.102,10,0,0.114,16314.22,0.0,3925.6,36,3,0,mortgage,education,1
20,64788.16,6.2,28556.22,0.441,0,2,0.689,3997.59,257.31,11521.06,48,0,0,mortgage,medical,1
65,51906.75,2.9,26885.06,0.518,9,0,0.481,3292.75,6151.4,3206.06,48,41,0,mortgage,home_improvement,0
23,66965.39,8.5,31780.03,0.475,10,1,0.174,4845.5,0.0,9497.72,48,5,0,rent,car,1
19,62655.31,13.6,25815.26,0.412,8,1,0.083,6243.47,8477.58,5029.05,12,1,0,rent,business,1
66,42531.2,13.2,15533.67,0.365,9,1,0.322,2059.01,4780.25,13989.51,24,43,0,own,car,1
28,76402.65,10.6,22628.85,0.296,0,1,0.308,3703.71,10126.19,10947.43,60,5,0,mortgage,home_improvement,1
60,71341.19,0.0,16370.54,0.229,8,0,0.636,2749.3,5985.72,12050.11,12,42,0,rent,car,1
20,57648.38,0.3,27601.84,0.479,10,0,0.068,11758.32,8596.75,6391.33,60,1,0,own,education,1
26,74515.26,7.8,27060.44,0.363,2,0,0.038,9158.12,0.0,17327.34,24,7,0,own,business,0
24,104265.56,6.8,26118.23,0.25,5,1,0.856,7120.84,14084.58,7203.82,24,5,0,own,business,1
55,41031.11,4.5,17887.09,0.436,5,0,0.492,2223.26,8975.1,4796.58,12,37,0,rent,medical,0
50,52657.33,16.5,2563.1,0.049,1,1,0.718,1942.27,2816.7,6292.11,36,26,0,rent,home_improvement,1
43,53496.74,7.5,24124.52,0.451,1,2,0.574,3250.93,3418.39,4598.84,24,23,0,own,home_improvement,0
31,73957.11,9.7,33256.45,0.45,3,0,0.177,5093.0,1523.22,5878.56,24,6,0,mortgage,home_improvement,0
23,46829.03,11.9,6608.54,0.141,1,1,0.424,8228.21,3277.37,7109.38,48,3,0,rent,medical,1
48,72549.07,7.3,2899.49,0.04,6,1,0.692,2547.69,5511.84,16111.2,60,28,0,rent,car,1
30,48577.55,20.0,19346.75,0.398,0,0,0.662,4696.83,0.0,2998.72,48,8,0,mortgage,home_improvement,0
49,39573.63,2.3,4983.59,0.126,0,1,0.111,4728.3,3849.26,5678.28,12,27,0,rent,business,1
54,58760.46,4.0,32194.36,0.548,7,1,0.509,2596.82,7177.39,11554.45,48,35,0,own,home_improvement,0
62,48241.42,2.3,1199.6,0.025,3,1,0.291,806.3,1090.65,8519.7,12,39,0,rent,car,1
44,60670.7,14.8,8602.48,0.142,4,1,0.038,5709.54,2757.24,11681.81,60,24,0,own,home_improvement,1
19,65435.74,11.0,2767.48,0.042,4,0,0.474,2382.07,7137.52,19303.84,48,0,0,mortgage,medical,0
33,33862.97,4.3,14723.87,0.435,5,1,0.207,3531.48,684.25,7869.04,36,15,0,mortgage,medical,1
62,50010.65,2.7,16338.91,0.327,5,0,0.818,4759.18,5192.6,4511.49,24,39,0,mortgage,business,1
46,58776.31,13.9,27605.49,0.47,1,0,0.347,8863.36,4759.13,7721.96,60,28,0,mortgage,car,1
50,74624.07,8.8,39564.57,0.53,0,0,0.472,11902.39,13686.88,6266.07,60,27,0,rent,car,1
42,71518.85,14.1,24556.78,0.343,5,0,0.468,1413.8,4309.53,6159.72,48,24,0,mortgage,medical,1
27,43650.2,6.7,6234.53,0.143,6,0,0.134,5231.95,1744.97,4589.21,60,7,0,own,education,1
64,54347.23,9.6,3755.62,0.069,9,4,0.555,5622.65,4294.7,14739.37,48,41,0,own,debt_consolidation,0
58,66566.43,8.5,31893.2,0.479,2,0,0.641,6718.1,4822.74,2921.9,60,38,1,own,debt_consolidation,1
69,53134.25,3.9,7965.36,0.15,1,0,0.54,8601.38,7877.9,13148.04,12,49,0,rent,medical,1
62,44971.82,6.3,22196.5,0.494,7,0,0.141,1718.77,6549.68,11601.2,12,37,0,own,home_improvement,1
33,56510.89,1.1,27435.61,0.485,10,0,0.511,9044.42,1705.96,2346.93,24,14,0,own,medical,1
31,64480.48,9.5,22744.77,0.353,2,2,0.51,7698.54,3678.98,9675.68,12,13,0,rent,medical,0
31,42346.4,10.8,14402.77,0.34,1,2,0.336,706.54,1352.37,3514.0,48,12,0,rent,debt_consolidation,0
65,68961.09,12.0,36131.34,0.524,4,0,0.24,3589.97,1591.59,7644.18,60,43,0,mortgage,debt_consolidation,1
47,59905.12,10.3,25201.37,0.421,6,2,0.736,4941.37,0.0,7529.82,48,25,0,mortgage,car,0
42,69799.17,6.4,26673.01,0.382,7,0,0.224,1322.85,10547.24,5164.54,36,23,0,mortgage,debt_consolidation,1
68,56103.7,14.8,14078.81,0.251,1,2,0.286,6578.75,1859.85,7349.34,48,49,0,rent,education,1
49,98444.51,11.5,27221.79,0.277,7,1,0.727,15862.33,4367.12,16384.59,48,31,0,rent,home_improvement,0
65,64069.01,13.9,14487.81,0.226,4,2,0.56,9061.31,13145.32,3068.32,12,42,1,rent,home_improvement,0
69,72441.93,14.3,37782.1,0.522,0,2,0.1,9505.71,2510.62,6947.82,48,50,0,mortgage,debt_consolidation,1
23,68867.69,6.4,24668.63,0.358,11,1,0.509,3887.79,3960.78,3116.65,12,0,0,own,debt_consolidation,0
37,54119.13,8.9,23465.66,0.434,6,0,0.431,6319.26,4330.84,22560.51,60,16,0,own,education,1
56,62187.01,10.9,2469.81,0.04,3,1,0.528,13876.37,5197.04,5329.91,12,34,0,mortgage,medical,1
60,47173.65,1.3,22255.86,0.472,9,1,0.098,1341.69,1685.66,4998.01,48,38,0,own,business,1
26,95849.12,1.4,23133.02,0.241,9,0,0.279,2379.43,11773.23,24546.91,12,1,0,rent,debt_consolidation,1
35,66398.9,0.5,27269.7,0.411,2,0,0.192,2479.65,4959.74,10623.92,48,16,0,mortgage,business,1
46,44145.43,6.5,1819.38,0.041,11,1,0.339,3458.03,3190.98,13673.36,12,25,0,own,debt_consolidation,1
59,87969.76,5.3,43435.31,0.494,6,0,0.343,3087.02,2901.2,1674.91,48,37,0,own,medical,1
24,55006.55,0.0,20336.92,0.37,3,1,0.309,7394.28,3307.95,12871.04,24,0,0,own,car,0
49,75871.96,7.7,19914.53,0.262,5,0,0.785,6393.57,8755.79,5714.05,48,24,1,mortgage,medical,0
34,33597.71,6.5,6077.35,0.181,2,0,0.287,2761.65,3882.78,11538.53,60,14,0,mortgage,business,1
30,82304.64,12.9,15213.42,0.185,10,2,0.513,13297.52,3721.11,12175.05,36,8,0,rent,medical,0
45,65496.85,17.1,11841.9,0.181,3,0,0.554,1348.68,1831.7,2405.8,24,27,0,mortgage,education,1
40,43058.84,9.3,3851.34,0.089,5,1,0.364,4382.93,4762.0,3253.17,36,22,0,rent,car,1
51,65120.38,3.5,17310.24,0.266,0,0,0.492,6883.13,5322.45,3870.49,12,26,0,mortgage,car,0
35,92378.12,10.2,24050.44,0.26,11,0,0.38,18347.36,10208.59,12261.83,60,16,0,mortgage,home_improvement,1
60,47612.33,7.0,11347.28,0.238,3,1,0.707,14533.69,867.55,3324.45,12,40,0,own,home_improvement,1
22,47413.49,5.8,18616.43,0.393,7,1,0.358,1274.28,3110.02,2456.32,48,4,0,rent,car,0
62,53857.37,2.7,13060.51,0.243,4,0,0.199,2918.25,5958.41,4208.09,48,40,0,mortgage,home_improvement,1
20,58597.45,4.7,3936.11,0.067,6,1,0.407,715.09,1820.08,1929.35,60,0,0,own,car,1
56,77564.56,6.1,36578.79,0.472,6,0,0.116,2598.83,12490.22,7723.29,48,36,0,mortgage,education,1
36,66694.61,11.0,16360.42,0.245,3,0,0.735,13890.93,9882.68,5218.4,48,11,0,mortgage,home_improvement,1
38,53842.5,9.6,19776.43,0.367,5,1,0.361,7531.11,3040.71,4249.75,24,17,0,own,education,1
19,63059.39,16.1,32339.7,0.513,7,0,0.286,4250.33,3583.71,15679.67,24,0,0,rent,education,0
54,97729.26,10.4,41704.01,0.427,2,0,0.332,7509.74,8084.68,7653.29,36,34,0,mortgage,car,1
27,70484.51,9.1,21537.49,0.306,1,0,0.314,1858.46,5298.01,8743.6,60,9,0,mortgage,home_improvement,1
52,55678.8,5.5,17197.06,0.309,2,0,0.07,1666.76,7093.31,7294.7,36,28,0,mortgage,debt_consolidation,1
55,53339.95,1.8,25083.19,0.47,4,0,0.289,4276.06,1206.82,10042.8,24,31,1,rent,medical,0
62,61844.96,4.2,28233.78,0.457,2,0,0.028,3090.91,1432.07,14569.57,24,38,0,rent,car,1
55,77239.91,3.5,8858.33,0.115,3,0,0.268,10442.1,6195.88,7927.33,24,33,0,mortgage,home_improvement,1
34,45529.55,0.0,16028.48,0.352,8,1,0.279,7026.8,4162.03,11315.29,48,14,0,mortgage,debt_consolidation,1
56,73657.9,2.0,35269.56,0.479,8,0,0.735,3967.27,4778.36,7968.99,24,32,0,rent,medical,1
61,55322.12,15.0,24660.0,0.446,11,1,0.477,5854.02,6165.21,5695.98,60,38,0,own,medical,1
35,57937.29,8.8,4988.37,0.086,9,1,0.25,4455.82,7823.53,9770.89,48,14,1,rent,business,0
25,124773.4,5.1,31307.79,0.251,5,0,0.431,9342.19,12979.4,17490.62,24,2,1,own,debt_consolidation,1
64,71158.7,9.0,20967.87,0.295,11,0,0.069,14436.73,6064.7,13133.68,36,43,0,own,business,1
26,48711.81,0.0,7630.17,0.157,11,2,0.527,1086.42,2720.02,3191.06,24,3,0,rent,business,0
49,65434.68,8.4,24873.99,0.38,2,0,0.186,12997.42,4607.76,10083.53,36,24,1,rent,business,0
31,78554.8,13.4,21398.33,0.272,2,1,0.659,11290.28,0.0,4248.58,36,13,0,mortgage,business,0
25,71418.9,6.4,12689.68,0.178,10,0,0.683,7275.56,513.4,9063.17,48,5,0,rent,home_improvement,1
58,28957.05,0.0,5749.08,0.199,10,0,0.131,3843.0,3752.91,2779.96,24,38,0,mortgage,car,1
26,22383.64,4.9,10610.61,0.474,10,1,0.277,1634.2,3454.86,8656.13,60,7,0,mortgage,business,1
53,57168.83,13.4,27388.78,0.479,5,2,0.906,2969.92,0.0,4707.25,48,28,0,rent,home_improvement,1
54,66371.32,8.3,29904.2,0.451,10,2,0.265,2503.86,6238.38,8143.39,24,29,0,mortgage,education,1
22,64622.23,0.0,32592.25,0.504,9,1,0.57,9479.13,0.0,6235.74,60,3,1,mortgage,medical,0
27,49936.71,18.8,26202.91,0.525,8,0,0.519,4730.39,7443.82,6851.66,48,2,0,own,business,0
59,71826.75,0.7,20159.53,0.281,7,1,0.549,17669.22,4728.55,17878.35,24,36,0,rent,education,1
44,82426.79,5.8,5873.15,0.071,3,1,0.253,11339.85,15877.91,9064.28,36,26,0,mortgage,business,0
25,34171.0,1.8,15173.21,0.444,8,0,0.677,3479.99,1190.36,7142.95,12,0,0,mortgage,medical,0
69,33260.73,1.8,11831.47,0.356,10,0,0.578,1662.14,1369.67,15642.16,60,50,0,mortgage,debt_consolidation,1
32,65245.78,4.7,14463.3,0.222,10,0,0.099,3738.96,5653.29,13369.72,48,12,1,rent,business,0
19,73801.71,10.2,39633.92,0.537,7,0,0.208,3421.83,8254.87,4935.38,12,0,0,mortgage,debt_consolidation,1
66,47675.07,13.5,9511.33,0.2,0,1,0.459,5382.08,5112.13,17235.78,48,44,0,rent,debt_consolidation,1
19,29416.98,5.1,14739.26,0.501,8,0,0.22,2096.03,3393.74,2914.36,24,0,1,rent,medical,0
47,57474.12,1.9,19200.36,0.334,3,0,0.332,2962.0,3182.11,4705.59,36,27,0,own,home_improvement,1
69,64938.16,9.4,2559.88,0.039,2,0,0.658,16862.35,7529.1,9492.65,12,49,0,rent,medical,1
48,52483.26,9.5,24980.86,0.476,0,1,0.374,9091.99,9333.84,9897.83,12,29,0,mortgage,education,1
48,79218.58,8.2,33586.49,0.424,1,0,0.203,6499.08,8454.79,16620.34,12,28,0,mortgage,home_improvement,0
38,63654.51,8.4,22948.62,0.361,5,0,0.626,5582.38,1640.19,7244.08,12,15,0,rent,debt_consolidation,0
25,46098.37,6.4,15937.64,0.346,3,0,0.161,6561.56,4057.32,17093.26,48,5,0,mortgage,business,1
48,47560.48,7.5,6467.41,0.136,4,0,0.276,3471.81,0.0,25709.68,60,25,0,rent,car,1
64,57873.56,6.1,7736.4,0.134,6,1,0.015,1569.55,5890.64,5541.71,48,45,0,mortgage,education,1
23,51366.99,12.4,1821.54,0.035,6,0,0.523,2458.9,0.0,7833.36,60,2,0,rent,medical,1
63,32659.23,18.1,3321.21,0.102,4,0,0.574,2900.11,3350.22,4810.33,36,44,0,mortgage,medical,0
40,61887.38,7.9,12274.44,0.198,5,0,0.307,5447.84,4001.02,5062.5,24,17,0,own,car,1
46,47946.88,7.0,14699.75,0.307,10,2,0.725,844.93,5605.31,8428.81,60,26,0,mortgage,medical,1
27,50479.43,8.3,4509.25,0.089,3,1,0.528,7129.61,3487.76,6119.19,24,9,0,rent,medical,1
50,40920.75,3.7,12911.04,0.316,0,0,0.339,771.54,5619.72,5059.46,48,28,0,own,education,0
28,93232.37,10.8,14876.13,0.16,9,0,0.479,3193.89,8884.25,5755.29,12,8,1,rent,home_improvement,1
32,69763.18,9.2,10785.35,0.155,0,2,0.267,10443.53,8493.53,5497.17,48,14,0,rent,education,1
55,101314.9,4.9,52927.96,0.522,9,0,0.134,7012.49,4808.61,9118.68,24,34,0,mortgage,home_improvement,1
21,52400.63,11.5,28607.74,0.546,3,0,0.503,9653.71,2349.11,3767.74,24,3,0,mortgage,car,1
41,71074.88,7.1,31988.13,0.45,10,0,0.152,11595.93,0.0,12258.83,48,20,0,own,debt_consolidation,1
49,62236.84,2.1,3038.88,0.049,2,0,0.438,1664.51,609.2,13161.37,60,27,0,own,business,1
25,46651.88,8.8,18948.82,0.406,1,0,0.135,2819.92,3336.24,1162.88,48,7,0,own,car,0
34,52232.09,8.2,5984.0,0.115,4,0,0.281,2632.54,3653.25,12604.26,36,15,0,mortgage,business,1
36,69720.42,11.8,22428.17,0.322,5,1,0.878,3830.73,6049.55,5926.59,48,18,0,own,medical,1
52,40903.12,11.2,20192.57,0.494,8,0,0.546,1992.04,1317.69,5971.63,60,33,0,mortgage,education,0
68,79485.92,6.5,17606.43,0.222,7,0,0.213,2613.18,5975.51,9454.99,48,44,0,rent,car,1
61,60583.32,4.6,31035.99,0.512,11,0,0.309,10457.49,8117.95,5933.53,36,43,0,mortgage,debt_consolidation,1
28,75934.29,7.0,30027.25,0.395,8,0,0.292,2717.43,6709.36,8745.49,36,10,0,mortgage,education,1
19,65022.01,8.8,11673.81,0.18,2,0,0.5,4360.73,4465.12,8597.22,36,0,0,mortgage,education,1
21,34248.17,9.4,2407.86,0.07,1,0,0.289,1152.13,2773.13,7880.63,36,2,1,rent,education,0
49,57182.84,8.5,25854.43,0.452,3,0,0.152,5229.03,7368.92,12005.46,48,29,0,mortgage,car,1
26,80072.59,6.5,21040.79,0.263,11,0,0.235,5212.0,6035.11,8673.56,24,4,0,rent,medical,1
30,60296.01,12.0,3528.98,0.059,9,2,0.537,3163.85,2454.08,3470.15,60,8,0,rent,debt_consolidation,1
62,57653.08,3.6,4304.08,0.075,8,1,0.398,9898.75,2375.19,11029.76,36,44,0,mortgage,medical,1
63,60277.07,19.4,32096.91,0.532,3,1,0.68,4373.78,2378.55,2794.77,24,41,0,rent,debt_consolidation,0
61,31938.49,10.8,4752.16,0.149,5,2,0.686,2487.3,1220.27,19007.09,60,36,0,rent,debt_consolidation,0
31,82882.39,1.4,44117.74,0.532,8,0,0.582,1450.31,8798.08,4515.63,60,11,0,rent,car,0
50,27408.59,7.9,10443.07,0.381,11,2,0.526,2407.7,4157.75,4603.59,36,30,1,mortgage,home_improvement,0
50,88768.61,10.9,15912.69,0.179,7,1,0.648,12071.8,4104.42,17788.08,12,26,0,rent,education,1
28,51228.79,5.3,11443.27,0.223,0,2,0.527,2129.06,1104.4,7207.74,36,7,0,rent,medical,1
47,66502.91,0.0,28717.98,0.432,10,0,0.263,4317.85,209.55,6587.05,12,22,0,own,education,1
45,31163.85,1.8,7814.96,0.251,11,1,0.67,6090.16,4767.7,724.69,60,21,0,own,car,1
39,73534.41,9.7,4383.97,0.06,0,2,0.263,3797.97,8455.73,6306.38,12,18,0,mortgage,car,1
57,69378.61,0.0,9837.99,0.142,4,0,0.711,8440.76,2262.85,7300.56,48,34,0,rent,medical,1
53,67990.48,0.0,32362.3,0.476,11,0,0.271,4642.81,5009.62,16804.78,36,28,0,rent,home_improvement,1
46,30769.43,9.7,11968.46,0.389,11,0,0.761,5353.28,4209.74,5935.52,48,23,0,own,business,0
56,44711.87,5.9,12766.96,0.286,11,0,0.311,4479.96,2838.41,17063.93,48,37,0,mortgage,business,1
57,65133.95,3.5,9777.43,0.15,11,2,0.574,2978.29,7151.61,9096.27,24,32,0,rent,debt_consolidation,0
47,82108.6,4.5,22295.2,0.272,0,0,0.754,2085.81,4832.98,15033.94,60,23,0,mortgage,car,0
32,42666.64,0.0,18691.83,0.438,1,3,0.23,9539.53,2214.16,5977.8,48,9,0,rent,business,0
57,43028.38,9.4,2720.16,0.063,5,1,0.517,4872.34,0.0,13973.56,36,35,0,mortgage,education,0
55,63741.75,3.0,34881.2,0.547,7,0,0.779,6272.31,2960.02,4318.53,60,32,0,own,business,1
69,120501.83,4.3,57319.6,0.476,4,0,0.448,6979.47,4803.25,9117.95,48,47,0,own,home_improvement,1
26,46908.86,8.7,8843.35,0.189,3,1,0.752,979.98,4347.86,4159.18,24,4,0,mortgage,business,0
40,51033.59,5.7,24567.86,0.481,3,2,0.339,5307.95,4039.5,5462.86,48,15,0,own,debt_consolidation,1
66,48675.16,3.5,18560.26,0.381,7,0,0.486,4900.23,3726.34,4026.22,12,45,0,own,car,1
45,55363.27,0.0,20659.79,0.373,11,0,0.513,6693.85,6327.6,14508.1,36,20,0,mortgage,business,1
67,84339.3,8.8,7931.79,0.094,9,0,0.337,15603.09,0.0,8872.96,24,49,0,rent,car,1
19,56306.2,7.4,28160.09,0.5,2,1,0.589,5291.04,3614.38,12319.6,36,1,0,mortgage,home_improvement,1
20,124895.48,4.4,32308.11,0.259,1,0,0.629,2293.05,1021.33,12449.84,24,1,0,own,medical,1
59,59593.44,1.8,26561.44,0.446,3,0,0.076,7575.23,243.64,3842.48,24,40,0,rent,education,1
37,87148.26,7.1,15577.54,0.179,8,0,0.585,19931.89,4543.71,10258.31,24,16,0,rent,debt_consolidation,1
45,52236.99,9.4,9572.01,0.183,0,1,0.218,3947.48,3539.0,20562.77,48,25,0,rent,debt_consolidation,1
40,38318.9,7.5,20358.27,0.531,8,0,0.755,2786.71,3517.07,7288.86,12,21,0,rent,business,1
39,56276.4,15.2,15939.15,0.283,6,0,0.738,3803.62,4978.58,9482.21,36,18,0,rent,education,1
66,68325.95,10.5,3535.33,0.052,7,1,0.134,5780.15,1731.5,15063.61,36,44,0,mortgage,debt_consolidation,1
23,44835.01,6.5,20755.22,0.463,10,0,0.082,4646.12,2547.32,6668.64,60,1,0,rent,medical,1
58,82350.94,10.7,11564.7,0.14,7,0,0.134,9883.7,11407.25,13158.47,24,37,0,own,business,1
64,49417.37,7.2,24003.97,0.486,7,1,0.318,2514.68,7282.25,11084.61,24,40,0,rent,business,1
52,40925.8,7.2,20696.72,0.506,5,0,0.197,2189.17,2100.39,8404.86,12,32,0,mortgage,car,1
39,115847.74,13.5,6784.74,0.059,7,0,0.258,483.65,8261.01,9588.68,12,14,0,rent,business,1
27,44108.89,2.5,14498.04,0.329,4,0,0.527,807.57,963.89,4249.17,48,3,0,mortgage,debt_consolidation,0
53,48958.74,7.1,26447.89,0.54,0,2,0.265,3047.28,5778.65,23208.47,36,32,0,mortgage,medical,1
42,72037.15,12.9,36982.96,0.513,0,1,0.165,7558.19,13144.44,7170.02,48,19,0,rent,home_improvement,1
26,51666.51,8.5,15416.2,0.298,8,0,0.622,3049.52,2061.93,9766.55,36,6,0,rent,home_improvement,0
37,41376.42,5.2,15750.41,0.381,7,0,0.299,5585.2,5191.82,3542.94,48,14,0,mortgage,business,1
68,47444.92,0.0,16143.55,0.34,4,2,0.512,2264.82,4910.43,11295.17,24,44,0,rent,car,1
32,103758.13,0.0,13252.43,0.128,8,0,0.359,5195.07,6046.68,7799.27,36,9,0,rent,business,1
28,69130.96,17.4,25308.06,0.366,5,1,0.464,11333.94,2202.69,9275.08,48,5,0,own,education,1
53,73659.18,8.5,14478.8,0.197,3,0,0.066,7546.07,14038.43,6242.29,48,34,0,rent,medical,1
29,62724.39,4.1,12490.0,0.199,7,0,0.72,9346.45,6584.43,11276.7,24,11,0,rent,medical,1
65,66206.51,8.7,16061.28,0.243,4,1,0.197,7013.79,7587.08,12400.8,24,47,0,own,debt_consolidation,1
62,50429.53,2.3,23785.28,0.472,11,0,0.358,4425.23,2828.5,5972.7,36,39,0,rent,home_improvement,1
69,60175.66,5.3,8805.1,0.146,8,0,0.337,6241.98,4195.25,4511.92,60,47,0,mortgage,medical,1
65,30021.98,2.3,4590.95,0.153,8,1,0.1,916.62,174.94,4681.08,36,41,0,mortgage,home_improvement,1
31,78314.12,0.0,1870.94,0.024,8,0,0.498,837.24,8200.32,15432.43,36,11,0,own,business,0
29,50284.09,0.0,5136.7,0.102,8,0,0.423,1397.73,2410.62,5630.06,12,11,0,mortgage,medical,0
36,39317.94,0.0,21180.58,0.539,9,1,0.507,702.03,603.17,14197.59,12,13,0,rent,car,1
42,61296.43,12.1,15321.11,0.25,5,0,0.679,6179.84,1466.21,8579.52,48,20,0,own,debt_consolidation,1
63,54082.94,2.1,6675.85,0.123,9,2,0.033,8987.62,10124.17,6713.84,12,45,0,mortgage,debt_consolidation,1
56,77362.49,9.7,41142.25,0.532,0,1,0.328,2293.59,4006.81,2360.35,36,38,0,rent,car,1
51,56676.54,11.8,1948.11,0.034,7,3,0.515,5464.13,4821.86,20395.92,12,28,0,own,home_improvement,0
63,47122.88,7.1,13034.57,0.277,6,0,0.1,9798.38,326.01,8189.09,60,43,0,rent,car,1
51,57118.65,5.5,25500.0,0.446,0,0,0.005,8188.13,3267.91,6434.23,24,30,0,rent,medical,1
38,90632.25,7.7,38935.38,0.43,7,0,0.777,9844.86,0.0,8465.99,48,20,0,rent,car,1
40,78236.18,4.9,9410.65,0.12,0,0,0.841,6407.65,6670.3,9284.42,36,15,0,rent,education,1
45,69071.27,13.0,27292.03,0.395,8,0,0.133,7079.72,1460.21,5502.53,48,20,0,rent,education,1
23,79394.06,16.4,27773.07,0.35,6,2,0.426,7179.83,8461.32,6887.08,36,2,0,mortgage,car,1
56,70840.15,14.2,26770.24,0.378,7,1,0.618,5132.06,0.0,4080.73,24,34,0,rent,car,1
52,43122.72,0.0,6944.29,0.161,7,2,0.424,1498.01,1512.01,5637.28,60,33,0,mortgage,medical,1
56,73860.09,4.8,33214.09,0.45,3,0,0.208,3671.55,9269.68,7844.11,48,31,0,own,education,1
46,82613.12,7.0,26138.45,0.316,7,0,0.714,8043.41,11840.17,3533.02,48,21,0,rent,medical,1
58,84219.44,9.3,34049.19,0.404,2,0,0.404,13234.27,5639.8,7289.04,48,33,0,own,car,1
67,40313.84,0.0,20881.52,0.518,9,0,0.128,1232.91,1904.83,6891.86,60,47,0,own,debt_consolidation,1
48,49003.69,0.0,23199.01,0.473,1,1,0.223,13477.2,3552.34,5884.48,60,27,0,own,home_improvement,1
41,46720.0,13.5,20306.33,0.435,1,0,0.678,773.05,7908.13,13019.64,12,20,0,mortgage,car,1
24,52076.2,4.2,9035.94,0.174,8,0,0.606,2049.75,2772.77,4153.2,48,2,0,mortgage,home_improvement,0
58,66685.88,0.0,3245.2,0.049,0,0,0.563,6688.96,4457.25,8519.32,60,39,0,mortgage,home_improvement,1
65,60792.92,1.5,19731.05,0.325,11,0,0.388,7729.46,852.43,5653.94,12,42,0,rent,debt_consolidation,1
54,60798.75,9.0,2328.1,0.038,0,0,0.086,3060.9,1993.15,8777.92,60,34,0,rent,education,1
63,37073.12,2.9,14774.4,0.399,6,0,0.198,3103.11,3288.27,8588.68,36,44,0,mortgage,medical,1
62,48427.55,8.2,19880.26,0.411,11,2,0.481,3504.17,5391.06,23877.25,12,41,0,mortgage,car,1
59,86372.1,2.1,27495.95,0.318,8,0,0.789,5436.5,7064.06,29042.33,48,41,0,rent,debt_consolidation,1
44,82489.92,0.0,9001.34,0.109,7,1,0.157,3203.53,8925.47,5210.95,24,26,0,own,debt_consolidation,1
24,56369.47,14.1,27290.29,0.484,8,0,0.619,5559.91,938.06,7629.53,60,0,0,own,medical,0
19,73927.99,9.0,24827.85,0.336,8,0,0.12,7568.69,863.91,5124.04,60,0,0,mortgage,medical,1
29,64711.87,5.3,18953.64,0.293,1,0,0.626,5278.52,6884.52,8510.82,24,7,0,own,home_improvement,0
40,76655.78,4.4,24592.99,0.321,3,0,0.677,10362.87,3285.37,5291.25,60,21,0,own,debt_consolidation,1
56,75017.36,14.3,4795.87,0.064,2,0,0.517,7385.83,595.68,5131.61,24,31,0,rent,debt_consolidation,1
42,57824.03,10.0,23848.46,0.412,2,0,0.571,2588.04,4441.38,6341.73,24,21,0,own,medical,0
20,69212.64,12.7,3613.67,0.052,2,0,0.391,14501.23,4911.27,6476.44,60,0,0,mortgage,business,1
29,66105.86,4.1,21586.58,0.327,7,0,0.269,7707.49,3779.55,1793.95,36,11,0,own,medical,1
68,58319.21,7.3,6397.98,0.11,11,0,0.048,3765.45,8515.6,6712.14,48,48,0,mortgage,car,1
69,54315.24,9.0,7065.44,0.13,6,1,0.552,3113.71,8712.14,20953.63,24,45,0,own,medical,0
38,98555.41,4.2,14155.0,0.144,0,0,0.393,5575.58,11299.94,5267.68,36,18,0,own,education,1
60,58342.67,6.5,1609.21,0.028,8,0,0.609,1911.26,5142.41,12965.96,60,41,0,rent,medical,1
55,72396.02,4.1,35667.68,0.493,6,1,0.761,3510.15,9822.07,10398.42,48,35,0,mortgage,debt_consolidation,0
66,95840.88,9.0,42768.48,0.446,9,0,0.882,8668.97,7145.51,6307.28,60,48,0,mortgage,home_improvement,1
64,69174.5,0.4,2530.53,0.037,4,1,0.22,8250.5,3941.48,4766.39,12,45,0,rent,business,1
51,68150.62,9.9,3421.34,0.05,5,0,0.749,13140.23,2554.69,3982.56,60,28,0,rent,debt_consolidation,1
39,58451.99,8.6,25422.21,0.435,7,1,0.418,3827.22,1610.64,4770.91,24,18,0,rent,home_improvement,1
50,66495.77,6.0,1569.68,0.024,8,2,0.21,6421.49,7518.53,3444.03,48,32,0,own,business,1
35,52870.31,9.2,14199.35,0.269,2,0,0.604,5026.62,0.0,2423.9,36,15,0,rent,medical,1
36,131023.39,5.2,10071.45,0.077,7,0,0.278,6295.08,4841.6,4475.76,12,13,0,mortgage,education,1
50,37329.58,3.6,12451.84,0.334,11,1,0.48,4168.44,1828.46,13593.74,12,26,0,mortgage,business,1
48,55394.64,9.7,30418.33,0.549,0,1,0.142,1379.01,0.0,11130.57,60,29,0,rent,home_improvement,0
48,69550.98,9.9,7732.08,0.111,3,2,0.504,5262.91,3275.61,5811.99,60,24,1,rent,home_improvement,0
38,68170.76,4.5,35928.88,0.527,6,0,0.413,4429.5,4864.26,14529.29,24,14,0,mortgage,car,1
39,52841.42,4.0,25295.38,0.479,11,0,0.302,2688.54,6236.87,4785.23,60,20,0,mortgage,car,1
19,33361.58,6.1,18098.76,0.543,11,1,0.336,3413.69,1380.02,3034.7,48,0,0,rent,education,1
49,39153.27,4.2,16682.42,0.426,7,0,0.401,7574.35,2807.34,19753.6,36,27,0,mortgage,medical,1
48,62168.2,14.6,29480.59,0.474,6,1,0.281,9127.96,0.0,8943.05,36,23,0,rent,debt_consolidation,1
66,30549.23,8.6,10238.17,0.335,4,0,0.122,2857.02,178.48,10474.94,24,41,0,own,car,1
44,71172.74,7.1,34138.76,0.48,5,1,0.08,9917.08,0.0,5047.38,60,21,0,rent,home_improvement,1
42,84882.79,2.3,6714.36,0.079,8,0,0.236,19689.4,9813.37,5395.64,48,24,0,own,education,1
22,75365.11,10.7,31131.58,0.413,6,0,0.256,3416.69,3788.87,5903.53,60,0,0,mortgage,medical,0
29,80385.96,3.9,28394.21,0.353,6,0,0.36,6047.79,6247.16,11055.84,60,5,0,mortgage,medical,1
36,30881.74,3.7,1597.16,0.052,10,1,0.456,3391.56,2867.11,892.15,60,14,0,rent,debt_consolidation,1
38,53508.52,10.9,9339.53,0.175,1,1,0.118,6203.23,5730.25,4021.37,60,19,0,own,business,1
37,42093.49,8.9,5663.12,0.135,11,0,0.572,2769.46,7026.85,4521.75,48,13,0,own,home_improvement,1
39,34966.89,0.0,8208.23,0.235,8,1,0.153,3313.01,2258.87,11872.33,24,19,0,own,education,1
58,49977.75,6.2,6253.58,0.125,7,1,0.187,3424.88,1553.79,27721.87,36,34,0,mortgage,medical,1
25,94995.54,7.6,15736.93,0.166,6,0,0.659,7497.96,9650.02,6979.07,48,3,0,own,education,1
35,104230.26,5.3,18437.91,0.177,6,0,0.263,1904.02,19262.94,3924.9,36,14,0,rent,debt_consolidation,1
27,43769.08,7.8,14789.56,0.338,6,0,0.163,8459.6,1737.98,3735.3,12,3,0,rent,home_improvement,0
34,59677.64,0.0,5459.5,0.091,4,2,0.111,874.26,1606.38,8312.6,48,14,0,own,home_improvement,1
53,66186.22,0.0,9781.24,0.148,8,0,0.488,3583.38,0.0,15960.57,48,34,0,rent,car,1
21,53632.41,2.1,10087.64,0.188,3,0,0.912,6399.27,0.0,12830.56,24,0,0,mortgage,business,1
36,86992.66,8.4,22444.63,0.258,7,0,0.491,13817.15,11973.29,9612.33,24,11,1,own,education,0
20,50219.47,0.0,2018.17,0.04,6,0,0.244,3403.21,2912.25,3604.78,48,2,0,rent,education,1
67,47584.15,2.8,26151.39,0.55,4,0,0.373,6146.8,465.29,8363.83,60,46,0,rent,education,1
56,44492.24,0.0,7973.35,0.179,9,0,0.62,3393.97,2972.91,2862.02,60,33,0,rent,education,1
31,53511.62,5.8,9219.67,0.172,3,0,0.141,5406.45,10527.42,17326.86,48,11,0,mortgage,business,1
29,24617.32,16.8,7731.84,0.314,7,1,0.477,1386.41,1646.31,5061.66,48,10,0,own,debt_consolidation,1
24,54329.47,5.9,25678.12,0.473,3,0,0.493,6555.32,8823.19,6182.96,12,5,0,rent,medical,1
43,60867.56,6.5,15953.93,0.262,2,0,0.157,1800.26,1206.41,14704.5,36,18,0,rent,debt_consolidation,1
57,27723.11,11.2,4210.72,0.152,6,2,0.079,7460.7,3872.4,6024.12,36,37,0,mortgage,home_improvement,1
48,62120.59,7.1,19873.25,0.32,11,2,0.569,3027.04,2398.66,17814.04,12,30,0,own,debt_consolidation,1
63,41310.59,5.9,11400.05,0.276,3,0,0.427,1349.41,1164.35,500.0,36,43,0,rent,debt_consolidation,1
36,61732.17,11.6,15076.83,0.244,1,1,0.413,4947.44,1215.4,4681.33,12,16,0,mortgage,car,1
33,61313.51,9.4,33198.69,0.541,1,0,0.415,3838.96,3094.48,11271.93,60,9,0,rent,education,1
43,61756.97,8.4,33833.78,0.548,5,0,0.425,11817.42,7130.56,12358.48,12,25,0,own,medical,1
29,75859.16,6.3,24110.34,0.318,9,0,0.287,18235.82,3230.21,4884.98,36,8,0,mortgage,medical,0
68,20932.34,5.3,1173.09,0.056,8,3,0.256,1048.52,2515.01,3359.36,48,44,0,mortgage,medical,1
28,40782.75,11.6,13069.5,0.32,2,1,0.437,4467.63,1256.05,9755.86,12,8,0,rent,medical,0
43,53837.97,5.3,28254.72,0.525,10,1,0.529,5467.64,3368.29,7160.72,24,22,0,rent,car,0
45,32716.42,13.2,16705.56,0.511,1,0,0.054,3502.67,1312.87,1280.03,48,26,1,rent,debt_consolidation,0
21,73479.4,1.8,9862.07,0.134,6,2,0.137,2868.01,11555.59,3492.55,36,0,0,mortgage,car,0
42,42736.57,14.2,5161.01,0.121,10,1,0.553,1626.86,3954.97,11358.23,60,19,0,own,debt_consolidation,0
42,79812.16,9.4,8036.73,0.101,9,0,0.379,6872.02,6455.0,9439.82,12,20,0,rent,medical,1
32,80776.63,2.2,36711.82,0.454,8,0,0.169,8363.43,4258.8,5360.05,36,11,0,mortgage,home_improvement,1
25,55532.66,9.5,15534.11,0.28,3,0,0.721,1483.03,2083.71,3145.61,48,6,1,rent,home_improvement,0
21,54596.3,3.7,10873.65,0.199,9,0,0.076,2977.43,891.95,10629.62,60,0,0,rent,medical,0
19,36348.55,7.2,6984.29,0.192,4,4,0.851,2658.97,4825.85,13756.48,36,0,0,mortgage,car,0
43,59049.68,4.6,9800.42,0.166,4,0,0.033,9679.43,0.0,9741.98,24,24,0,own,home_improvement,1
23,75635.18,6.3,36893.97,0.488,6,0,0.247,10318.9,3672.12,4038.46,24,3,1,mortgage,debt_consolidation,0
67,64261.14,11.7,15238.27,0.237,7,0,0.269,12102.3,7119.77,5356.94,24,45,0,rent,education,1
31,90656.12,9.6,13537.62,0.149,2,0,0.536,7241.12,0.0,21081.49,12,11,0,rent,home_improvement,1
52,51827.46,1.4,20550.34,0.397,11,0,0.277,3079.12,3917.13,7955.53,60,34,0,mortgage,home_improvement,1
53,51805.72,1.7,18483.81,0.357,10,1,0.052,9362.23,1198.6,22776.36,24,35,0,rent,debt_consolidation,1
44,43632.57,8.4,17415.67,0.399,3,0,0.559,3398.02,2966.96,5446.91,36,25,0,own,car,1
64,111299.35,8.7,50712.07,0.456,2,0,0.476,13369.3,6481.97,7010.23,12,39,1,own,education,1
24,36248.22,3.6,2669.82,0.074,0,1,0.472,495.96,0.0,3051.89,60,0,0,own,car,0
30,73788.53,15.0,1553.55,0.021,4,1,0.245,5569.92,7273.03,3689.86,36,7,0,own,car,1
31,76165.66,11.1,3564.56,0.047,2,0,0.254,5992.54,1315.85,3092.19,60,8,0,own,car,1
25,75062.73,3.9,29619.78,0.395,11,0,0.534,5791.01,2944.83,3957.85,36,1,0,rent,education,1
34,44765.58,3.4,23066.95,0.515,10,1,0.445,3808.5,3097.83,10595.61,36,12,0,rent,car,1
34,38144.53,5.9,7456.72,0.195,9,0,0.497,6757.1,3259.52,20662.13,60,11,0,rent,business,0
58,55522.52,5.3,24098.6,0.434,3,0,0.107,3087.06,4943.49,7973.32,48,40,0,mortgage,education,0
34,70221.26,13.3,28542.68,0.406,8,0,0.316,9512.52,7458.2,2045.93,60,16,0,rent,home_improvement,1
63,47858.65,11.9,25765.79,0.538,5,1,0.493,1125.66,0.0,6821.72,48,45,0,own,medical,1
58,53023.63,7.2,14290.95,0.27,3,2,0.449,1391.76,4814.82,6203.54,60,34,0,mortgage,home_improvement,1
64,48122.14,10.4,5198.09,0.108,6,3,0.7,1924.03,3234.54,11793.86,24,44,0,rent,debt_consolidation,1
24,60358.88,11.1,25687.09,0.426,1,0,0.135,2900.62,2353.83,3444.08,12,5,0,mortgage,medical,0
69,59069.99,7.3,26816.24,0.454,11,0,0.643,7946.74,4713.56,6903.25,36,48,0,own,business,1
50,96368.51,9.0,38052.94,0.395,1,0,0.737,8296.93,10860.17,15312.75,12,32,0,mortgage,business,1
69,70736.59,10.0,33775.75,0.477,3,0,0.529,1326.29,1615.59,21343.4,60,51,0,own,education,1
37,38729.92,9.4,8393.81,0.217,2,0,0.389,3575.96,5296.94,8524.46,48,19,0,rent,medical,0
67,39666.2,3.1,15305.88,0.386,6,2,0.487,3654.51,4917.93,10074.09,36,47,0,rent,car,0
49,74231.92,3.6,11865.21,0.16,8,1,0.467,207.52,6322.59,10327.11,48,30,0,own,education,0
22,58864.16,5.6,15105.32,0.257,11,0,0.43,11080.68,324.44,5286.76,24,2,0,rent,car,1
39,108825.01,3.5,16162.78,0.149,4,0,0.634,4728.18,18980.8,11667.78,48,14,0,rent,car,1
26,108709.32,0.0,11077.79,0.102,2,0,0.68,14567.5,8793.26,4886.81,12,1,0,mortgage,business,1
67,43555.37,10.4,1701.06,0.039,0,0,0.54,4998.16,3226.7,7847.57,48,48,0,rent,education,1
34,64585.17,8.7,24274.65,0.376,7,3,0.082,2051.54,4672.57,1911.53,36,12,1,own,debt_consolidation,1
30,39815.77,0.3,19266.64,0.484,11,0,0.276,6598.16,3754.42,3367.3,36,11,0,own,debt_consolidation,0
47,73807.02,5.8,13775.51,0.187,0,0,0.339,7605.27,8341.19,5979.48,36,25,0,mortgage,debt_consolidation,1
40,101337.83,6.1,25080.58,0.247,11,0,0.192,16709.15,6628.49,6764.85,60,20,0,mortgage,medical,1
23,61629.48,7.9,1348.45,0.022,3,1,0.622,13566.35,279.06,5171.95,36,2,0,rent,debt_consolidation,1
60,51247.57,1.6,12238.59,0.239,10,1,0.475,1987.67,6068.39,6942.54,12,40,0,rent,car,1
62,66765.94,0.2,11290.17,0.169,0,0,0.3,6531.38,1729.31,2492.95,48,43,0,own,debt_consolidation,1
56,78947.42,9.6,25604.7,0.324,10,0,0.74,1878.16,1296.97,1965.02,60,38,0,own,car,1
50,79130.37,0.0,39684.99,0.502,3,0,0.295,12968.13,5023.36,12258.19,60,29,0,own,home_improvement,0
39,51428.48,5.8,14824.82,0.288,3,0,0.61,929.35,2256.51,12402.82,24,19,0,mortgage,education,0
46,47484.25,5.4,17950.58,0.378,2,2,0.526,1401.32,4067.86,4680.65,24,24,0,mortgage,home_improvement,0
45,63443.22,6.4,24990.66,0.394,1,0,0.299,3344.66,6038.04,7755.19,24,25,0,rent,medical,1
27,52520.31,8.3,5293.46,0.101,9,1,0.188,4102.78,2266.95,5348.68,60,3,0,mortgage,business,1
23,87003.81,15.0,17721.15,0.204,0,0,0.04,12013.49,6327.83,5923.32,48,2,0,own,medical,1
31,52319.75,0.0,4183.86,0.08,5,4,0.562,1046.8,2218.37,7285.86,48,6,1,rent,debt_consolidation,0
42,60168.42,11.4,15258.45,0.254,11,0,0.431,5822.06,6318.15,6246.64,60,21,0,mortgage,medical,1
27,66214.08,0.0,32462.21,0.49,4,0,0.19,3345.34,6037.36,13158.36,60,4,0,rent,home_improvement,0
24,36636.35,14.0,10071.16,0.275,9,0,0.883,2784.88,3756.72,9999.18,12,2,0,rent,medical,1
62,48740.63,0.0,12758.4,0.262,8,0,0.607,8972.83,2556.81,6037.17,36,38,0,own,medical,0
38,107035.51,19.2,14015.39,0.131,9,0,0.547,9104.41,8518.21,8615.0,60,14,0,mortgage,home_improvement,1
48,77799.63,5.1,14347.43,0.184,11,1,0.224,8861.38,7170.74,11696.43,36,26,0,rent,education,1
45,52096.52,13.5,26902.52,0.516,1,2,0.199,685.07,5423.75,4830.3,24,23,0,own,education,1
56,73909.76,12.4,13347.18,0.181,3,0,0.169,3206.78,7376.86,14430.23,24,37,0,rent,car,1
56,86498.44,4.8,35259.78,0.408,3,0,0.79,6795.05,5235.38,5564.35,48,35,0,own,medical,1
34,54686.57,5.2,2315.16,0.042,0,1,0.282,1347.47,502.1,19312.65,48,11,0,mortgage,home_improvement,1
62,76528.05,2.8,6734.96,0.088,1,1,0.623,1302.87,7021.34,8734.65,36,37,0,rent,business,1
37,72845.02,10.9,13482.4,0.185,1,0,0.056,3232.17,6502.73,663.64,24,14,0,rent,debt_consolidation,1
61,40013.74,4.9,19916.96,0.498,11,1,0.619,3138.59,467.1,2680.38,12,38,0,rent,debt_consolidation,0
39,54783.7,2.9,7462.89,0.136,10,1,0.799,7258.18,5971.5,4057.34,36,20,0,rent,medical,1
24,97289.16,9.7,39419.1,0.405,7,0,0.491,12935.86,7245.78,3570.51,24,3,0,rent,debt_consolidation,1
57,105902.71,2.5,11520.94,0.109,10,0,0.258,7541.09,6377.66,9880.34,36,32,0,own,debt_consolidation,1
20,78019.13,5.4,26901.49,0.345,4,0,0.708,6702.68,6034.0,4611.3,12,0,0,rent,debt_consolidation,0
58,48222.61,7.5,15962.6,0.331,5,2,0.182,1046.05,5459.78,8721.24,60,36,0,rent,home_improvement,1
21,28326.17,3.8,9903.74,0.35,10,0,0.212,7180.87,4095.75,9496.83,24,3,0,own,education,1
29,46179.17,4.5,7930.19,0.172,1,1,0.124,9186.84,2954.8,6894.77,48,6,0,mortgage,car,0
49,38370.57,14.7,4064.0,0.106,1,1,0.382,3895.57,2116.04,15915.23,36,28,0,mortgage,medical,1
67,99892.65,6.0,48931.16,0.49,6,0,0.289,6313.3,9695.17,9068.16,36,45,0,rent,home_improvement,1
39,32489.79,5.2,10455.39,0.322,3,1,0.43,5206.55,0.0,2074.36,60,20,0,mortgage,debt_consolidation,1
25,40350.53,6.1,5341.72,0.132,8,1,0.495,10356.53,4429.8,9115.25,12,3,0,rent,home_improvement,1
30,63013.13,9.3,15064.19,0.239,7,0,0.237,7022.48,0.0,6774.56,24,8,0,own,education,1
64,58729.49,1.8,3262.92,0.056,3,0,0.655,7875.28,0.0,26596.39,12,41,0,mortgage,business,1
56,95547.07,9.1,25983.96,0.272,1,0,0.46,4965.33,13790.45,1469.3,48,31,0,own,education,1
24,71323.16,8.3,17450.08,0.245,0,0,0.298,1864.92,0.0,14091.64,24,5,0,rent,debt_consolidation,1
38,56073.28,0.0,5065.94,0.09,5,0,0.368,4094.09,7403.27,10499.37,36,14,0,mortgage,medical,0
32,87567.81,16.0,22375.09,0.256,3,1,0.54,10610.85,12666.94,6112.02,12,8,0,mortgage,education,1
28,51622.64,14.3,18530.06,0.359,0,0,0.239,1087.6,4317.97,4912.49,48,7,0,mortgage,medical,1
62,98350.45,3.0,50365.26,0.512,8,3,0.7,23874.8,9535.42,13407.04,24,42,0,own,business,0
50,44227.27,1.4,17367.53,0.393,11,0,0.525,5088.71,0.0,8739.73,12,26,0,own,home_improvement,0
28,23601.79,8.1,6756.97,0.286,11,0,0.888,3149.76,992.36,1046.36,60,6,0,mortgage,debt_consolidation,0
52,58030.91,0.0,24844.6,0.428,1,3,0.637,752.48,4908.79,18094.45,36,31,0,own,car,0
40,29502.54,13.8,4967.22,0.168,2,0,0.141,1622.57,2452.63,7496.94,24,18,0,mortgage,education,1
22,79408.29,4.7,29734.77,0.374,5,1,0.493,6850.9,7058.14,15358.76,24,1,0,own,education,0
41,61839.41,15.1,1402.7,0.023,10,0,0.139,1917.56,5139.21,7692.23,48,16,0,mortgage,business,1
28,98446.43,2.9,5754.4,0.058,6,0,0.374,30481.09,6666.54,5645.54,36,5,0,own,home_improvement,0
31,54143.3,6.4,18996.76,0.351,5,1,0.345,10300.11,301.95,8244.48,48,12,0,mortgage,debt_consolidation,1
63,36475.38,13.3,4451.87,0.122,11,1,0.244,3269.77,3073.7,20512.2,24,40,0,rent,education,1
55,68245.57,5.4,26276.37,0.385,7,0,0.277,9956.3,670.44,6410.52,12,34,0,rent,business,1
25,49196.64,8.4,17586.78,0.357,11,0,0.294,3119.88,2382.45,4276.8,12,5,0,mortgage,business,1
62,75485.68,12.5,4056.86,0.054,10,0,0.316,12766.72,10286.74,8026.94,24,44,0,mortgage,home_improvement,1
48,44518.07,4.2,10151.15,0.228,11,0,0.901,3271.78,0.0,16045.68,60,27,0,mortgage,debt_consolidation,1
63,92052.9,0.7,31748.23,0.345,6,0,0.398,21414.21,5564.77,5634.1,12,42,0,mortgage,medical,1
57,60154.44,0.0,23950.2,0.398,4,0,0.511,2953.55,6621.7,31023.92,12,32,0,mortgage,home_improvement,1
36,56144.03,9.9,25406.56,0.453,0,0,0.066,1405.58,5535.95,1874.99,12,13,0,rent,business,0
46,89856.45,8.9,17534.12,0.195,8,0,0.169,7138.72,7363.56,9584.07,48,23,0,own,debt_consolidation,1
46,79815.64,12.3,36991.32,0.463,3,1,0.5,3623.95,2618.17,7449.43,60,26,0,mortgage,business,0
55,46434.23,5.6,9646.94,0.208,0,0,0.358,5205.0,6138.99,4914.1,36,34,0,mortgage,car,1
31,79017.03,0.0,1872.94,0.024,9,0,0.36,3058.33,432.03,18671.75,60,8,0,rent,business,1
35,73428.36,0.0,25208.19,0.343,5,0,0.153,22784.25,7439.27,9140.51,24,13,0,rent,medical,1
31,57174.17,21.3,8466.6,0.148,6,1,0.191,1373.35,4249.09,16898.79,60,8,0,own,debt_consolidation,0
34,76821.7,9.6,6600.68,0.086,9,0,0.323,8895.19,2099.69,4311.77,36,11,1,mortgage,debt_consolidation,1
27,91905.94,7.7,14422.77,0.157,3,0,0.644,5734.26,4338.95,7372.06,24,5,0,own,debt_consolidation,1
20,57725.02,8.4,26483.92,0.459,9,0,0.321,12150.11,9075.71,3272.67,60,0,0,own,car,1
66,57789.32,0.0,29150.13,0.504,6,0,0.317,3780.37,494.69,16407.39,12,42,0,mortgage,education,1
22,56763.97,3.0,30067.83,0.53,6,1,0.615,3685.66,0.0,4837.08,12,4,0,own,debt_consolidation,0
64,45845.51,15.7,8275.12,0.181,3,2,0.174,2781.25,1594.0,3728.79,48,46,0,rent,debt_consolidation,1
19,57529.51,10.3,15052.15,0.262,9,0,0.206,6818.36,5023.16,14293.12,60,0,0,rent,business,0
58,55458.36,3.2,24697.76,0.445,2,2,0.169,3317.11,7645.36,17102.4,24,35,0,rent,business,1
35,54417.11,0.9,10257.0,0.188,7,1,0.448,2884.3,3696.62,7138.37,48,11,0,own,medical,1
45,54153.61,4.4,12137.23,0.224,9,0,0.602,1263.89,0.0,14979.23,12,21,0,rent,debt_consolidation,0
33,40317.55,5.4,5876.5,0.146,1,1,0.258,1664.1,2880.52,9200.55,12,9,0,mortgage,car,1
44,82586.54,17.2,26704.74,0.323,4,0,0.392,11792.52,9040.24,9907.41,36,20,0,mortgage,home_improvement,1
42,48716.04,6.1,17996.26,0.369,8,0,0.803,2236.75,4028.47,3673.41,60,18,0,rent,car,0
46,93754.62,1.1,17698.33,0.189,3,0,0.427,8711.3,8564.99,4292.16,12,25,0,rent,debt_consolidation,1
39,42950.67,6.7,1410.59,0.033,0,2,0.59,618.23,0.0,12473.37,60,19,0,rent,home_improvement,0
46,101388.8,8.3,41572.56,0.41,4,0,0.312,14012.01,0.0,6138.88,12,26,0,rent,debt_consolidation,1
61,52425.31,0.6,18180.92,0.347,5,1,0.109,18602.07,3143.96,2035.22,60,41,0,mortgage,car,1
41,79349.1,9.0,10796.98,0.136,11,0,0.4,2383.2,9787.02,9573.6,36,22,0,mortgage,business,1
37,61642.03,13.0,11512.47,0.187,9,1,0.307,2302.78,1676.36,7375.04,60,18,1,mortgage,education,1
25,38632.66,7.7,20369.85,0.527,2,1,0.533,2586.43,2970.96,5308.95,48,4,0,own,business,0
37,39250.49,3.0,13894.98,0.354,3,1,0.627,683.62,2942.94,2380.62,60,14,0,rent,business,1
25,47433.09,4.4,15918.7,0.336,2,1,0.532,1558.42,689.26,6879.26,48,5,0,mortgage,education,1
28,51473.17,0.0,18480.73,0.359,10,0,0.265,6821.37,1536.7,7120.13,12,6,0,own,home_improvement,1
67,58322.23,6.3,30669.07,0.526,4,2,0.056,4738.19,3814.67,7763.81,12,44,0,rent,car,1
23,65999.52,8.6,13208.17,0.2,10,1,0.205,5381.18,3193.44,1113.07,60,5,0,rent,medical,1
43,55841.65,2.5,9430.84,0.169,0,1,0.169,801.78,6013.93,11336.11,12,24,0,rent,business,1
61,64823.43,16.7,14239.99,0.22,6,1,0.278,1527.38,2957.73,9206.13,48,43,1,mortgage,car,1
67,68344.1,11.0,30379.16,0.445,0,3,0.07,3805.1,7587.61,2570.63,12,49,0,own,business,1
26,55037.01,0.0,4629.06,0.084,6,1,0.231,10428.48,2673.58,10803.55,48,8,0,rent,education,1
27,73020.16,0.0,9464.66,0.13,0,0,0.257,3904.28,4955.38,10217.03,24,3,0,rent,medical,1
38,78550.62,2.1,11073.29,0.141,1,0,0.231,7478.84,8378.38,9159.46,60,13,0,own,debt_consolidation,1
47,68931.3,14.9,24627.78,0.357,1,0,0.369,3153.28,4225.96,5430.12,48,23,0,rent,home_improvement,1
67,70250.15,11.5,25292.79,0.36,8,0,0.466,5668.72,3186.62,12815.04,36,49,0,mortgage,business,1
29,62915.04,15.1,13658.84,0.217,7,1,0.394,15827.69,3976.67,17879.18,12,10,0,mortgage,car,1
27,85096.63,7.1,14158.54,0.166,6,0,0.296,9089.96,9473.81,7000.22,24,3,0,mortgage,car,1
31,58761.96,6.0,24678.0,0.42,2,0,0.446,3880.09,4891.91,3321.46,12,8,0,own,medical,1
63,47702.85,0.8,1756.18,0.037,3,1,0.445,6042.75,0.0,4199.66,48,43,0,mortgage,medical,1
20,59332.23,8.7,24417.05,0.412,4,0,0.084,7363.58,1813.27,3769.86,48,0,0,mortgage,medical,1
38,38834.33,6.0,5104.59,0.131,11,1,0.28,4471.33,1203.58,8969.25,36,20,0,own,business,1
25,37435.54,5.8,18660.56,0.498,8,0,0.162,2037.11,3587.91,9341.05,24,5,0,own,business,0
27,78680.24,15.1,18824.83,0.239,0,0,0.155,1558.92,0.0,1144.48,36,5,0,rent,debt_consolidation,0
65,94302.27,6.4,33988.17,0.36,0,1,0.182,6861.35,7605.83,4859.49,36,43,0,rent,car,1
19,52950.07,13.7,4453.83,0.084,4,0,0.632,1774.93,5213.87,9161.52,36,0,0,own,home_improvement,1
35,78939.89,0.0,12200.85,0.155,2,0,0.736,2352.95,7773.59,8742.97,12,15,0,mortgage,home_improvement,1
65,32973.64,20.4,12903.33,0.391,4,1,0.283,3094.83,2058.63,5104.31,60,40,0,rent,medical,1
50,31378.28,5.1,9780.24,0.312,11,1,0.253,2470.43,0.0,7801.19,24,30,0,rent,home_improvement,1
22,85937.17,10.5,36811.45,0.428,2,0,0.63,10871.07,4623.95,29838.83,24,0,0,mortgage,business,1
42,69004.15,11.3,21984.95,0.319,7,1,0.637,7856.25,9685.26,7845.79,24,21,0,mortgage,home_improvement,1
68,58839.49,4.5,18931.34,0.322,5,1,0.354,7313.64,2169.6,3779.69,60,46,0,rent,home_improvement,1
39,99815.98,11.1,47400.34,0.475,7,0,0.392,32238.8,17538.5,6238.12,60,17,0,own,car,0
45,56163.45,11.4,13764.86,0.245,6,0,0.57,3081.12,6022.09,14156.96,60,23,0,rent,home_improvement,1
46,41973.46,3.4,20750.57,0.494,6,2,0.669,4584.7,2498.08,5858.16,36,23,0,mortgage,medical,1
52,35906.25,3.5,7801.5,0.217,3,1,0.53,3306.83,2799.01,7088.64,24,29,0,own,debt_consolidation,1
28,59317.19,7.2,11516.73,0.194,11,0,0.171,803.69,5064.85,16540.36,12,8,0,rent,education,1
61,62873.7,6.4,27230.18,0.433,3,0,0.676,4502.29,2377.16,3817.77,36,37,0,rent,business,1
69,55056.84,14.0,1438.06,0.026,1,1,0.124,1671.3,2531.21,8555.14,48,48,0,rent,debt_consolidation,1
26,79548.46,10.5,8850.71,0.111,1,0,0.6,11309.61,13236.73,6225.32,48,8,1,rent,medical,1
60,90639.42,6.6,5260.33,0.058,0,0,0.308,4704.14,12803.03,9651.25,60,35,0,rent,medical,1
60,52765.07,10.0,15376.57,0.291,4,0,0.179,2168.04,2521.01,6089.0,60,41,0,mortgage,education,1
56,32954.6,0.0,11628.94,0.353,9,0,0.368,6067.32,913.65,2944.25,12,31,0,mortgage,business,0
37,64947.92,3.9,1656.12,0.025,1,0,0.465,6515.4,0.0,3503.27,36,19,1,rent,medical,1
42,85694.61,8.4,9047.27,0.106,0,1,0.327,10035.16,14953.31,15721.35,36,24,0,mortgage,home_improvement,1
61,52840.28,12.6,9529.58,0.18,6,1,0.692,4992.11,6228.88,8276.9,36,36,0,mortgage,medical,1
26,70246.05,8.0,12359.09,0.176,6,0,0.879,2311.15,9060.92,6761.27,36,3,0,rent,home_improvement,0
61,41038.15,14.3,2933.42,0.071,6,0,0.445,935.08,1620.9,18227.76,48,39,0,mortgage,education,0
65,64427.57,11.3,7190.71,0.112,0,0,0.206,7505.38,2332.62,9843.81,48,43,0,rent,education,1
53,70678.67,4.6,33143.88,0.469,2,1,0.293,12123.35,1455.4,5783.66,36,28,0,mortgage,car,1
36,65025.55,6.3,25445.02,0.391,4,0,0.099,4247.02,0.0,9170.78,12,14,0,own,home_improvement,1
47,109297.06,9.0,19337.93,0.177,8,0,0.549,19140.17,2507.13,15590.61,24,28,0,own,home_improvement,0
21,93891.24,4.8,14985.6,0.16,7,1,0.132,6203.4,7759.75,12463.74,12,0,0,rent,debt_consolidation,1
66,74506.06,14.7,4657.04,0.063,9,0,0.094,4221.23,5892.42,5939.47,24,43,0,mortgage,home_improvement,1
36,82868.89,1.5,16981.51,0.205,6,0,0.281,7356.86,2971.57,8601.36,36,15,0,rent,debt_consolidation,0
21,64279.52,8.6,14847.08,0.231,4,1,0.227,2493.3,6389.34,6978.77,24,1,0,own,car,0
59,57997.49,10.7,28953.29,0.499,6,0,0.105,7636.5,1911.53,26207.46,36,35,0,own,debt_consolidation,1
52,51050.74,5.4,21127.42,0.414,4,0,0.444,9280.28,5363.0,25514.83,24,33,0,rent,home_improvement,1
50,40772.12,4.3,11169.58,0.274,1,2,0.341,1359.67,4256.96,12308.89,48,27,0,mortgage,business,1
21,95451.35,6.6,8731.35,0.091,6,1,0.364,5164.17,10272.93,4405.58,36,0,0,rent,education,1
57,110889.09,11.1,40781.2,0.368,3,0,0.552,20113.89,7802.07,12803.08,48,34,0,mortgage,education,1
51,59780.98,4.5,30852.16,0.516,3,1,0.278,2694.16,1545.83,2344.9,12,32,0,rent,medical,1
59,60117.46,1.7,3689.03,0.061,8,0,0.37,2612.23,423.89,2168.74,60,35,0,mortgage,business,1
61,71668.58,12.8,33667.18,0.47,0,0,0.304,16297.6,0.0,8741.97,48,39,0,rent,education,1
29,56246.08,9.0,6494.21,0.115,0,0,0.173,14567.37,5879.13,8588.24,48,8,0,mortgage,home_improvement,1
29,42339.54,12.0,16583.5,0.392,4,0,0.449,4055.31,0.0,8853.5,12,10,0,mortgage,home_improvement,1
66,38488.61,10.8,4520.25,0.117,7,2,0.643,3466.27,2305.99,11118.39,60,48,0,rent,home_improvement,1
46,109425.53,17.9,36986.62,0.338,10,0,0.459,28945.38,8487.79,6466.12,48,26,0,own,debt_consolidation,1
41,34286.65,12.6,5003.83,0.146,6,0,0.621,6450.71,452.95,13138.65,36,23,0,mortgage,home_improvement,1
33,65842.33,3.4,20220.18,0.307,3,0,0.172,17794.47,3983.8,6016.89,12,15,0,own,business,1
51,35564.44,9.4,12023.76,0.338,4,1,0.34,1808.67,2938.19,8918.82,48,28,0,rent,education,0
57,57142.84,4.2,19875.18,0.348,4,0,0.28,3543.47,3028.52,4759.17,60,32,0,rent,business,1
19,52679.87,4.7,20117.57,0.382,4,2,0.802,642.93,4724.66,6959.76,60,0,0,own,education,0
47,37231.3,0.0,2106.76,0.057,8,1,0.267,556.62,1654.41,5836.74,36,22,0,rent,business,1
69,72512.1,5.6,28482.41,0.393,9,1,0.358,1268.96,3826.97,7026.57,36,45,0,mortgage,car,1
33,41435.97,9.7,4223.85,0.102,8,1,0.554,2627.11,921.03,11378.38,36,14,0,own,education,1
33,35784.59,6.7,13556.18,0.379,4,1,0.408,1393.82,2143.0,12881.5,12,15,0,own,home_improvement,0
63,75212.34,1.5,6448.7,0.086,3,0,0.255,7093.31,5036.98,13823.55,24,43,0,mortgage,debt_consolidation,1
22,52754.22,0.0,14459.39,0.274,0,1,0.331,2532.79,1080.11,6018.07,60,4,1,own,medical,0
39,46073.18,17.6,10365.88,0.225,9,1,0.125,9674.51,4059.7,9623.58,60,20,0,rent,education,1
42,76789.29,8.6,40905.16,0.533,11,0,0.032,2775.96,0.0,4765.61,12,18,0,rent,debt_consolidation,1
59,40799.23,2.9,14456.35,0.354,0,1,0.275,444.65,4927.19,11006.58,12,41,0,mortgage,business,1
25,33209.59,9.3,2216.71,0.067,1,4,0.329,751.25,0.0,2816.6,24,0,0,rent,car,0
41,88487.45,17.9,34640.17,0.391,2,1,0.195,16915.37,10502.41,20016.92,36,22,0,own,car,1
26,103714.3,10.1,12745.8,0.123,9,0,0.63,3783.88,10131.95,5084.64,48,2,0,rent,car,1
59,56651.61,0.0,9724.8,0.172,2,0,0.337,7825.92,6645.03,10048.39,36,41,0,rent,education,1
51,23108.29,20.3,5097.11,0.221,0,0,0.081,2141.73,239.35,29215.6,24,30,0,mortgage,business,1
44,56406.83,0.0,24333.88,0.431,4,1,0.272,9716.11,3186.24,6379.61,12,25,0,rent,education,1
39,78297.86,6.0,40743.3,0.52,4,0,0.144,17691.96,6370.15,10173.23,24,14,0,rent,business,1
26,85341.35,1.3,43515.35,0.51,4,0,0.461,8437.57,7515.54,3008.84,12,8,0,own,home_improvement,1
66,42198.44,3.3,4661.34,0.11,6,0,0.631,4256.93,4585.88,9616.27,60,48,1,rent,car,1
52,53580.44,8.4,2787.21,0.052,2,1,0.203,327.97,5317.0,3791.6,12,27,0,own,medical,1
35,64134.39,0.0,29445.54,0.459,0,0,0.311,5569.6,5801.27,7509.69,24,12,0,rent,business,1
40,76739.13,6.5,13257.12,0.173,1,1,0.346,4217.38,7001.28,2551.46,60,16,0,own,home_improvement,1
56,73953.48,12.7,24323.14,0.329,8,0,0.553,9313.82,7458.53,9423.85,36,37,0,mortgage,medical,0
55,69941.02,2.8,37675.31,0.539,7,0,0.434,9686.35,4732.15,6801.23,12,33,0,mortgage,business,0
42,85263.52,0.0,10129.62,0.119,3,1,0.342,2174.6,10569.31,6597.76,24,22,0,rent,education,1
34,57969.43,6.3,12676.38,0.219,11,0,0.245,4172.96,3641.55,2268.57,12,16,0,rent,home_improvement,1
52,95767.05,5.3,45951.66,0.48,6,0,0.267,19228.07,0.0,8694.05,24,32,0,own,medical,1
52,49232.93,4.0,17944.89,0.364,9,0,0.185,6839.05,6347.88,6660.86,36,30,0,mortgage,debt_consolidation,1
49,74348.63,1.1,38431.04,0.517,9,2,0.136,8044.08,6696.4,4997.34,48,30,0,rent,education,1
22,51475.77,9.6,18264.18,0.355,3,2,0.322,6171.38,3048.31,4175.54,60,0,0,mortgage,education,0
43,56921.18,10.0,10296.59,0.181,7,2,0.816,274.91,4119.38,10692.42,60,21,0,mortgage,home_improvement,0
50,59835.46,1.7,26728.95,0.447,7,0,0.841,4929.53,8497.73,9072.73,36,25,0,own,car,1
67,50553.59,2.4,21354.33,0.422,5,2,0.362,2350.75,3623.17,7938.66,36,46,0,rent,home_improvement,1
45,86573.65,7.7,44569.68,0.515,7,0,0.533,19481.84,12347.09,23144.43,24,25,0,mortgage,home_improvement,1
36,52273.39,2.2,14237.62,0.272,4,1,0.415,16833.66,4717.68,13592.44,36,14,0,own,education,1
47,58834.28,7.9,16856.31,0.287,1,2,0.669,2777.98,2854.93,10831.89,12,28,0,mortgage,education,0
28,71389.4,14.3,13680.08,0.192,0,1,0.439,17556.41,84.21,7999.08,48,8,0,mortgage,education,1
23,126833.1,6.7,20603.01,0.162,5,0,0.188,16782.97,9034.99,10289.64,12,4,0,rent,education,1
53,72269.73,0.9,39615.36,0.548,10,0,0.238,369.5,9566.59,18454.13,24,35,0,own,debt_consolidation,1
69,60523.25,9.0,32558.21,0.538,2,0,0.174,12347.1,2314.52,2772.0,60,44,0,own,car,1
62,31626.03,6.1,9510.35,0.301,7,2,0.258,5397.16,2688.07,9163.04,48,38,0,mortgage,home_improvement,1
48,56430.68,6.2,29693.56,0.526,1,1,0.634,4667.85,8093.26,10079.48,24,24,0,rent,home_improvement,1
21,47737.4,9.4,9965.77,0.209,7,0,0.31,6319.68,0.0,3859.59,60,0,0,own,education,0
69,53353.3,10.5,25102.57,0.47,2,0,0.722,7669.05,4617.43,8190.08,36,46,0,mortgage,car,1
41,51135.67,7.2,18228.85,0.356,5,1,0.166,11459.69,4825.62,11589.32,12,18,0,rent,medical,1
33,71148.4,6.7,28462.56,0.4,9,1,0.25,16166.83,6009.98,10924.67,60,14,0,rent,medical,1
64,56044.15,17.3,22453.95,0.401,4,1,0.366,3299.09,0.0,7820.03,24,41,0,mortgage,car,1
57,44224.85,13.0,15787.79,0.357,11,1,0.619,1876.02,1269.41,9002.24,24,36,0,rent,debt_consolidation,1
57,79429.09,11.2,37469.39,0.472,0,0,0.19,3686.98,0.0,8283.42,12,36,0,rent,medical,1
33,39518.49,7.7,9001.01,0.228,1,0,0.2,1636.36,30.96,3129.97,24,9,0,mortgage,business,1
69,59618.03,2.0,28024.66,0.47,2,0,0.568,3641.82,6489.53,6166.77,12,46,0,rent,debt_consolidation,1
42,56561.79,12.6,6629.61,0.117,2,1,0.324,3571.24,2837.55,34983.18,36,20,0,mortgage,education,0
46,66480.85,7.7,8375.16,0.126,5,1,0.386,2546.78,7155.26,8230.89,36,22,0,mortgage,home_improvement,1
57,85577.04,4.1,34247.24,0.4,10,0,0.382,6191.52,8976.51,5795.55,36,39,0,mortgage,business,1
52,134298.19,5.8,56078.74,0.418,2,0,0.562,27237.25,1408.15,11462.4,24,28,0,mortgage,car,1
27,60510.26,2.2,30147.4,0.498,4,0,0.495,5232.72,4546.16,2677.86,12,3,0,rent,education,1
34,47495.56,12.3,7864.41,0.166,0,1,0.482,1212.53,0.0,6114.03,24,14,0,rent,debt_consolidation,0
37,46083.11,10.4,2291.11,0.05,8,1,0.609,2254.51,3705.19,6617.07,60,17,0,rent,medical,1
67,46017.31,7.9,13297.16,0.289,6,1,0.467,12253.56,4042.77,11500.34,24,48,0,own,business,1
55,65672.13,6.8,31780.74,0.484,0,0,0.541,12839.43,3631.38,8259.19,24,35,0,own,home_improvement,1
37,29642.18,3.6,15854.92,0.535,5,1,0.326,1144.07,0.0,8498.72,48,15,0,rent,debt_consolidation,0
56,38806.97,0.0,18419.65,0.475,2,0,0.162,8758.3,0.0,7903.37,36,33,0,rent,medical,1
56,65692.38,0.0,18372.64,0.28,5,1,0.196,9651.51,12731.05,4395.28,24,35,0,own,business,1
39,80796.97,3.3,38588.03,0.478,3,0,0.262,20235.2,7896.8,8565.33,24,18,0,rent,medical,1
39,80963.68,2.5,10800.93,0.133,9,0,0.458,1344.96,4268.79,8960.18,36,19,0,mortgage,debt_consolidation,1
64,61444.81,8.4,31227.48,0.508,0,1,0.251,3139.32,7045.4,6604.61,60,46,0,mortgage,business,1
47,77193.38,11.1,24734.95,0.32,7,1,0.251,11874.45,10826.27,10212.96,60,22,0,rent,debt_consolidation,1
26,86103.32,6.4,19490.58,0.226,9,1,0.045,10008.2,10951.76,5024.11,36,6,0,rent,car,1
55,52023.74,14.0,17077.82,0.328,0,1,0.26,12242.78,2964.94,6428.16,12,32,0,own,education,1
49,83018.58,3.1,36156.61,0.436,10,0,0.377,14415.7,4148.68,15395.72,48,25,0,rent,home_improvement,1
44,34944.85,6.3,5146.13,0.147,9,2,0.5,518.55,3720.26,5242.16,12,22,0,own,debt_consolidation,1
55,38483.89,6.7,2847.67,0.074,3,0,0.396,4979.24,2112.59,6089.17,60,34,1,rent,education,1
65,53016.41,12.5,21660.05,0.409,5,1,0.256,9642.2,6711.85,9205.56,36,45,0,rent,education,1
35,33660.47,7.5,17665.3,0.525,8,1,0.619,1086.9,2432.69,16927.14,12,11,0,mortgage,medical,0
40,71541.68,7.7,25583.19,0.358,6,0,0.886,6791.6,7607.82,12367.08,24,20,0,mortgage,debt_consolidation,1
28,49569.58,0.0,4737.33,0.096,9,0,0.599,1819.77,5881.17,8941.08,36,9,0,rent,debt_consolidation,1
52,56756.35,2.5,20488.72,0.361,10,1,0.607,6337.91,97.62,7751.3,60,27,0,rent,business,1
39,21945.86,12.5,1795.5,0.082,4,2,0.079,1560.72,1622.93,2196.62,48,17,0,rent,business,1
36,57438.93,0.0,10388.87,0.181,1,1,0.59,4918.36,7127.1,8638.75,12,16,0,own,business,0
54,52589.73,13.7,1932.5,0.037,5,1,0.315,9571.0,1384.76,4742.33,36,36,1,mortgage,home_improvement,1
39,45926.54,9.5,12784.84,0.278,7,2,0.412,2659.43,1803.55,4494.23,24,15,0,own,education,0
42,70378.73,3.3,13394.32,0.19,9,1,0.337,4577.51,8919.62,3649.63,48,23,0,mortgage,medical,1
41,49238.89,2.8,3529.77,0.072,3,0,0.558,3392.55,7044.2,12434.98,12,22,0,rent,education,1
32,57191.86,16.5,10510.98,0.184,11,0,0.51,5904.88,0.0,5668.8,60,14,0,mortgage,debt_consolidation,0
25,66703.4,14.1,24227.49,0.363,0,1,0.584,3937.31,8444.69,3406.07,12,1,0,rent,car,1
61,85851.59,6.4,14870.63,0.173,6,2,0.069,3703.06,0.0,6994.22,36,37,0,own,debt_consolidation,1
23,83466.05,7.7,7998.4,0.096,5,0,0.392,13024.51,5300.97,16016.25,12,2,0,mortgage,education,1
35,50622.15,3.8,15629.22,0.309,8,1,0.297,3276.11,0.0,4095.47,24,12,1,rent,medical,1
53,45186.28,7.7,18942.56,0.419,3,0,0.41,3533.43,1775.32,17207.98,36,32,0,mortgage,debt_consolidation,1
25,91970.82,3.6,42304.27,0.46,11,0,0.463,12550.78,6614.07,9594.33,48,5,0,mortgage,education,1
52,49154.05,6.6,13281.99,0.27,0,2,0.34,2605.84,4581.41,17077.85,24,28,0,mortgage,home_improvement,1
56,69424.98,16.1,27552.58,0.397,9,0,0.213,1709.05,9590.16,6865.49,60,31,0,rent,medical,1
52,33145.7,6.5,15302.17,0.462,5,1,0.227,7332.62,0.0,11965.32,36,34,0,own,debt_consolidation,0
34,29424.66,1.8,11082.25,0.377,6,3,0.482,3386.13,3662.74,20234.71,60,12,0,mortgage,car,0
20,60490.77,0.2,18114.19,0.299,3,2,0.701,5138.65,3192.65,5532.74,24,2,0,own,medical,0
64,54687.68,7.6,2831.06,0.052,4,0,0.59,4996.02,2944.57,7184.36,48,46,0,mortgage,debt_consolidation,1
35,75394.3,3.2,13097.36,0.174,5,1,0.463,19066.26,11436.43,8524.0,12,17,1,mortgage,car,1
60,46094.31,8.2,8734.96,0.19,3,0,0.67,6357.35,5014.55,9242.32,24,40,0,mortgage,home_improvement,1
29,65028.85,0.0,14914.75,0.229,0,0,0.18,271.69,0.0,1002.29,48,11,0,own,home_improvement,1
27,74017.26,10.5,38783.06,0.524,4,0,0.034,6194.6,4644.59,10097.13,24,8,0,mortgage,car,1
58,46670.95,1.7,6100.08,0.131,4,0,0.211,4277.07,1366.58,8823.44,24,33,0,mortgage,home_improvement,1
66,52996.92,7.2,16271.33,0.307,8,0,0.156,4522.15,2381.42,6147.38,36,46,0,mortgage,home_improvement,1
62,40718.85,5.3,22205.84,0.545,5,0,0.633,487.14,2447.01,26774.54,36,44,0,own,home_improvement,1
57,76322.34,15.6,26557.21,0.348,6,0,0.615,2327.76,6855.91,13454.38,36,36,0,own,medical,1
31,70684.95,7.9,9240.13,0.131,5,1,0.455,1139.54,275.69,17390.05,60,7,0,rent,business,1
65,72469.76,16.7,38329.34,0.529,5,2,0.481,20308.16,4027.8,6497.59,36,42,0,rent,home_improvement,1
53,54615.59,9.8,10826.73,0.198,8,1,0.396,4722.89,2563.18,5520.03,60,29,0,rent,education,1
27,70277.19,14.1,3188.58,0.045,8,1,0.539,6871.46,6035.02,10457.25,24,8,0,own,debt_consolidation,0
25,24446.2,6.0,6077.86,0.249,11,0,0.633,1787.54,1565.0,8358.89,60,7,0,mortgage,home_improvement,1
63,56180.66,8.7,8289.32,0.148,5,0,0.444,2155.95,6379.58,5927.89,24,43,0,rent,debt_consolidation,1
33,97552.48,13.1,44288.61,0.454,0,0,0.309,4201.97,7764.78,5983.56,24,13,0,mortgage,debt_consolidation,1
58,58903.77,11.5,8044.88,0.137,7,0,0.334,16561.6,5703.69,3174.4,60,34,0,rent,medical,1
26,81780.01,9.7,37170.87,0.455,4,0,0.278,6112.79,6404.32,13686.93,12,2,0,own,home_improvement,1
33,54713.93,5.4,2143.18,0.039,1,1,0.305,2847.16,502.77,12282.74,60,9,0,rent,debt_consolidation,1
33,90079.06,6.2,46161.32,0.512,10,0,0.662,15771.38,4317.72,1603.6,36,10,0,rent,medical,1
33,45150.21,12.7,1912.68,0.042,7,1,0.693,2954.97,1500.31,12162.77,36,10,0,rent,home_improvement,0
53,67748.15,13.7,35054.66,0.517,7,0,0.738,1722.13,7087.21,21062.32,60,29,0,mortgage,medical,1
65,47897.73,4.0,2828.67,0.059,7,0,0.544,1798.54,5232.4,12588.27,36,40,0,rent,business,1
65,64099.69,3.3,30926.13,0.482,11,2,0.243,11150.0,4010.9,5362.91,60,41,0,mortgage,education,1
56,49229.49,2.5,22675.4,0.461,8,1,0.197,2706.39,3639.51,9165.29,24,36,0,own,education,1
29,58828.04,11.1,19710.02,0.335,8,0,0.349,6151.26,0.0,2274.99,36,11,0,mortgage,home_improvement,1
67,51479.67,2.4,2011.45,0.039,9,0,0.357,3831.67,2428.73,4349.2,24,45,0,rent,medical,1
46,73122.26,11.1,25534.71,0.349,8,1,0.668,10571.44,0.0,12147.81,48,23,0,rent,education,1
46,68695.1,9.7,23868.7,0.347,8,1,0.45,4545.39,7358.86,4218.57,60,28,0,own,car,0
54,47370.14,4.3,14936.5,0.315,0,2,0.288,2066.77,8437.27,6791.41,12,36,0,own,car,0
58,46949.62,14.8,16653.43,0.355,4,0,0.665,1722.69,1878.3,7440.91,60,33,0,rent,car,1
67,43947.6,0.0,23428.33,0.533,3,1,0.189,6795.11,3432.68,11924.92,12,42,0,rent,business,1
48,41320.97,15.3,22628.14,0.548,10,0,0.681,2155.3,3616.76,6861.46,48,24,0,rent,medical,1
50,74796.9,8.6,22129.62,0.296,7,0,0.323,7489.98,735.89,4315.19,60,29,0,rent,business,1
57,43188.36,0.0,2965.07,0.069,6,1,0.774,8369.02,2595.33,9375.38,48,39,0,own,medical,1
32,65876.2,15.0,5994.97,0.091,6,0,0.196,5633.37,5932.36,3323.85,60,12,0,mortgage,education,1
34,50082.37,11.9,20122.39,0.402,8,0,0.285,5674.19,3762.01,16259.38,60,9,0,mortgage,home_improvement,1
50,80956.85,4.9,43752.38,0.54,9,0,0.454,4301.95,5638.28,3188.89,48,31,0,rent,car,0
22,106053.28,2.2,26630.96,0.251,2,0,0.658,6994.63,5498.64,12577.44,12,1,0,mortgage,home_improvement,1
35,22858.5,0.0,1644.91,0.072,11,1,0.247,4507.42,591.15,10563.16,24,12,0,rent,debt_consolidation,1
55,44973.95,19.1,9314.72,0.207,9,0,0.118,6442.07,4518.33,12500.88,12,30,0,mortgage,debt_consolidation,1
68,49823.36,2.4,11163.2,0.224,2,0,0.432,3602.76,7706.93,4059.24,12,44,1,rent,debt_consolidation,0
45,55223.19,0.7,30273.1,0.548,7,1,0.114,4768.43,0.0,5136.31,36,26,0,own,business,1
39,54132.7,8.3,20780.96,0.384,5,1,0.157,3769.81,0.0,5541.5,12,21,0,rent,home_improvement,1
41,38320.85,0.0,3160.28,0.082,4,0,0.648,5036.96,227.65,6777.24,12,19,0,mortgage,business,0
53,106857.1,2.1,21227.23,0.199,10,0,0.693,5412.35,4766.53,3302.52,12,28,0,mortgage,medical,1
46,54767.6,12.0,2504.86,0.046,3,1,0.187,7189.84,2932.97,7560.03,48,25,0,rent,business,1
20,68592.57,9.3,25113.25,0.366,10,0,0.186,16897.14,5008.95,7644.49,24,2,0,own,education,1
46,69298.62,5.1,26094.52,0.377,7,0,0.238,6476.7,4871.09,12317.93,60,21,0,rent,business,1
39,35753.09,7.1,1804.58,0.05,9,0,0.749,981.8,2135.67,7280.11,24,15,0,rent,home_improvement,1
54,52414.61,4.8,10368.95,0.198,8,1,0.513,4017.06,6828.28,2153.29,36,33,0,own,medical,0
63,74795.35,6.7,37285.81,0.499,7,0,0.296,17393.84,1523.97,2619.15,24,45,0,mortgage,medical,1
68,92132.5,3.2,42216.26,0.458,2,0,0.686,7920.23,10321.59,4668.86,36,49,0,rent,education,1
50,52768.08,4.1,17114.41,0.324,11,1,0.636,1785.73,8755.39,6639.04,60,31,0,own,education,0
37,37686.83,3.9,10433.61,0.277,7,1,0.266,2786.39,0.0,18022.92,24,19,0,own,home_improvement,0
41,48492.32,3.4,26487.06,0.546,4,0,0.867,10074.78,0.0,13873.77,12,22,0,rent,car,0
27,52043.52,12.2,20961.24,0.403,3,0,0.232,2647.25,3952.57,6224.35,24,7,0,mortgage,car,1
66,51418.72,10.9,26989.52,0.525,1,1,0.396,10818.42,5090.87,4859.66,12,47,1,mortgage,business,0
62,43962.36,2.3,2547.19,0.058,3,1,0.352,3055.15,3010.42,7683.57,48,43,0,mortgage,debt_consolidation,1
62,36491.66,1.0,4832.96,0.132,1,1,0.654,13191.41,0.0,7667.85,36,38,0,rent,education,1
35,40599.81,6.2,1481.44,0.036,10,0,0.257,2242.31,0.0,7214.52,36,13,0,own,car,1
35,48624.25,17.8,23339.46,0.48,5,1,0.729,1981.32,2006.46,3201.26,48,12,0,mortgage,education,0
62,74370.74,1.9,28851.58,0.388,7,0,0.052,420.59,6504.01,5686.86,36,41,0,mortgage,business,1
46,83995.08,6.2,9588.49,0.114,9,1,0.456,6620.74,4110.76,5558.9,36,21,0,rent,debt_consolidation,1
54,60933.57,7.4,32679.95,0.536,11,1,0.56,4152.16,4712.32,9026.34,12,30,0,mortgage,home_improvement,0
43,40950.89,6.5,21563.61,0.527,5,1,0.523,9471.39,3109.4,13764.9,48,24,0,rent,medical,0
41,49500.43,4.7,6882.38,0.139,0,1,0.272,7794.06,5604.63,5554.04,24,22,0,mortgage,debt_consolidation,1
51,29802.09,12.8,10815.63,0.363,7,2,0.206,6072.03,257.05,8690.0,48,32,0,mortgage,education,0
60,92766.8,9.3,34703.56,0.374,11,0,0.324,16099.51,6593.36,764.93,12,38,0,rent,car,1
36,47077.43,11.2,1041.77,0.022,4,0,0.593,3821.81,6525.05,8413.04,12,17,0,mortgage,education,1
60,66666.21,9.9,25670.04,0.385,1,0,0.42,50041.48,1811.09,1310.37,60,40,0,own,business,1
31,81931.71,11.5,11250.07,0.137,8,0,0.544,6208.1,2893.99,3865.67,48,7,0,rent,education,1
39,101915.8,14.9,50723.38,0.498,7,0,0.333,11523.8,7233.97,4935.91,48,16,0,mortgage,car,1
65,77162.65,13.7,35835.01,0.464,1,0,0.335,21771.09,1065.28,8986.23,12,45,0,rent,debt_consolidation,1
67,51316.61,18.6,25648.33,0.5,0,2,0.168,8267.76,433.69,7684.22,36,43,0,rent,business,1
66,69651.4,13.1,29358.32,0.422,6,0,0.72,6513.77,3434.48,2055.68,48,44,0,mortgage,business,1
35,100534.84,3.7,10797.43,0.107,1,0,0.706,12839.2,5475.53,9057.11,48,11,0,own,medical,1
62,46937.8,11.2,9908.28,0.211,2,0,0.861,2360.8,4892.8,17710.2,60,42,0,own,medical,0
66,35947.1,10.6,14225.48,0.396,3,0,0.661,2241.39,784.76,3107.93,60,44,0,rent,education,1
68,44070.09,16.6,8433.35,0.191,5,0,0.307,4971.31,3005.17,5503.58,12,46,0,mortgage,car,1
20,68085.93,2.2,26983.64,0.396,9,1,0.48,2318.23,8741.03,6598.78,24,0,0,mortgage,medical,1
56,51736.91,9.8,10252.4,0.198,5,0,0.357,2421.85,6488.2,6325.4,12,33,0,rent,business,1
69,57039.35,3.6,6513.7,0.114,10,1,0.628,755.46,3488.36,12055.37,12,49,0,own,debt_consolidation,1
57,71921.68,9.6,21190.05,0.295,7,0,0.199,6031.82,5474.14,10436.03,60,39,0,mortgage,debt_consolidation,1
30,43766.24,5.9,16793.14,0.384,4,0,0.847,4079.56,936.81,8445.97,36,7,0,rent,business,0
57,56125.69,9.4,16507.33,0.294,6,0,0.719,10033.78,4552.32,6793.09,60,32,0,mortgage,medical,1
24,49227.78,0.0,17731.34,0.36,1,1,0.456,1981.37,7048.62,10477.85,60,0,1,mortgage,home_improvement,0
43,99053.86,11.0,24978.12,0.252,11,0,0.465,6218.7,13038.79,1896.67,36,23,0,mortgage,education,1
50,76332.76,8.0,33015.11,0.433,3,2,0.364,11266.03,5003.95,19084.17,36,28,0,own,education,1
42,51851.27,7.8,18898.87,0.364,10,1,0.503,8659.17,4353.52,12385.19,12,23,0,rent,business,1
54,50923.4,16.8,16526.76,0.325,7,0,0.53,8221.16,1522.18,13195.06,24,32,0,own,medical,1
31,103152.03,5.1,25865.06,0.251,3,0,0.321,4472.87,2081.59,22255.34,48,7,0,mortgage,education,0
49,100038.8,8.7,30405.35,0.304,5,0,0.209,1679.33,4847.24,12172.45,60,25,0,own,home_improvement,1
51,67934.91,7.5,3195.33,0.047,1,0,0.372,6227.87,5448.69,3511.8,36,26,0,own,debt_consolidation,1
51,57902.26,8.0,21618.47,0.373,7,1,0.482,4719.04,5950.21,8093.63,24,28,0,mortgage,home_improvement,0
33,38533.07,18.1,4945.27,0.128,0,0,0.358,3722.96,2416.16,11975.54,24,13,0,mortgage,business,0
34,44191.9,7.3,21030.0,0.476,7,0,0.399,4835.44,3918.68,7988.16,36,15,0,mortgage,home_improvement,1
32,37653.52,4.2,16964.5,0.451,2,1,0.304,4638.45,0.0,8523.7,48,11,0,own,home_improvement,1
42,83075.17,16.4,24907.26,0.3,1,1,0.138,10311.5,6246.34,14137.64,12,21,0,rent,medical,1
48,38714.74,5.5,18156.42,0.469,2,1,0.261,2477.46,1380.39,6737.88,24,29,0,own,car,1
37,50715.58,0.0,19045.01,0.376,1,0,0.31,3676.18,209.2,15905.71,12,14,0,own,education,1
39,31375.02,3.3,2976.48,0.095,10,0,0.484,1748.97,2803.86,5137.36,48,21,0,rent,debt_consolidation,1
33,34890.96,0.8,14396.34,0.413,11,0,0.253,5260.02,4850.7,8559.96,24,14,0,rent,business,1
30,73038.77,0.0,40008.99,0.548,11,0,0.352,2450.3,4819.16,2137.73,48,11,0,own,debt_consolidation,0
52,64450.07,5.2,2688.73,0.042,8,0,0.659,17347.18,7131.81,2142.47,12,33,1,own,debt_consolidation,1
60,58585.76,6.6,8776.57,0.15,2,1,0.701,4871.66,2682.13,24996.25,12,35,0,mortgage,home_improvement,1
33,51015.41,12.9,17182.12,0.337,9,0,0.624,4205.51,8637.41,7972.72,12,8,0,mortgage,debt_consolidation,0
62,33577.82,10.1,8060.46,0.24,9,3,0.357,2388.45,0.0,6690.34,36,37,0,own,car,1
48,48839.24,9.9,17479.8,0.358,2,0,0.204,7537.16,3009.63,9038.02,12,23,0,own,education,1
27,55027.74,2.5,18202.86,0.331,10,3,0.551,4904.81,5736.02,10548.78,36,3,0,rent,business,0
37,71350.26,11.4,31225.33,0.438,11,1,0.115,4165.1,4646.56,3827.6,24,17,0,own,education,1
19,81468.79,14.0,4690.85,0.058,4,0,0.695,12140.78,11038.0,12172.56,36,0,0,rent,education,1
20,73820.58,9.0,18715.47,0.254,7,0,0.366,3687.51,0.0,5872.58,48,0,0,rent,education,1
36,64321.41,9.1,30605.96,0.476,10,2,0.669,10081.6,3930.49,24001.22,36,13,0,own,business,0
42,58291.74,0.7,12373.23,0.212,3,0,0.166,1285.15,3159.42,8595.62,48,21,0,rent,business,1
59,62213.07,12.3,17855.65,0.287,11,1,0.418,12758.96,3804.4,1389.42,48,38,0,rent,car,1
25,47805.18,15.9,1502.84,0.031,3,1,0.588,2299.4,0.0,5593.92,48,6,0,mortgage,education,1
61,59933.47,8.6,8319.5,0.139,11,0,0.196,1734.17,3122.51,8562.3,36,41,0,own,medical,1
30,54925.22,4.0,14595.68,0.266,2,2,0.549,3708.58,2734.79,2982.72,36,11,0,rent,debt_consolidation,0
26,118284.83,6.2,27377.39,0.231,8,0,0.177,7117.2,9323.81,9745.46,24,2,0,rent,debt_consolidation,1
54,62735.5,4.9,25016.85,0.399,6,0,0.484,6907.06,7627.37,10651.84,36,36,0,mortgage,business,0
58,29122.25,5.2,10026.69,0.344,4,0,0.096,799.31,2103.82,6887.46,36,35,0,mortgage,medical,0
49,50146.54,10.2,24398.79,0.487,5,1,0.541,5399.0,4390.59,1331.78,60,26,0,mortgage,car,1
24,52975.1,8.4,25058.73,0.473,2,2,0.555,3545.37,6862.53,19772.11,24,3,0,rent,debt_consolidation,0
24,77217.69,12.0,11416.37,0.148,8,0,0.251,6857.91,9739.23,2540.42,48,5,0,rent,business,1
38,65377.65,8.9,1918.74,0.029,11,1,0.355,2181.34,0.0,5876.52,12,16,0,own,business,1
41,64278.49,2.7,30395.34,0.473,7,1,0.281,5433.42,6848.02,11693.65,12,19,0,mortgage,debt_consolidation,0
69,89104.34,4.5,17324.92,0.194,3,0,0.417,4354.28,9464.9,10208.95,60,46,0,mortgage,medical,1
33,100209.56,4.2,20439.56,0.204,8,0,0.212,1863.02,5366.86,4584.67,24,13,0,own,business,1
28,73002.06,6.1,7588.51,0.104,5,0,0.581,9572.8,3193.16,4525.64,48,7,0,own,debt_consolidation,1
67,51373.93,16.0,19896.81,0.387,11,1,0.471,2141.7,524.55,8068.9,24,45,0,mortgage,business,1
26,51871.28,16.8,8738.12,0.168,3,0,0.666,5601.68,0.0,3698.56,24,7,0,mortgage,debt_consolidation,1
20,20444.68,11.2,2324.03,0.114,6,1,0.215,863.31,2231.66,7985.46,48,0,0,rent,education,1
40,85030.0,7.6,24386.36,0.287,5,2,0.582,7026.75,8921.55,12287.51,24,21,0,rent,debt_consolidation,1
39,51820.58,0.2,21646.51,0.418,10,1,0.381,17364.51,3195.69,5514.64,12,21,0,rent,home_improvement,0
50,57000.35,8.1,9284.63,0.163,1,0,0.535,9957.81,5823.13,7052.68,36,31,0,rent,debt_consolidation,1
63,49803.13,3.0,20054.76,0.403,7,0,0.851,12472.78,5869.07,9518.08,48,45,0,own,debt_consolidation,1
66,40732.71,15.2,10787.93,0.265,9,1,0.599,7394.19,0.0,15508.81,48,47,0,mortgage,car,1
33,114754.36,0.0,26852.47,0.234,4,0,0.108,9277.16,9080.79,9950.72,36,9,0,own,debt_consolidation,1
69,57126.76,8.9,12027.81,0.211,6,0,0.047,8818.78,3115.16,5235.57,48,48,0,own,education,1
51,93620.86,2.6,9096.01,0.097,3,0,0.465,6832.47,8264.78,13388.32,60,29,0,rent,debt_consolidation,1
22,52046.51,7.0,10216.52,0.196,5,1,0.292,1414.97,3954.7,11861.43,36,3,0,own,education,0
66,47068.97,10.3,22875.67,0.486,11,0,0.145,4685.84,4949.82,13150.67,36,44,0,mortgage,business,1
26,70897.98,12.1,5256.98,0.074,4,1,0.692,1430.28,0.0,6244.64,60,8,0,rent,debt_consolidation,0
49,81346.87,6.7,42942.93,0.528,2,0,0.438,5770.23,10767.48,14594.64,48,29,0,rent,car,1
59,83175.85,10.8,6402.31,0.077,6,1,0.322,15996.96,3367.26,5570.26,36,39,0,mortgage,debt_consolidation,1
31,54788.73,3.7,11608.46,0.212,5,1,0.279,9181.98,3284.79,4507.19,12,10,0,mortgage,business,1
32,73395.87,8.2,25053.11,0.341,9,1,0.171,5262.15,0.0,14744.88,48,13,0,own,business,1
43,48686.62,12.0,22593.32,0.464,0,0,0.39,12154.78,2993.68,7786.3,12,22,0,rent,debt_consolidation,0
64,59681.31,8.7,5735.31,0.096,10,1,0.376,7106.0,3924.52,7908.77,60,41,0,rent,business,1
30,53078.44,4.4,5031.0,0.095,8,1,0.642,7241.5,3326.8,3736.11,36,5,0,rent,education,1
52,50503.3,5.6,17829.71,0.353,10,0,0.5,3034.38,1508.55,4066.25,36,30,0,rent,home_improvement,1
42,60497.03,12.1,10596.4,0.175,4,0,0.631,9153.69,343.97,4638.11,60,18,0,mortgage,medical,1
24,40404.08,1.5,14609.55,0.362,5,1,0.375,3052.99,3989.18,5935.06,12,6,1,own,car,0
55,79021.69,2.3,35947.69,0.455,4,0,0.408,2920.45,0.0,6048.49,36,36,0,rent,debt_consolidation,1
61,50569.2,10.0,3071.64,0.061,10,0,0.297,6058.89,5405.66,2126.66,48,42,0,own,medical,1
48,77727.87,4.8,36344.14,0.468,0,0,0.205,6608.78,11767.43,11721.08,60,29,0,mortgage,debt_consolidation,1
27,42993.37,0.0,1716.31,0.04,6,2,0.141,3465.09,7631.57,19581.14,60,9,1,rent,medical,1
26,50512.74,13.8,25073.41,0.496,3,1,0.524,6438.16,630.82,3738.17,48,2,0,rent,car,1
40,40362.54,1.5,21677.82,0.537,7,2,0.529,838.37,3883.22,7430.78,36,20,0,rent,home_improvement,1
44,39901.4,6.0,14913.2,0.374,11,1,0.614,2054.08,1537.77,12833.92,60,25,0,mortgage,education,0
47,44756.16,3.9,24242.41,0.542,8,0,0.355,4890.52,5723.99,14201.69,48,28,0,own,home_improvement,0
31,43199.23,5.5,19683.98,0.456,0,0,0.525,1462.82,3728.9,5764.45,36,6,0,mortgage,medical,1
44,40465.94,2.6,1760.82,0.044,4,0,0.618,1804.47,2106.39,500.0,36,26,0,rent,car,0
34,58347.29,10.6,1284.8,0.022,0,0,0.246,8809.42,1233.88,13233.98,24,16,0,mortgage,medical,1
53,70430.05,7.6,2184.97,0.031,5,0,0.601,1940.64,3393.91,3227.4,12,34,0,mortgage,home_improvement,1
59,71670.74,11.9,18599.32,0.26,2,0,0.219,12492.03,2361.55,1026.03,48,36,0,own,business,1
52,32842.07,4.0,11507.63,0.35,8,0,0.238,4251.43,2149.53,5921.01,48,29,0,rent,debt_consolidation,0
19,52969.9,17.7,14576.26,0.275,6,0,0.582,7346.93,3603.34,20513.9,12,0,0,rent,home_improvement,1
69,51287.06,0.0,19431.6,0.379,3,0,0.518,1587.45,1997.1,7669.43,36,51,0,rent,education,1
20,89670.7,0.0,23160.99,0.258,10,1,0.295,16051.67,3090.16,24837.4,24,0,0,mortgage,car,1
69,53626.41,15.8,2282.28,0.043,8,0,0.134,5210.7,5257.43,3415.38,60,50,0,rent,medical,1
20,56760.92,9.4,7939.06,0.14,7,0,0.102,14357.61,5772.11,5234.13,60,0,0,own,home_improvement,1
45,36194.54,8.7,19765.51,0.546,4,0,0.477,4763.86,942.08,11518.93,12,23,0,mortgage,medical,0
24,44390.86,9.2,9025.01,0.203,3,0,0.222,3540.97,2838.34,14727.34,36,0,1,rent,education,1
23,35539.27,9.9,6828.01,0.192,7,0,0.325,799.93,833.59,10114.89,60,3,0,mortgage,home_improvement,1
53,59569.63,8.5,6015.33,0.101,9,0,0.891,6708.42,11738.86,5699.05,48,35,0,rent,debt_consolidation,1
56,90687.3,2.2,49260.08,0.543,10,0,0.115,14831.43,1780.7,24358.54,12,35,0,rent,education,1
25,44868.25,11.1,6377.73,0.142,9,1,0.245,6702.66,3559.47,7130.24,36,5,0,mortgage,medical,1
68,53764.85,10.3,19506.86,0.363,0,0,0.492,1915.49,4780.81,5606.06,12,43,0,mortgage,car,1
35,43282.49,14.1,1830.21,0.042,11,0,0.479,10634.49,1445.62,9480.28,24,15,0,rent,car,1
35,47468.18,15.8,2621.68,0.055,2,2,0.324,2516.88,1122.64,12110.77,36,15,0,rent,home_improvement,1
34,59978.04,8.7,23983.92,0.4,0,1,0.093,10329.13,3160.46,5280.78,60,15,0,mortgage,car,0
42,105701.12,0.9,37697.16,0.357,6,0,0.361,4313.31,2474.94,3785.45,12,18,0,own,medical,1
28,89087.67,15.9,33896.62,0.38,5,0,0.656,3603.48,6778.46,13031.04,36,10,0,mortgage,car,0
40,98315.27,1.9,14001.5,0.142,1,0,0.39,4189.71,2377.35,929.73,48,22,0,mortgage,car,1
29,77966.83,8.7,42257.33,0.542,2,1,0.139,3377.47,5769.38,3903.93,48,11,0,rent,medical,1
21,53536.18,5.7,16914.16,0.316,2,0,0.252,1416.22,0.0,3883.84,48,1,0,rent,debt_consolidation,0
37,51199.18,4.8,27333.22,0.534,5,0,0.657,1797.58,1347.52,5229.02,12,15,0,rent,debt_consolidation,1
53,44952.37,10.8,4810.37,0.107,8,0,0.772,381.43,2052.75,12617.33,60,33,0,own,car,0
57,25647.43,8.2,6019.52,0.235,8,1,0.487,360.01,2993.06,13676.4,60,34,0,own,medical,0
37,53262.95,9.6,10541.45,0.198,0,0,0.37,15237.52,0.0,7467.17,60,14,0,rent,car,1
35,91147.8,2.9,38299.37,0.42,2,0,0.575,9666.45,10703.83,16022.39,12,17,0,mortgage,medical,1
59,90777.19,6.1,37782.63,0.416,7,1,0.264,7486.6,9046.17,19045.78,24,34,0,rent,business,1
53,120029.98,3.2,33352.52,0.278,9,0,0.539,12590.17,0.0,6665.67,12,34,0,rent,car,1
61,61435.19,6.0,1754.49,0.029,0,0,0.239,3605.99,5748.48,10780.64,48,39,1,mortgage,business,1
65,38521.31,6.4,4347.48,0.113,4,0,0.22,3025.93,776.74,4658.11,24,46,0,own,debt_consolidation,1
60,68866.13,16.2,3211.97,0.047,1,0,0.095,4362.12,6557.92,1880.29,60,38,0,mortgage,home_improvement,1
66,106126.32,5.7,49764.51,0.469,5,0,0.57,12829.73,10421.05,7448.99,48,46,0,rent,medical,0
40,95415.03,0.0,16562.04,0.174,4,0,0.361,15093.91,10144.96,8569.14,24,17,0,mortgage,education,1
39,49342.3,14.0,4070.69,0.082,2,1,0.433,2250.04,1879.61,10304.91,36,14,0,rent,debt_consolidation,1
35,39612.04,9.2,8227.87,0.208,11,0,0.632,1353.08,3991.78,7388.24,24,17,0,own,business,1
30,39278.41,6.3,2394.54,0.061,9,1,0.191,2113.97,5642.92,2513.82,12,6,0,own,home_improvement,0
57,45843.73,4.8,24700.34,0.539,6,0,0.154,2155.27,2388.59,5908.48,12,33,0,rent,debt_consolidation,1
55,48006.42,2.3,8975.0,0.187,9,2,0.772,5877.97,2806.15,14373.28,36,33,0,mortgage,business,0
59,52253.95,16.7,26885.98,0.515,3,1,0.353,4369.6,5339.66,2754.27,60,41,0,mortgage,education,1
27,71926.32,7.3,27464.79,0.382,11,1,0.421,2724.69,0.0,7262.11,12,4,0,mortgage,debt_consolidation,1
44,51680.65,0.0,16539.7,0.32,4,0,0.455,695.17,909.07,5512.59,60,19,0,own,medical,1
30,58797.96,8.6,15993.83,0.272,4,2,0.087,8108.1,6880.82,6255.93,12,7,1,own,car,0
64,34817.53,13.0,13380.78,0.384,6,0,0.559,1593.85,2588.85,13268.41,48,39,0,mortgage,debt_consolidation,1
32,44970.25,7.8,17256.25,0.384,6,0,0.595,2791.11,2513.5,21658.62,60,7,0,own,education,1
26,44329.95,2.5,1133.79,0.026,7,2,0.255,4940.35,868.27,4969.95,12,6,0,rent,medical,1
48,33121.27,2.0,16597.91,0.501,9,0,0.358,3750.27,2252.13,3138.52,24,23,0,mortgage,business,1
63,51267.47,2.4,11023.56,0.215,3,0,0.486,7836.26,2056.96,4062.83,36,45,0,own,car,1
65,34890.89,14.6,7230.61,0.207,8,0,0.411,6377.88,0.0,3907.12,36,41,0,rent,business,1
23,50116.8,6.6,11802.15,0.235,2,1,0.55,2136.81,6605.28,7602.23,60,3,0,rent,car,0
35,60287.69,0.0,23102.23,0.383,2,0,0.391,8331.1,1924.56,13139.94,24,16,0,own,education,1
26,91702.7,8.9,20109.43,0.219,5,0,0.285,15197.18,4867.14,5952.47,12,2,0,rent,business,1
34,43634.53,7.7,9518.02,0.218,6,1,0.33,7033.34,0.0,4442.18,48,9,0,mortgage,medical,1
46,59736.31,4.8,3204.04,0.054,7,0,0.432,5693.46,2384.1,13348.22,36,26,0,own,home_improvement,1
33,46834.05,1.9,11278.58,0.241,1,0,0.389,8819.48,5477.88,3052.61,24,13,0,mortgage,medical,1
22,34334.13,1.7,3406.76,0.099,9,1,0.334,11201.59,3887.1,7736.91,12,1,0,mortgage,education,1
45,92084.2,12.4,43598.4,0.473,6,0,0.615,7415.51,6255.29,10302.82,24,24,0,mortgage,debt_consolidation,1
21,61188.99,8.2,12072.03,0.197,7,0,0.074,2759.28,2167.66,3617.86,60,0,0,rent,car,1
30,67681.62,9.4,35821.16,0.529,8,1,0.328,6714.03,4599.5,7767.37,12,8,0,own,education,0
19,97452.44,8.2,37304.78,0.383,8,0,0.308,5720.32,8960.81,13284.71,48,0,0,rent,car,1
23,50038.83,8.6,21054.36,0.421,5,0,0.435,2650.81,0.0,5780.02,24,0,0,mortgage,car,1
41,37934.23,4.7,19813.36,0.522,5,2,0.255,9756.01,3004.27,10468.44,48,18,0,rent,medical,0
62,43441.68,6.0,6370.09,0.147,2,2,0.244,2834.31,4561.01,2396.19,60,39,1,mortgage,car,1
58,36899.72,12.8,11832.42,0.321,6,0,0.298,2337.44,2348.77,4578.96,24,37,0,own,business,1
24,82955.43,14.1,3449.67,0.042,2,3,0.307,4451.16,5449.57,3565.89,36,2,0,mortgage,debt_consolidation,1
20,107654.47,0.9,7902.06,0.073,7,0,0.43,11725.0,3267.03,6576.95,36,0,0,mortgage,home_improvement,1
36,60073.76,6.0,12873.27,0.214,5,0,0.294,7784.39,4897.55,4361.58,48,14,0,mortgage,car,1
52,72615.29,11.2,27719.14,0.382,2,1,0.379,15016.87,10680.2,17528.78,48,27,0,rent,home_improvement,1
57,79103.57,16.4,36450.73,0.461,5,1,0.341,2669.2,10835.8,9221.02,24,36,0,mortgage,home_improvement,1
60,99815.36,15.9,15560.64,0.156,11,0,0.788,20228.17,3781.63,3463.87,12,38,0,rent,car,1
36,105984.12,3.0,44196.54,0.417,6,0,0.281,4272.25,5080.8,5483.17,36,18,0,rent,business,0
27,30907.38,13.4,4292.24,0.139,4,2,0.34,1016.47,4170.75,5570.6,48,6,0,mortgage,home_improvement,1
20,47251.71,7.3,1096.69,0.023,5,0,0.236,3467.44,4555.85,13408.78,36,1,0,mortgage,business,1
26,57845.5,12.2,2825.11,0.049,7,2,0.081,2102.55,5519.02,9846.4,36,8,0,rent,education,0
22,45445.46,10.9,15012.73,0.33,1,1,0.074,4969.86,0.0,7486.28,48,1,0,rent,car,0
62,52680.55,0.7,14934.31,0.283,6,0,0.377,2748.0,5921.69,10057.63,36,42,0,own,home_improvement,1
32,66210.9,9.7,10813.92,0.163,0,1,0.298,10204.58,3485.55,14419.13,48,12,0,own,home_improvement,0
60,27348.2,12.0,641.87,0.023,10,0,0.686,3342.45,2142.48,23842.41,48,37,0,own,car,1
47,65609.89,6.9,21063.76,0.321,7,0,0.193,8573.92,2059.8,19436.73,12,29,0,mortgage,medical,1
46,78211.48,5.8,35455.73,0.453,1,0,0.461,8007.74,11664.97,8189.08,12,22,0,rent,medical,1
42,58268.79,0.0,3282.21,0.056,5,0,0.315,5777.4,1044.15,6190.43,60,21,0,mortgage,debt_consolidation,1
60,26312.17,10.4,10796.71,0.41,10,1,0.214,1280.15,4322.9,9205.77,36,41,0,own,medical,1
21,51267.54,8.0,18267.01,0.356,11,1,0.255,2764.0,3491.31,12039.94,48,2,0,own,car,0
23,64049.19,2.4,17553.2,0.274,1,1,0.625,3572.61,3733.98,5027.56,36,0,0,mortgage,debt_consolidation,0
40,80141.78,5.4,3656.14,0.046,3,0,0.255,11713.71,1804.28,8522.01,24,20,0,mortgage,debt_consolidation,1
39,76139.5,7.8,38792.53,0.509,1,0,0.824,8256.07,3085.95,9390.73,12,20,0,mortgage,car,0
46,55689.73,4.2,15205.73,0.273,4,2,0.583,3086.61,3146.54,17807.71,60,26,0,rent,home_improvement,1
56,46280.21,7.0,10727.37,0.232,10,0,0.458,3936.19,3397.23,4371.26,12,32,0,rent,medical,0
48,56535.43,0.0,26943.76,0.477,8,0,0.771,11223.68,5293.99,2445.98,36,28,0,mortgage,car,0
32,32221.83,13.7,15084.86,0.468,3,1,0.721,32.36,1812.06,2320.41,24,11,0,mortgage,debt_consolidation,0
35,47697.49,7.1,19338.87,0.405,3,2,0.194,3682.76,4464.48,13459.6,12,11,0,mortgage,business,1
57,85277.55,1.5,39190.22,0.46,7,0,0.491,7430.4,10728.35,15852.52,60,38,0,rent,debt_consolidation,1
29,56479.17,0.0,4851.23,0.086,7,0,0.135,2954.03,6755.06,5925.79,36,4,0,rent,business,1
44,64956.45,12.1,27495.11,0.423,5,0,0.16,1467.79,6365.84,12045.97,48,21,0,own,education,1
46,36436.22,9.8,7063.45,0.194,5,2,0.205,1789.51,3340.55,14762.61,24,28,0,rent,business,1
57,79951.53,8.1,38358.53,0.48,11,1,0.155,3345.93,1091.59,9577.9,36,33,0,rent,medical,1
55,54765.87,11.3,11841.62,0.216,6,0,0.119,4871.45,4223.18,21631.4,60,33,0,rent,education,1
42,64222.13,11.3,3132.83,0.049,9,0,0.244,2860.47,798.28,7001.35,60,17,0,rent,car,1
34,68884.36,8.0,16506.17,0.24,11,1,0.413,5868.53,8095.02,11733.69,24,12,0,own,debt_consolidation,1
37,78927.66,5.7,33235.79,0.421,4,0,0.543,18301.13,6400.7,714.49,36,13,0,mortgage,education,1
39,60970.2,4.9,17406.63,0.285,9,0,0.198,2084.63,7508.57,18762.0,24,18,0,own,car,1
30,55183.06,9.1,23437.68,0.425,9,0,0.244,9042.18,6921.68,8739.55,12,5,0,rent,business,0
50,38842.76,14.0,1503.02,0.039,2,1,0.558,2800.21,3446.3,9353.8,48,32,0,rent,business,1
29,35441.98,6.5,4036.74,0.114,2,2,0.422,304.27,1164.27,11931.0,60,8,0,mortgage,debt_consolidation,1
52,60567.77,14.4,19303.69,0.319,1,3,0.294,9425.2,0.0,14138.28,36,33,0,own,medical,1
57,64361.37,8.9,14430.87,0.224,7,1,0.119,9856.42,6037.61,7572.99,60,32,0,mortgage,home_improvement,1
68,67896.13,8.9,25834.01,0.38,9,0,0.2,2287.01,3955.8,13482.27,48,43,0,own,business,1
25,43719.01,19.0,23177.8,0.53,9,1,0.28,4807.37,4664.12,6692.41,60,4,0,own,business,1
57,47837.46,15.3,17686.79,0.37,4,2,0.126,3347.07,4859.35,16273.3,12,34,0,own,car,1
23,60209.81,15.4,14522.75,0.241,8,0,0.427,5733.05,5815.45,12285.2,24,5,0,own,business,1
36,49740.14,3.0,15292.75,0.307,0,1,0.054,2381.6,3930.56,3980.04,24,15,0,rent,education,1
27,123822.71,18.0,62381.64,0.504,7,0,0.06,4571.53,0.0,3861.71,36,2,0,own,home_improvement,0
27,47516.02,6.6,17898.54,0.377,5,1,0.824,1430.87,6170.27,14006.33,60,8,0,mortgage,debt_consolidation,0
27,65832.99,5.9,29340.79,0.446,9,0,0.393,12187.95,251.31,1925.62,36,8,0,own,education,1
21,75349.45,0.0,13548.19,0.18,11,2,0.339,2588.14,2584.75,6731.26,24,0,0,mortgage,business,0
60,76942.55,8.6,31891.93,0.414,6,0,0.755,8372.39,3858.13,12793.13,36,42,0,mortgage,business,0
22,49463.14,1.6,4644.52,0.094,7,0,0.428,1739.8,3342.94,5376.95,36,0,0,mortgage,education,1
39,68997.88,9.0,28798.41,0.417,11,1,0.274,22737.72,3498.94,8734.14,24,19,0,rent,debt_consolidation,1
54,66130.51,1.2,32220.51,0.487,4,0,0.763,2266.1,2571.02,5224.25,48,29,1,rent,business,0
69,70000.97,16.0,34799.11,0.497,1,0,0.757,2336.43,7475.75,3772.36,12,47,0,mortgage,car,1
62,59947.97,9.8,4903.31,0.082,6,1,0.541,12259.62,5.21,15585.43,24,37,0,mortgage,business,1
25,75535.3,18.4,34733.96,0.46,4,1,0.561,4947.45,3470.62,4365.04,24,5,0,mortgage,home_improvement,0
69,62293.23,1.9,4875.46,0.078,7,1,0.449,1672.04,0.0,4914.77,12,47,0,mortgage,medical,1
52,37436.08,14.7,10240.65,0.274,9,2,0.363,2845.96,566.05,6453.18,12,30,0,own,education,1
28,61677.38,0.0,23544.5,0.382,6,0,0.448,2437.3,0.0,6666.29,60,6,0,mortgage,education,1
41,64072.85,8.0,17725.88,0.277,3,0,0.544,23561.46,6623.05,7128.17,36,19,1,rent,car,0
65,73721.28,3.8,14755.47,0.2,6,0,0.421,1093.66,5603.28,15100.83,60,46,0,rent,car,1
39,60591.66,4.8,23171.78,0.382,5,1,0.45,7700.16,1588.92,9042.65,12,16,0,own,education,0
28,100701.42,4.4,37286.29,0.37,2,1,0.024,21092.24,0.0,5705.3,60,7,0,rent,education,1
63,55810.33,2.4,18357.86,0.329,9,2,0.293,7741.19,0.0,7064.08,36,38,0,mortgage,business,1
67,48653.74,0.7,14599.39,0.3,3,0,0.639,2245.19,570.03,10807.27,12,46,0,rent,car,1
68,89183.31,4.8,35141.98,0.394,6,2,0.094,15082.73,4337.83,1450.85,24,45,0,mortgage,business,1
67,55316.78,7.6,12922.53,0.234,10,2,0.435,4999.85,5783.82,6554.84,36,48,0,rent,medical,0
63,58753.28,12.8,3316.46,0.056,2,0,0.2,7233.87,0.0,16972.59,48,44,0,rent,debt_consolidation,1
42,64081.81,8.5,19535.4,0.305,5,0,0.319,9119.46,0.0,7742.3,60,17,0,rent,debt_consolidation,0
28,62309.1,12.8,25137.45,0.403,2,0,0.33,2026.49,0.0,8357.84,60,10,0,rent,education,1
50,69812.23,0.0,12465.31,0.179,5,2,0.373,8220.92,4663.88,6986.07,60,26,0,rent,education,1
30,72246.39,4.8,6834.37,0.095,3,0,0.405,9809.95,0.0,15224.19,36,8,0,mortgage,debt_consolidation,1
43,47280.34,10.6,23795.05,0.503,10,1,0.261,3647.93,0.0,18121.23,12,25,0,rent,education,1
52,39828.81,8.7,19029.7,0.478,3,2,0.377,1819.18,3594.0,890.55,12,32,0,mortgage,car,1
67,41269.78,2.7,14352.4,0.348,7,0,0.527,3009.25,5896.11,20686.71,60,49,0,rent,debt_consolidation,1
33,85690.15,11.7,37438.18,0.437,1,1,0.108,21663.78,5985.62,3148.41,12,13,0,mortgage,debt_consolidation,1
31,53843.94,4.3,28723.96,0.533,5,0,0.65,5854.98,2744.21,12942.65,12,12,0,mortgage,debt_consolidation,0
56,75117.98,3.1,24166.0,0.322,10,2,0.381,6218.22,13188.33,13056.13,60,36,0,rent,car,0
19,72912.01,9.4,10894.24,0.149,8,0,0.634,2452.18,2959.28,3653.5,36,0,0,mortgage,education,1
47,58749.24,7.0,21065.74,0.359,3,1,0.503,9807.18,2394.21,6675.13,36,26,0,rent,education,0
57,43516.97,4.4,21964.52,0.505,11,0,0.519,5084.64,1733.97,9054.5,36,38,0,mortgage,home_improvement,1
47,73513.6,4.2,28359.97,0.386,9,0,0.071,4235.8,10416.83,21236.17,48,26,0,rent,business,1
38,58096.12,1.7,1969.89,0.034,4,0,0.549,2879.62,5438.66,8773.46,60,14,0,mortgage,business,1
61,39063.45,5.0,19769.24,0.506,11,2,0.252,1130.57,3636.24,9602.11,48,38,0,mortgage,debt_consolidation,1
37,49872.2,12.5,20918.79,0.419,2,0,0.482,6007.27,4139.13,14541.0,36,19,0,own,medical,0
55,34596.44,8.2,8059.95,0.233,3,0,0.145,474.46,1516.48,5217.03,24,31,0,own,medical,1
42,50621.47,11.8,27506.23,0.543,11,1,0.258,6263.74,2556.78,4791.76,24,24,0,own,debt_consolidation,0
20,59743.63,9.6,24046.22,0.402,11,0,0.572,891.79,1101.54,11806.21,24,0,0,mortgage,debt_consolidation,0
46,56096.5,3.9,25663.24,0.457,9,3,0.248,3837.79,2628.69,10098.07,48,21,0,own,debt_consolidation,1
21,53938.47,0.0,28041.44,0.52,2,2,0.598,9201.68,4358.03,6550.09,48,3,0,rent,car,0
66,59541.48,2.4,2439.81,0.041,2,0,0.499,646.95,3387.51,14253.09,12,42,0,own,car,1
49,68401.82,3.6,29443.05,0.43,7,0,0.174,13548.23,7327.81,18401.94,12,28,0,rent,debt_consolidation,0
37,77164.75,3.3,17343.83,0.225,0,0,0.334,3746.83,6157.19,14093.31,60,12,0,mortgage,business,1
43,80727.94,11.9,38798.63,0.481,11,1,0.656,5829.17,6148.06,6286.06,36,18,0,mortgage,education,0
50,45612.25,11.9,22159.11,0.486,11,2,0.097,2219.42,1061.57,8423.22,60,26,0,mortgage,debt_consolidation,1
32,83477.17,18.1,38330.03,0.459,9,0,0.582,4468.75,445.92,5311.45,12,7,0,mortgage,debt_consolidation,0
33,58125.67,3.2,25167.04,0.433,11,0,0.508,2162.68,601.7,17082.8,24,9,0,own,debt_consolidation,1
40,52037.74,15.0,22947.08,0.441,2,1,0.842,8310.04,6299.66,8233.6,36,15,0,mortgage,home_improvement,1
32,41653.73,15.0,7379.91,0.177,10,0,0.327,5496.85,0.0,2588.06,12,12,0,rent,business,1
57,25763.04,5.8,6066.16,0.235,3,2,0.236,874.68,1962.14,11575.95,36,33,0,rent,business,1
24,66814.05,9.4,5410.54,0.081,1,0,0.711,7341.3,5090.47,8479.02,24,2,0,rent,car,1
61,65959.86,13.2,30355.62,0.46,3,1,0.352,6153.25,2140.66,7686.37,36,38,0,rent,business,1
36,48440.8,6.7,17554.14,0.362,9,1,0.519,2902.24,3142.42,2713.19,36,18,0,mortgage,education,1
47,48889.35,6.3,16854.11,0.345,11,0,0.165,5618.04,3677.87,5203.09,24,25,0,mortgage,car,1
27,55433.03,3.9,8338.31,0.15,7,0,0.859,3900.21,493.88,8899.16,48,5,0,mortgage,debt_consolidation,1
38,51751.88,0.0,17904.55,0.346,2,0,0.231,7553.27,1407.38,12811.75,24,18,0,rent,education,0
57,44966.91,7.4,11732.43,0.261,7,0,0.565,1733.81,2696.31,10529.89,24,36,0,rent,home_improvement,1
32,40254.8,3.5,22039.2,0.547,6,1,0.371,5467.02,2475.75,4683.91,36,8,0,rent,medical,0
25,83802.93,1.6,40009.71,0.477,6,0,0.337,1134.79,0.0,5834.71,24,6,0,own,business,1
45,49791.76,9.1,14876.33,0.299,4,2,0.556,4367.58,3327.65,4339.05,36,26,0,own,education,0
27,65836.53,0.0,29526.46,0.448,1,1,0.094,5231.06,4524.6,6938.74,12,7,0,rent,home_improvement,0
35,70104.17,11.0,7514.3,0.107,4,0,0.731,2815.31,7883.68,12537.35,36,12,0,rent,business,1
41,66922.71,9.4,4935.03,0.074,10,0,0.139,7852.53,4109.45,6006.74,36,16,0,mortgage,business,1
47,71376.3,5.0,25284.69,0.354,4,1,0.747,8915.0,3020.54,6783.38,36,25,0,mortgage,business,1
51,66674.72,6.7,27016.36,0.405,0,2,0.161,3195.0,6724.33,7864.71,36,28,0,own,medical,1
53,47002.0,1.0,2261.73,0.048,4,1,0.513,2813.4,5554.19,3120.19,36,31,0,mortgage,car,0
62,52679.29,10.8,6664.49,0.127,5,1,0.637,5400.61,0.0,9137.53,24,43,0,rent,debt_consolidation,1
22,83016.0,7.9,25299.29,0.305,7,0,0.447,1456.37,3005.91,8578.38,24,1,0,own,medical,1
37,49335.44,8.3,2629.22,0.053,7,1,0.543,2465.03,0.0,8765.98,36,14,0,mortgage,home_improvement,1
19,58152.68,9.5,14232.75,0.245,5,1,0.304,3087.76,828.23,4333.28,24,0,0,mortgage,debt_consolidation,1
19,68502.14,3.8,18872.5,0.276,1,0,0.384,4350.07,9351.36,20336.9,24,0,0,rent,debt_consolidation,1
29,93435.48,0.0,47517.47,0.509,5,0,0.393,13065.57,797.1,21061.58,48,5,0,rent,medical,1
49,80444.14,11.8,15067.88,0.187,0,2,0.514,10755.16,6874.52,6713.59,48,28,0,rent,business,1
64,42982.38,10.4,4702.03,0.109,6,2,0.546,1599.23,3552.63,1988.95,36,43,0,mortgage,debt_consolidation,1
58,65144.29,4.3,1562.12,0.024,5,1,0.654,5526.04,2145.85,893.31,48,37,0,own,car,1
51,62678.06,9.0,5293.31,0.084,4,1,0.827,6198.06,2469.9,3947.81,12,27,0,rent,car,1
58,52824.64,13.3,22078.53,0.418,7,1,0.605,5950.6,6958.8,4136.26,60,39,0,mortgage,car,1
27,58704.07,12.7,15017.01,0.256,9,0,0.324,1610.78,6415.5,7128.46,24,9,0,mortgage,business,1
61,46858.92,4.2,5872.56,0.125,3,2,0.555,368.85,8152.25,5186.29,36,36,0,rent,medical,1
64,55112.27,0.0,28355.52,0.515,6,1,0.208,15255.0,0.0,5907.93,36,40,0,rent,education,1
23,49479.02,0.4,21641.89,0.437,6,0,0.653,2140.6,4394.26,14274.9,24,0,0,rent,medical,1
42,60136.98,5.4,4847.84,0.081,6,0,0.136,4502.98,0.0,5592.5,12,17,0,own,education,1
61,52208.67,14.3,8486.38,0.163,4,0,0.149,5264.71,3133.52,17180.8,48,40,0,own,medical,1
43,95975.82,3.4,45128.21,0.47,2,0,0.402,6987.09,4878.13,8029.9,12,18,0,mortgage,home_improvement,1
61,60783.72,4.0,23522.62,0.387,2,1,0.644,4678.26,276.54,8375.09,60,42,0,mortgage,home_improvement,1
66,57033.51,3.9,29722.38,0.521,0,0,0.015,5560.64,1801.39,12933.12,12,45,0,rent,debt_consolidation,1
43,54175.66,4.3,3272.87,0.06,0,0,0.447,2195.9,2537.49,14287.01,48,25,0,rent,business,0
22,52253.06,6.9,22519.4,0.431,9,1,0.613,2154.25,4371.35,10321.52,60,1,0,mortgage,business,1
36,39066.25,0.6,2363.43,0.06,0,0,0.241,1692.82,174.39,7996.79,48,14,0,rent,business,1
29,75057.37,12.4,14893.7,0.198,10,1,0.41,8052.48,1868.94,6051.9,24,9,0,mortgage,debt_consolidation,1
43,89228.86,6.3,37284.67,0.418,10,1,0.173,11259.48,7829.82,2134.61,48,19,0,own,home_improvement,1
48,49244.33,19.4,19541.89,0.397,2,1,0.224,1812.83,4812.24,13482.26,60,30,0,rent,business,1
42,82866.15,1.1,1750.34,0.021,5,0,0.688,3340.57,16013.66,11405.75,48,23,0,mortgage,medical,1
28,123347.01,14.9,15668.74,0.127,4,0,0.547,14410.37,8650.07,5926.41,24,4,0,mortgage,business,1
34,106240.12,14.0,45964.15,0.433,4,0,0.371,14889.43,9920.75,5625.79,24,12,0,rent,debt_consolidation,1
53,87833.7,4.9,7629.08,0.087,4,1,0.165,13402.69,4435.27,14639.05,48,33,0,own,debt_consolidation,1
20,40509.7,5.0,7817.6,0.193,4,1,0.333,1815.7,5340.54,902.79,12,0,0,own,medical,1
29,40369.74,2.4,4741.89,0.117,8,2,0.408,4408.23,608.53,8058.46,36,10,0,rent,education,1
64,71260.38,2.5,5634.62,0.079,4,0,0.26,16473.2,4158.07,7225.04,12,40,0,own,education,1
24,58337.92,7.0,27034.47,0.463,2,2,0.38,3122.7,4331.7,13511.68,24,0,0,own,business,0
40,30363.74,7.1,1594.43,0.053,4,1,0.014,4015.31,2614.96,11305.01,60,21,0,rent,medical,0
29,51004.93,0.0,15510.93,0.304,11,0,0.339,4479.19,5534.09,3674.93,60,10,0,rent,debt_consolidation,0
24,70211.26,18.5,27179.86,0.387,11,4,0.353,21602.77,3617.07,5490.66,60,4,0,mortgage,home_improvement,1
40,55365.63,5.7,2797.23,0.051,0,0,0.614,478.85,5886.62,1523.89,60,16,0,own,business,1
45,58429.99,7.3,20784.49,0.356,6,1,0.251,5669.25,0.0,8685.66,48,23,0,rent,education,0
27,40351.88,3.9,7951.53,0.197,11,0,0.522,7836.11,2997.52,5668.28,48,3,0,rent,business,1
22,50799.87,5.7,23458.31,0.462,2,0,0.554,1755.81,0.0,3279.74,48,0,0,mortgage,car,1
25,71361.03,5.2,31595.78,0.443,0,0,0.503,9626.23,3594.99,4053.95,48,5,0,rent,education,1
52,50026.36,7.0,22050.1,0.441,2,0,0.465,2771.01,9340.29,18694.61,48,32,1,own,debt_consolidation,1
62,85166.7,6.9,19698.35,0.231,3,0,0.397,1262.0,6386.2,6046.96,36,44,1,mortgage,debt_consolidation,1
28,58856.44,11.0,26835.63,0.456,11,0,0.513,3175.53,2226.18,9828.58,48,4,0,own,home_improvement,1
35,66731.75,8.1,23615.73,0.354,3,0,0.319,2473.09,5832.99,1710.81,12,15,0,rent,education,1
36,70824.18,10.5,15631.06,0.221,3,0,0.43,11609.2,4200.06,12528.96,24,16,0,mortgage,debt_consolidation,1
37,69886.04,7.0,4385.7,0.063,3,1,0.307,21733.57,379.29,10110.93,36,18,0,own,home_improvement,1
31,42611.88,8.2,2361.3,0.055,4,2,0.643,2453.2,0.0,13151.0,36,6,0,own,business,0
21,44867.52,5.8,6875.63,0.153,11,0,0.607,2438.12,2739.01,3078.62,48,0,0,own,car,1
45,30209.98,12.0,5400.94,0.179,1,1,0.2,323.95,1569.12,20939.23,60,27,0,own,business,1
37,52621.49,8.6,26920.63,0.512,5,0,0.402,8093.2,2577.23,15372.32,36,12,0,mortgage,car,0
36,43845.64,6.2,24113.66,0.55,7,1,0.522,9479.32,4553.88,2965.51,60,13,0,own,business,1
32,49563.22,6.1,4765.36,0.096,1,1,0.656,5868.92,6506.28,5526.27,60,10,0,rent,education,1
66,54324.5,6.5,28230.66,0.52,0,1,0.573,2848.24,5372.95,10120.42,24,41,0,mortgage,debt_consolidation,0
50,61314.46,7.2,24186.48,0.394,11,2,0.416,6156.53,2813.51,3150.71,48,31,0,rent,medical,1
40,55628.68,6.7,15813.14,0.284,3,0,0.177,8349.72,3859.39,18247.51,12,21,0,rent,medical,1
29,55305.32,4.2,29089.71,0.526,2,1,0.436,4016.61,6543.5,12100.82,12,7,0,rent,education,0
59,65003.36,10.8,25888.07,0.398,4,0,0.39,8213.26,6970.87,5590.07,36,39,0,own,education,1
64,57613.89,11.1,19279.73,0.335,0,2,0.383,3457.26,5308.1,11276.75,12,46,0,mortgage,debt_consolidation,1
20,76907.08,15.9,10078.61,0.131,1,0,0.623,1859.41,3007.4,5778.6,36,0,0,rent,home_improvement,1
66,57672.22,4.0,8625.19,0.15,0,0,0.538,8361.69,6835.15,18902.32,24,46,0,rent,car,1
54,93640.38,10.3,47110.09,0.503,6,1,0.582,8522.3,12541.49,8646.19,48,29,0,mortgage,car,0
24,42101.95,0.0,5640.42,0.134,5,0,0.68,4255.73,4532.98,9794.56,36,0,0,mortgage,education,0
57,52328.87,11.1,1942.56,0.037,3,0,0.426,8355.37,11189.36,4021.44,48,37,1,mortgage,debt_consolidation,1
24,47119.72,0.0,7591.0,0.161,11,1,0.408,1801.62,4905.77,6408.16,60,0,0,rent,car,1
21,62077.9,2.1,17052.46,0.275,3,1,0.479,3384.54,7699.81,14517.08,60,0,0,rent,business,1
24,42093.84,8.7,9363.41,0.222,0,1,0.082,8991.24,4154.73,6743.47,60,0,0,rent,car,1
42,77296.34,3.9,39883.03,0.516,1,2,0.443,7543.79,4652.23,3857.15,36,17,0,rent,car,1
50,36535.75,3.2,8835.96,0.242,8,0,0.286,5476.65,287.3,2989.69,48,27,0,rent,education,1
39,44462.36,4.6,21839.82,0.491,6,1,0.531,3715.39,1253.98,9188.74,60,15,0,rent,car,0
25,37274.34,10.6,12493.29,0.335,3,2,0.646,4629.49,1070.56,2368.88,24,2,0,mortgage,debt_consolidation,0
29,54550.34,2.3,16244.33,0.298,2,0,0.443,6973.94,339.39,2117.67,60,4,0,mortgage,debt_consolidation,0
62,61257.8,6.7,6426.17,0.105,2,0,0.068,2937.59,3205.89,1420.12,60,39,0,mortgage,debt_consolidation,1
68,34991.71,5.1,5726.29,0.164,5,1,0.875,11424.17,2338.44,9411.6,24,46,0,mortgage,medical,0
57,51319.8,11.1,24612.89,0.48,8,1,0.379,5143.17,6478.36,1360.14,60,35,0,mortgage,education,1
24,80369.94,11.2,34830.51,0.433,7,1,0.607,1483.97,514.86,8649.83,36,2,0,mortgage,debt_consolidation,0
60,88240.61,0.0,22689.69,0.257,8,0,0.626,2032.85,9817.86,7862.49,48,42,0,own,car,1
54,73233.47,12.2,36747.22,0.502,0,0,0.845,4171.86,5864.11,5505.07,12,33,0,mortgage,education,1
45,27143.59,3.9,12327.66,0.454,6,0,0.491,376.24,2320.58,7610.24,12,27,0,mortgage,business,0
26,59487.79,8.2,4723.61,0.079,9,0,0.803,11503.4,3679.74,10738.26,48,6,0,mortgage,education,1
69,83556.27,2.3,28504.65,0.341,2,1,0.396,4086.01,14310.0,16650.81,24,50,0,own,business,1
41,49726.06,8.9,22047.88,0.443,6,0,0.062,1471.79,1360.24,6908.64,48,17,0,rent,debt_consolidation,1
21,39261.17,19.8,17605.59,0.448,0,2,0.56,4122.06,1521.34,8748.89,36,0,0,rent,debt_consolidation,0
29,81398.72,7.6,5568.55,0.068,10,0,0.855,10216.31,5905.74,3652.8,12,8,0,own,car,1
39,85480.21,4.7,11885.5,0.139,8,0,0.053,5162.94,7389.44,8636.81,24,20,0,rent,debt_consolidation,1
22,57480.86,5.8,13732.8,0.239,7,0,0.222,7288.35,4478.47,7086.66,12,0,0,own,debt_consolidation,1
35,39367.55,0.0,6037.58,0.153,7,0,0.783,5842.66,2526.2,10026.26,48,14,0,own,education,0
42,33755.65,14.2,2624.07,0.078,8,0,0.758,1992.58,3138.86,3477.2,12,18,0,rent,car,0
67,64089.64,8.6,22640.58,0.353,5,2,0.178,1697.72,6200.51,21720.42,36,45,0,rent,debt_consolidation,1
23,47240.83,1.8,13650.75,0.289,11,0,0.642,2521.29,3058.19,5953.08,60,1,0,rent,debt_consolidation,1
48,56341.88,1.9,5755.02,0.102,2,1,0.525,3879.7,8930.4,9129.82,60,25,0,own,medical,1
65,54458.87,7.1,18014.04,0.331,9,2,0.344,4606.74,4833.13,952.1,48,42,1,own,education,1
60,43754.08,11.7,2313.19,0.053,9,1,0.461,6606.78,2314.13,7905.84,36,38,0,rent,debt_consolidation,1
66,33250.62,1.2,7415.28,0.223,10,2,0.372,2355.17,4283.99,9378.81,36,44,0,mortgage,business,0
27,50130.56,12.6,22059.18,0.44,0,1,0.419,2119.45,0.0,13773.8,12,4,0,own,business,0
59,60229.65,6.5,29616.5,0.492,5,0,0.255,3135.71,626.74,9938.11,60,41,1,rent,home_improvement,1
68,61131.2,2.3,9168.11,0.15,7,0,0.42,5821.72,3452.07,17642.76,12,47,1,mortgage,home_improvement,0
35,46325.16,4.7,22029.45,0.476,7,1,0.639,4721.67,359.96,14369.9,60,16,0,mortgage,debt_consolidation,1
44,84876.7,15.7,41812.95,0.493,8,0,0.143,20453.57,9067.57,2798.28,12,19,0,rent,medical,1
46,40509.49,0.1,13839.97,0.342,7,1,0.266,2760.44,4258.75,18042.56,60,22,0,rent,home_improvement,1
44,25488.89,3.3,13778.13,0.541,2,0,0.15,1084.23,3778.01,6463.07,24,20,0,mortgage,education,0
33,78208.3,11.8,11768.25,0.15,9,0,0.374,742.56,2955.16,7660.31,12,14,0,mortgage,medical,1
68,59616.12,8.1,3371.67,0.057,5,1,0.175,914.63,5666.01,2481.87,48,47,0,mortgage,medical,1
67,50266.12,3.0,23475.53,0.467,11,0,0.097,5836.7,6567.45,13289.64,60,49,0,rent,business,1
38,66784.08,11.8,18712.45,0.28,6,1,0.174,3333.26,4995.02,6874.98,48,19,0,mortgage,education,1
60,53445.96,12.1,10882.7,0.204,6,1,0.602,9625.41,6197.64,7139.1,24,38,0,rent,business,1
39,36402.61,8.7,1793.68,0.049,7,0,0.692,459.4,2244.73,8185.95,60,16,0,rent,home_improvement,1
59,39648.63,3.9,2150.98,0.054,10,1,0.339,2216.27,5249.57,12250.77,36,34,0,mortgage,medical,1
48,52373.56,4.7,3565.58,0.068,10,0,0.581,7654.85,1498.7,16847.55,12,27,0,own,education,1
42,48240.7,8.4,5660.11,0.117,7,1,0.081,9461.56,0.0,2350.82,12,19,0,rent,home_improvement,1
25,77599.42,0.4,41462.34,0.534,6,0,0.225,9558.4,3703.24,6227.21,48,6,0,own,home_improvement,1
52,47567.5,13.6,8045.77,0.169,0,4,0.587,7476.84,2962.2,4114.21,12,31,0,mortgage,business,0
35,46682.38,15.5,21148.76,0.453,0,3,0.201,1901.41,4133.47,13664.03,36,13,0,mortgage,debt_consolidation,0
30,44858.22,5.8,1358.72,0.03,8,0,0.384,2882.65,4002.15,11580.42,24,8,0,rent,home_improvement,0
28,43724.81,8.8,8332.29,0.191,4,0,0.309,8939.42,1364.04,9930.57,24,7,0,rent,medical,0
69,44146.97,12.9,22085.94,0.5,5,4,0.435,1667.9,739.02,7276.48,36,48,0,rent,business,1
24,37926.78,16.8,4478.08,0.118,7,1,0.209,3123.7,5612.73,12338.14,36,0,0,own,car,1
59,60415.23,14.8,10302.76,0.171,2,1,0.184,7971.83,3611.68,8662.08,36,38,0,mortgage,medical,1
63,54844.97,0.0,25121.89,0.458,3,2,0.438,10250.82,2351.77,10659.18,12,43,0,own,business,1
20,54132.06,5.4,4565.37,0.084,0,1,0.512,4060.29,4471.98,15876.84,48,2,0,own,education,0
49,34312.6,9.5,1653.42,0.048,9,2,0.682,2126.08,623.7,10689.93,12,28,0,rent,medical,1
48,64910.07,4.5,34530.06,0.532,6,1,0.244,7106.89,2007.18,7097.77,36,28,0,own,car,1
37,67005.03,15.9,15715.34,0.235,2,0,0.306,16871.71,7119.99,4803.43,36,17,0,rent,car,1
53,92032.89,15.1,33929.93,0.369,7,0,0.471,10003.22,1467.2,4778.51,36,33,0,rent,education,1
39,65830.12,2.9,5751.67,0.087,1,2,0.75,7392.39,13.53,5806.04,48,15,1,mortgage,education,0
41,98574.17,6.2,13474.5,0.137,9,0,0.376,7374.46,4818.83,9767.73,60,16,1,mortgage,business,0
41,45997.13,3.3,12133.57,0.264,2,2,0.46,1846.42,3662.23,16725.3,36,20,0,mortgage,education,1
59,93788.2,6.0,35436.11,0.378,3,0,0.405,5919.53,12699.09,4389.19,48,37,0,mortgage,medical,1
51,66520.29,5.9,11669.08,0.175,10,0,0.175,4907.56,5567.23,15461.29,48,32,1,rent,home_improvement,1
38,63809.44,11.8,31193.62,0.489,8,1,0.282,3979.66,5900.61,5419.57,36,20,0,rent,car,1
66,53703.99,2.6,23307.87,0.434,8,0,0.58,4319.51,834.2,16867.84,24,42,0,mortgage,home_improvement,1
59,50204.67,0.0,15680.21,0.312,7,1,0.494,5798.31,3815.95,5449.37,48,39,0,rent,business,1
66,47047.9,0.0,12391.57,0.263,6,2,0.591,2372.8,503.56,5122.06,24,41,0,mortgage,business,1
56,94926.15,1.9,33068.24,0.348,2,0,0.695,14444.04,10673.26,2626.47,12,36,0,rent,medical,0
38,53173.63,3.7,21683.22,0.408,3,0,0.418,5826.57,3846.84,6226.39,36,18,0,mortgage,home_improvement,1
58,66909.0,7.9,6123.76,0.092,11,1,0.317,5782.65,4287.3,5737.44,24,37,0,own,education,1
35,71669.57,1.6,33820.87,0.472,11,0,0.27,5017.66,6589.99,10741.19,24,10,0,rent,car,0
32,71332.23,0.9,19929.05,0.279,8,0,0.721,2706.56,3005.57,4548.59,36,12,0,rent,car,1
42,60503.26,2.4,31203.49,0.516,10,0,0.255,7059.01,2566.3,8792.86,48,21,0,own,education,1
68,93169.73,1.4,49048.04,0.526,9,1,0.282,30651.02,1781.45,5723.1,48,44,0,mortgage,business,1
47,65201.23,4.2,2365.5,0.036,4,2,0.666,12480.73,10153.21,12822.69,12,24,0,rent,car,0
38,46687.67,4.0,10447.53,0.224,8,1,0.421,5969.0,2580.61,11839.66,12,18,0,rent,home_improvement,1
42,50923.02,10.4,15220.81,0.299,9,0,0.572,10584.65,2590.27,11165.77,48,22,1,rent,education,0
33,34848.81,2.1,10663.24,0.306,1,0,0.48,1878.23,3532.06,1190.85,60,13,0,rent,home_improvement,1
52,62594.58,5.2,28534.9,0.456,10,0,0.133,2829.93,4209.5,4469.08,60,33,0,mortgage,debt_consolidation,1
36,68731.86,4.3,6514.76,0.095,5,1,0.336,5534.42,0.0,13448.61,12,15,0,rent,education,1
47,70675.75,11.0,24730.56,0.35,3,0,0.189,5966.26,11859.72,5245.26,48,25,0,rent,medical,1
37,66520.7,6.2,34562.59,0.52,5,3,0.247,11877.21,2839.34,12706.41,12,12,0,own,medical,0
35,53761.95,12.3,29474.79,0.548,3,1,0.241,8025.18,1326.9,2863.78,36,14,0,rent,home_improvement,1
68,56907.63,1.2,1442.34,0.025,3,1,0.165,677.78,3330.98,10423.34,24,48,0,rent,medical,1
36,56959.96,6.8,30499.82,0.535,6,1,0.757,8650.73,2327.41,9690.67,24,18,0,mortgage,debt_consolidation,0
22,77691.87,4.1,6586.04,0.085,11,1,0.379,5504.7,3249.04,9874.09,24,0,0,rent,home_improvement,1
38,31111.49,0.9,9476.05,0.305,4,0,0.72,3260.16,2254.96,17862.46,12,20,0,own,home_improvement,0
46,49160.33,6.7,7402.37,0.151,2,1,0.343,3789.85,0.0,4078.54,60,28,0,rent,debt_consolidation,1
23,41220.3,15.7,14072.08,0.341,9,1,0.645,2050.16,4262.45,12877.82,60,0,0,mortgage,business,0
34,106348.51,2.7,4213.96,0.04,3,0,0.076,11065.27,12163.52,8817.52,60,12,0,mortgage,home_improvement,1
27,82849.78,6.4,12122.28,0.146,6,0,0.097,3880.97,0.0,20273.66,60,7,0,rent,education,1
44,49794.09,0.4,8928.33,0.179,3,1,0.358,3584.7,4453.84,5959.16,60,22,0,rent,business,1
55,36795.65,0.0,18591.8,0.505,2,4,0.442,1492.62,878.2,14406.33,12,37,0,rent,home_improvement,0
68,39682.05,3.1,13068.24,0.329,3,1,0.626,1188.21,1776.77,19070.15,36,46,0,own,medical,1
38,77336.31,4.8,30575.0,0.395,4,0,0.413,24575.09,6515.81,4251.38,24,17,0,rent,medical,1
63,34560.09,5.0,13073.67,0.378,11,0,0.359,1947.69,3801.17,5659.13,12,38,0,own,medical,1
29,57198.26,5.9,13036.22,0.228,8,1,0.362,4121.43,4760.03,12902.27,24,11,0,own,medical,0
58,73091.44,0.0,2004.98,0.027,8,2,0.398,13836.73,0.0,10857.88,48,33,0,rent,business,1
47,38560.94,3.9,2958.43,0.077,0,0,0.106,3506.14,2694.39,6987.77,24,28,0,mortgage,business,1
57,57004.91,9.5,15001.9,0.263,0,0,0.559,2225.98,5195.38,9134.02,36,39,0,own,business,1
57,50047.94,0.2,25969.19,0.519,4,0,0.701,1971.83,1402.94,6818.23,48,33,0,mortgage,medical,1
46,48054.31,5.2,7296.64,0.152,10,0,0.233,1764.85,1171.34,6943.44,12,28,0,rent,car,1
32,45598.09,8.5,17788.22,0.39,0,1,0.449,11412.18,2877.0,5254.32,60,14,0,rent,debt_consolidation,1
45,75098.54,3.1,34402.32,0.458,9,1,0.239,763.44,7160.51,11499.08,36,23,0,own,medical,0
61,88836.56,8.7,44471.25,0.501,9,0,0.408,2901.65,3405.15,5586.74,24,40,0,own,debt_consolidation,1
68,52443.62,0.0,9206.36,0.176,3,0,0.508,3027.06,4126.7,2615.41,12,48,1,rent,debt_consolidation,1
66,63898.44,11.4,32816.97,0.514,1,1,0.548,3672.48,232.54,8112.87,60,46,0,mortgage,home_improvement,1
28,57419.18,8.8,19650.6,0.342,1,0,0.736,3027.21,4604.49,9772.53,60,4,0,rent,home_improvement,1
49,32198.46,7.3,9320.02,0.289,0,1,0.392,3804.45,0.0,3716.14,60,24,0,own,business,0
24,51803.44,12.6,22407.48,0.433,10,0,0.299,5074.33,4256.04,8929.55,36,0,0,rent,car,0
53,30498.45,5.4,4468.56,0.147,9,1,0.402,1367.88,3377.3,3648.71,48,35,1,own,business,0
69,48763.87,3.9,21976.29,0.451,8,1,0.388,2674.42,2844.0,4681.0,60,47,0,mortgage,business,0
21,56509.09,13.9,20596.45,0.364,1,1,0.354,21487.85,5342.14,5020.13,48,0,0,rent,home_improvement,1
52,71149.95,16.2,31566.67,0.444,11,0,0.386,7179.24,5615.97,11126.76,36,32,0,own,home_improvement,1
67,62052.22,3.5,29383.76,0.474,8,0,0.092,191.71,0.0,3996.93,12,44,0,own,education,1
62,75748.01,6.4,26299.27,0.347,9,1,0.174,2975.22,576.66,14059.69,36,41,0,rent,education,1
39,43386.73,12.2,1712.46,0.039,4,2,0.327,2298.35,2107.05,15130.76,48,14,0,own,debt_consolidation,0
24,84912.25,6.6,15097.93,0.178,2,0,0.248,26537.87,5030.02,4690.92,60,2,0,mortgage,debt_consolidation,0
66,88869.49,10.0,43132.85,0.485,9,0,0.777,4970.96,2447.42,10841.18,12,46,0,mortgage,medical,0
65,30088.96,10.9,10599.95,0.352,0,1,0.472,1785.67,170.15,9784.16,60,40,0,rent,home_improvement,0
48,34000.13,4.2,16718.88,0.492,2,3,0.57,539.5,0.0,9362.16,48,25,0,own,education,1
68,56089.93,9.1,12552.93,0.224,1,0,0.318,4690.19,8432.87,15638.55,24,45,0,rent,car,1
19,47653.52,7.0,13700.65,0.288,1,0,0.428,6673.78,7238.67,6532.83,60,0,0,rent,medical,1
50,49912.86,0.9,23817.12,0.477,6,1,0.541,3955.38,1218.81,8960.65,12,31,0,rent,home_improvement,0
20,61871.67,2.1,26225.96,0.424,2,1,0.499,3436.16,0.0,10385.41,24,0,0,mortgage,education,0
66,76758.44,3.7,16892.66,0.22,11,0,0.015,5315.54,10701.37,1805.91,12,46,0,own,car,1
53,42705.81,11.6,1366.33,0.032,11,0,0.168,5790.39,0.0,12306.59,36,35,0,rent,home_improvement,1
65,81037.69,11.8,39431.32,0.487,2,1,0.582,5216.09,9567.35,19719.13,48,44,1,mortgage,education,1
47,45351.72,10.7,19808.23,0.437,9,3,0.677,2965.71,4467.38,2049.38,36,27,0,mortgage,business,0
23,111607.63,9.2,28800.93,0.258,0,0,0.252,12227.06,5489.57,9232.58,24,0,0,mortgage,car,1
20,85123.84,9.1,26346.46,0.31,3,0,0.629,4069.31,11603.91,7181.03,12,0,1,own,business,1
36,46750.13,8.4,5997.36,0.128,7,0,0.246,1702.96,1574.5,9814.62,24,16,0,own,medical,1
56,37032.66,9.0,8829.09,0.238,2,2,0.281,619.89,4025.15,12302.42,12,38,0,rent,home_improvement,1
26,46423.36,9.4,4943.79,0.106,0,0,0.054,3363.98,2515.38,5298.21,36,3,1,mortgage,business,1
62,44499.57,0.0,5856.23,0.132,1,2,0.79,2076.0,259.63,9912.75,48,43,0,mortgage,car,1
31,68243.23,3.0,31977.13,0.469,7,1,0.228,10374.36,11520.23,15651.27,48,8,0,own,car,0
44,30290.99,1.9,6425.03,0.212,2,2,0.162,1980.3,946.38,13327.83,60,26,0,rent,business,1
29,34117.79,12.5,15414.53,0.452,2,2,0.194,4757.86,1542.22,11644.22,36,6,1,rent,home_improvement,0
42,67609.83,15.3,18333.55,0.271,2,0,0.249,8215.15,7256.97,6622.57,24,17,0,own,medical,1
42,43930.74,0.0,2526.55,0.058,10,3,0.253,643.11,5653.09,6136.32,36,17,0,rent,business,1
19,48956.99,14.8,10359.76,0.212,10,1,0.679,1364.76,35.72,9360.26,48,0,0,rent,medical,0
47,72981.23,7.4,7581.65,0.104,9,0,0.369,19297.6,10123.16,9462.66,48,27,0,rent,car,1
59,77911.34,12.1,30198.08,0.388,0,0,0.261,3774.38,5169.57,13424.1,48,37,0,rent,education,1
66,83706.11,9.5,42107.43,0.503,3,0,0.543,8663.41,5212.54,9251.94,12,42,0,mortgage,car,1
35,70952.06,14.2,30114.19,0.424,10,4,0.402,5091.33,4136.15,12348.05,24,11,0,own,car,0
63,53200.24,8.0,23012.93,0.433,6,1,0.584,805.74,3502.21,2551.09,12,45,0,mortgage,debt_consolidation,1
63,51823.4,0.2,24708.84,0.477,0,3,0.754,2032.56,0.0,11440.99,24,43,0,rent,medical,0
69,49964.22,6.5,21566.17,0.432,2,0,0.156,1632.77,4346.64,11672.78,24,47,0,own,education,1
38,38603.57,9.6,12405.02,0.321,9,1,0.117,5083.1,2967.74,15113.4,60,20,0,own,business,1
62,42192.34,5.9,16816.45,0.399,10,1,0.255,1645.5,2037.93,2009.23,24,40,0,rent,car,1
47,79948.77,10.3,19224.16,0.24,5,1,0.238,8921.39,6152.11,17488.65,24,28,0,rent,education,1
21,45254.36,6.7,2602.92,0.058,1,2,0.555,1086.23,2552.84,7539.7,48,2,0,own,education,0
32,38674.88,4.0,15236.25,0.394,0,3,0.441,206.65,2435.11,6343.12,60,9,0,own,business,0
53,82207.94,1.6,33087.08,0.402,2,0,0.425,6992.96,7197.15,12770.62,24,30,0,mortgage,business,0
27,35605.17,5.0,4933.91,0.139,9,1,0.121,3809.93,1971.48,6968.34,60,2,0,rent,car,1
41,60661.02,8.0,31882.77,0.526,9,0,0.112,3493.73,1686.43,1364.43,60,16,0,own,education,1
58,28272.09,0.0,1352.28,0.048,3,1,0.476,2321.54,2957.51,10410.6,60,37,0,own,business,1
26,95663.05,3.1,39227.43,0.41,11,0,0.401,1890.62,1235.37,10508.79,12,3,0,rent,debt_consolidation,1
44,92030.55,0.0,49079.3,0.533,10,0,0.183,5627.82,10973.88,26830.05,24,24,0,mortgage,debt_consolidation,1
29,39660.95,3.9,7291.64,0.184,11,0,0.376,6032.08,1962.48,24820.71,48,7,0,mortgage,medical,1
46,54926.41,13.0,27661.3,0.504,9,1,0.194,14858.35,6066.86,14505.03,36,21,0,mortgage,home_improvement,1
31,41258.18,1.1,18896.71,0.458,6,0,0.064,3063.14,5716.68,5067.98,36,11,0,rent,home_improvement,1
68,41151.75,10.5,17052.38,0.414,11,0,0.237,4109.85,2621.37,10826.39,12,47,0,mortgage,car,1
22,49518.71,21.2,26022.55,0.526,8,0,0.321,7697.61,5460.5,4104.66,12,3,0,own,medical,0
68,68896.85,14.3,25261.05,0.367,9,0,0.396,6011.78,6764.53,8096.81,24,49,0,own,home_improvement,1
59,69031.23,7.7,19486.6,0.282,4,1,0.508,7225.31,5233.04,6842.09,48,35,1,own,car,0
62,66233.2,11.3,25043.5,0.378,2,0,0.189,14243.54,6411.52,20483.27,60,42,0,own,medical,1
62,53149.08,0.2,12663.65,0.238,6,0,0.585,5372.95,2799.53,7407.58,12,40,0,own,business,1
28,70246.87,0.0,13500.76,0.192,4,1,0.453,4156.73,10450.02,13801.47,48,4,0,rent,car,1
66,38507.59,7.1,2448.7,0.064,4,0,0.565,8177.6,2729.44,8826.8,60,46,0,own,home_improvement,1
49,60972.87,9.0,13435.04,0.22,8,0,0.602,5735.92,1838.29,13914.33,24,25,0,rent,education,1
68,57081.97,12.5,25441.06,0.446,7,2,0.096,1508.41,2566.8,1763.42,60,43,0,rent,debt_consolidation,1
63,52154.03,4.2,27176.47,0.521,3,0,0.597,3380.05,5791.29,7841.39,24,39,0,mortgage,car,1
48,61728.76,8.0,33137.88,0.537,2,1,0.554,18038.85,1274.5,13690.73,36,26,0,own,car,0
38,29554.34,7.8,3826.07,0.129,6,1,0.349,4840.77,4766.12,13768.0,24,13,0,rent,debt_consolidation,1
24,41497.67,6.3,13397.89,0.323,3,0,0.525,2052.61,5475.5,12022.0,60,1,0,rent,medical,0
24,67083.53,6.6,21811.98,0.325,2,0,0.694,11978.34,342.68,6280.65,12,5,0,mortgage,home_improvement,1
38,56612.38,2.7,6414.48,0.113,2,1,0.369,3636.26,5963.16,12133.78,36,15,0,mortgage,business,0
60,35013.86,8.4,11493.75,0.328,7,1,0.289,1406.75,639.98,11183.01,12,39,0,rent,medical,1
44,56202.04,8.0,11929.69,0.212,4,0,0.37,8680.93,1404.46,9204.66,24,25,0,rent,business,1
43,47800.22,4.8,24831.04,0.519,4,1,0.487,1318.25,2065.91,13153.43,24,20,0,own,business,0
31,80634.51,10.3,12519.09,0.155,1,0,0.362,3303.58,2382.72,4599.57,12,6,0,own,education,0
47,39325.82,12.1,18189.35,0.463,0,0,0.354,3382.59,4048.16,7820.84,36,22,0,rent,education,1
51,39738.93,10.4,19684.02,0.495,8,1,0.236,3873.76,3153.16,2955.22,24,28,0,rent,business,0
69,64261.3,1.8,26347.92,0.41,11,1,0.341,8875.47,5642.09,3356.62,24,44,0,mortgage,business,0
56,53815.05,7.5,7199.32,0.134,3,2,0.116,1800.28,3595.77,4923.71,12,35,1,own,business,0
49,53004.9,2.4,8374.54,0.158,10,0,0.325,4623.2,2134.67,18952.27,12,29,0,own,car,1
65,111848.28,7.5,59804.43,0.535,7,0,0.39,887.0,4544.91,13582.63,48,42,0,rent,home_improvement,1
40,69677.85,2.5,4193.87,0.06,3,0,0.519,709.68,8497.12,5510.78,24,15,0,own,debt_consolidation,1
66,50907.34,13.4,4177.23,0.082,6,2,0.5,2175.65,2505.93,7067.52,36,47,0,own,home_improvement,1
37,33760.39,10.9,18184.76,0.539,1,3,0.383,4659.25,4606.61,6465.85,36,15,0,mortgage,home_improvement,0
25,50015.71,12.8,21594.5,0.432,4,0,0.033,5733.81,1745.22,11195.85,24,1,0,rent,debt_consolidation,1
40,38149.2,12.3,15854.18,0.416,8,1,0.262,2441.75,2630.99,4774.82,12,22,0,mortgage,home_improvement,0
25,42285.86,5.6,4436.21,0.105,10,1,0.623,584.98,3473.2,20684.7,36,6,0,rent,debt_consolidation,1
25,42710.34,4.9,11922.06,0.279,2,0,0.148,4127.91,5371.41,21363.19,12,7,0,own,medical,1
63,78432.46,15.7,36518.48,0.466,10,1,0.524,34072.79,9030.31,10067.18,24,39,0,rent,debt_consolidation,1
59,35843.71,6.2,6964.49,0.194,7,2,0.407,2771.41,2940.49,6564.3,48,34,0,mortgage,education,1
30,75756.81,0.2,9254.87,0.122,2,1,0.074,2098.24,5333.32,16209.71,12,8,0,rent,debt_consolidation,1
61,65216.34,12.0,1682.65,0.026,9,1,0.058,4744.83,1384.62,13197.15,12,36,0,own,home_improvement,1
22,64901.33,7.7,22712.06,0.35,10,2,0.634,1092.5,3702.27,4314.99,60,0,0,mortgage,education,1
33,41776.02,14.5,7340.86,0.176,3,1,0.199,2048.4,7511.44,8248.02,24,10,0,mortgage,car,0
55,72356.74,8.2,34568.17,0.478,1,1,0.222,9430.53,1356.12,8022.16,36,31,0,own,debt_consolidation,1
34,40324.03,6.9,6865.75,0.17,3,0,0.265,8149.62,1554.07,1548.84,12,11,0,own,debt_consolidation,1
56,89367.49,14.6,8966.7,0.1,9,0,0.352,5404.38,0.0,12609.52,36,36,0,mortgage,home_improvement,1
63,79063.53,0.0,41827.55,0.529,0,0,0.329,1819.48,2316.81,6776.7,12,41,0,mortgage,debt_consolidation,0
22,94781.76,4.1,50360.56,0.531,3,0,0.443,12923.31,711.77,9821.31,36,4,0,mortgage,car,1
20,57177.07,2.6,21902.4,0.383,3,0,0.396,5317.1,307.34,15476.17,60,0,1,own,home_improvement,0
66,53802.99,0.0,27549.52,0.512,0,0,0.732,3854.32,4455.34,8981.21,36,48,0,rent,debt_consolidation,0
45,49593.37,11.4,5245.58,0.106,7,0,0.276,4115.28,5117.48,13000.57,60,25,0,mortgage,debt_consolidation,1
44,110947.64,4.2,29288.03,0.264,9,0,0.394,6954.07,9352.91,7840.54,60,25,0,rent,medical,1
42,68692.28,11.5,8806.64,0.128,1,0,0.693,5301.55,1070.41,2863.56,36,23,0,mortgage,medical,1
41,38274.8,8.9,10477.92,0.274,10,1,0.536,3390.08,0.0,17899.82,24,23,0,mortgage,education,1
54,85716.77,10.0,37657.46,0.439,11,0,0.336,8194.31,0.0,18528.1,24,32,0,mortgage,education,1
48,53155.18,4.7,24866.62,0.468,10,0,0.269,4342.6,303.96,4102.67,48,30,0,own,debt_consolidation,1
27,25385.05,3.2,563.73,0.022,8,0,0.511,932.04,390.11,21745.31,48,8,1,own,education,0
50,44451.51,7.4,10065.46,0.226,5,0,0.599,11569.21,1943.61,7180.06,48,29,1,rent,education,0
53,79045.36,11.6,43226.46,0.547,2,0,0.758,5875.83,6306.21,8400.74,24,31,0,mortgage,medical,1
24,65289.1,6.7,21697.98,0.332,10,0,0.122,836.56,3090.0,12301.62,48,0,0,rent,business,1
38,69537.37,3.5,12306.99,0.177,6,1,0.12,4541.97,10144.73,10573.62,48,13,0,rent,education,1
59,85421.53,1.0,19319.53,0.226,5,0,0.471,5850.57,15546.99,2121.83,36,37,1,own,education,1
50,32136.37,8.0,6136.72,0.191,4,2,0.542,1307.68,1971.41,16478.2,48,30,0,mortgage,business,1
25,44616.07,4.2,11476.47,0.257,2,1,0.839,1332.99,0.0,7747.32,36,7,0,rent,car,1
21,57589.04,6.6,14718.49,0.256,4,1,0.662,5087.94,2293.38,6147.97,48,0,0,rent,education,1
48,79853.82,5.8,23048.81,0.289,9,0,0.387,6984.74,4258.42,11870.31,24,24,0,rent,medical,1
42,40256.44,4.8,10715.79,0.266,6,0,0.355,1066.88,4064.51,9799.32,24,17,0,own,debt_consolidation,1
68,50811.73,8.5,14915.29,0.294,4,3,0.233,4532.39,0.0,18050.64,48,47,0,rent,medical,1
45,56414.62,9.8,1965.16,0.035,1,0,0.697,6006.44,0.0,17253.11,24,23,0,mortgage,debt_consolidation,1
66,43944.15,16.8,2146.51,0.049,4,1,0.389,1049.25,3505.37,6087.55,36,43,0,mortgage,home_improvement,1
29,56209.63,10.8,12180.98,0.217,2,0,0.307,3556.11,2210.46,7322.7,24,11,0,own,home_improvement,1
41,53719.37,15.0,26269.79,0.489,4,0,0.396,13864.18,2070.12,4158.66,24,20,0,rent,medical,0
26,47438.22,2.9,20832.07,0.439,1,0,0.257,5877.9,1075.96,17295.31,48,4,0,rent,medical,0
48,72294.63,0.0,5666.56,0.078,11,1,0.202,8981.74,3360.07,14655.67,24,25,0,rent,home_improvement,1
28,67939.88,6.9,19176.74,0.282,2,1,0.525,8530.81,5205.62,6147.21,60,6,0,rent,home_improvement,1
44,73379.4,11.3,24980.64,0.34,1,0,0.451,12749.31,0.0,13688.11,60,24,0,own,medical,1
36,75563.75,10.5,20782.32,0.275,7,0,0.319,3165.59,5099.4,4967.75,36,16,0,rent,debt_consolidation,1
28,92904.82,13.1,36205.97,0.39,4,0,0.48,1420.41,9387.72,10226.12,24,3,0,mortgage,business,1
23,34631.85,0.0,18997.28,0.549,11,0,0.203,2145.72,3083.08,10841.27,24,1,0,mortgage,debt_consolidation,0
45,35747.06,13.3,2542.73,0.071,4,1,0.345,1818.19,6149.5,9852.17,36,27,0,rent,debt_consolidation,1
67,70230.12,8.7,20593.79,0.293,7,0,0.32,3899.26,3145.71,3236.98,36,43,0,mortgage,medical,1
29,48798.23,0.0,14227.46,0.292,10,1,0.244,6404.35,3026.51,12847.55,24,7,0,rent,car,1
39,46884.32,10.6,14912.06,0.318,11,0,0.198,2015.81,6111.1,5428.72,24,15,0,mortgage,car,1
30,44719.56,7.8,4851.75,0.108,9,1,0.401,11921.29,3102.13,3535.34,36,10,0,mortgage,business,1
60,74245.82,8.9,26604.48,0.358,6,0,0.429,806.2,10538.52,12612.31,12,36,1,mortgage,medical,0
40,108298.41,12.0,4711.06,0.044,9,1,0.483,20087.61,11643.07,18410.02,12,21,0,own,car,1
68,75427.96,9.2,31136.32,0.413,3,0,0.58,1409.75,5571.04,3445.03,36,46,0,mortgage,business,1
31,48112.25,0.0,17872.48,0.371,10,0,0.171,6128.83,3179.88,1493.39,48,6,0,rent,car,1
23,72968.16,6.3,14237.88,0.195,10,1,0.592,8921.05,4008.2,6095.2,36,0,0,own,debt_consolidation,1
48,35426.76,0.0,19277.98,0.544,4,2,0.522,2253.97,2300.29,10353.96,12,25,0,mortgage,debt_consolidation,0
52,24154.88,10.2,11093.19,0.459,0,2,0.199,3318.92,589.15,5002.51,36,34,0,rent,debt_consolidation,0
69,52527.72,14.0,16071.06,0.306,8,3,0.591,2042.7,5280.97,10568.37,36,49,0,mortgage,education,1
63,32148.75,0.8,17520.12,0.545,1,2,0.681,1057.2,5220.37,5848.57,48,40,0,rent,business,1
64,48826.77,3.6,22457.78,0.46,0,1,0.267,6316.86,0.0,3904.81,48,40,0,mortgage,education,1
51,59614.61,2.6,5551.79,0.093,11,0,0.492,3061.12,7488.14,1775.14,48,31,0,own,car,0
37,115746.96,4.7,38574.08,0.333,6,0,0.56,28467.49,9117.05,16042.85,12,12,0,mortgage,home_improvement,1
40,82065.24,9.1,26905.46,0.328,7,1,0.572,10606.59,9756.57,11114.01,36,22,0,mortgage,home_improvement,1
25,32332.28,4.8,11835.59,0.366,10,0,0.698,3279.72,1206.48,12660.49,60,4,0,rent,education,1
40,33206.21,10.3,17220.78,0.519,11,1,0.655,1825.39,1912.63,1016.55,60,19,0,mortgage,debt_consolidation,1
37,44035.63,12.3,12364.19,0.281,11,1,0.454,1190.93,5722.13,7027.11,48,18,0,mortgage,home_improvement,0
20,99081.84,12.5,6045.2,0.061,1,0,0.784,16142.45,6361.25,17502.11,36,1,0,mortgage,home_improvement,1
29,32751.64,1.4,8975.44,0.274,3,1,0.722,5293.5,3534.44,27763.75,60,8,0,rent,debt_consolidation,0
46,44825.27,13.9,19612.45,0.438,9,0,0.699,1919.61,1669.49,14227.1,24,21,0,rent,medical,1
37,44751.92,14.3,9400.71,0.21,0,1,0.477,1035.69,2539.7,8501.97,36,14,0,own,debt_consolidation,1
69,64222.44,14.8,2207.04,0.034,2,0,0.797,5367.41,5916.99,5294.5,24,50,0,own,business,1
43,73599.53,6.2,13300.83,0.181,6,0,0.124,5854.0,6395.8,10815.11,12,20,1,own,car,0
67,68163.76,3.2,26007.16,0.382,4,0,0.22,9848.27,7362.43,2371.66,12,42,0,rent,education,1
52,61261.21,2.1,4017.82,0.066,2,0,0.301,3884.66,3039.69,4277.62,24,32,0,mortgage,medical,1
21,35003.97,1.5,7675.02,0.219,10,1,0.137,7899.96,2333.56,7507.1,48,0,0,rent,education,1
29,58141.23,7.1,5265.23,0.091,5,0,0.272,6613.02,6693.49,14126.27,48,7,1,mortgage,medical,0
54,86280.37,11.2,23489.15,0.272,4,0,0.482,21666.91,11975.52,8990.54,48,30,0,mortgage,debt_consolidation,1
46,96402.75,13.5,9158.47,0.095,7,0,0.025,2132.07,2382.73,12132.5,36,25,0,mortgage,medical,1
34,63652.92,4.6,4951.54,0.078,8,0,0.314,5736.14,8024.6,10511.22,24,13,0,rent,debt_consolidation,1
45,32420.27,6.8,12638.5,0.39,5,1,0.902,6891.64,915.3,6247.54,60,27,0,own,car,0
65,64011.63,6.5,6640.62,0.104,10,2,0.312,1589.01,4932.48,2853.39,48,45,0,mortgage,home_improvement,1
38,53665.64,3.8,5476.14,0.102,3,1,0.464,8244.14,4334.9,5216.58,24,19,0,rent,education,1
21,33856.08,10.7,11309.12,0.334,10,0,0.825,498.63,1432.17,9721.4,48,0,0,rent,debt_consolidation,0
34,39547.99,8.8,1704.71,0.043,10,0,0.449,1064.69,2285.44,5251.71,24,12,0,mortgage,business,0
66,41770.04,7.7,1565.8,0.037,0,0,0.181,985.97,0.0,9489.75,12,41,0,rent,medical,1
57,70312.46,8.8,17484.35,0.249,9,0,0.747,2039.33,7235.51,20644.31,12,38,0,rent,debt_consolidation,1
61,94917.99,10.1,20265.05,0.214,1,0,0.427,13173.25,5010.45,2589.34,24,41,0,mortgage,education,1
65,66688.23,10.0,20583.21,0.309,5,0,0.147,4165.01,4306.28,12317.58,24,44,0,mortgage,education,1
24,71070.55,2.8,38843.39,0.547,11,2,0.423,5325.81,2704.15,2476.21,60,5,0,rent,home_improvement,0
33,54878.83,11.5,13741.35,0.25,2,0,0.098,2131.57,5656.31,10894.21,60,12,0,mortgage,debt_consolidation,1
22,46655.21,8.3,15177.45,0.325,6,1,0.066,3750.56,3542.59,12222.37,12,0,0,rent,business,1
19,67300.45,4.8,34134.73,0.507,9,0,0.498,13901.4,619.74,5513.77,60,0,1,rent,car,0
61,61528.21,8.2,16987.01,0.276,5,0,0.193,1557.65,3755.95,15497.05,60,40,0,rent,medical,1
66,42949.17,8.7,18639.67,0.434,0,1,0.732,25598.66,640.54,10979.61,60,41,0,own,medical,0
26,60176.7,12.4,18702.07,0.311,0,0,0.409,4080.02,4073.02,22641.91,60,7,0,own,car,0
55,56039.86,1.8,20046.57,0.358,6,0,0.28,2028.98,5649.11,6021.48,12,30,0,mortgage,education,1
46,50685.29,13.6,26063.71,0.514,0,0,0.675,1183.11,3867.3,6295.25,48,28,0,mortgage,medical,0
22,46143.19,7.1,940.08,0.02,0,0,0.208,4839.9,4078.34,3012.76,48,0,0,mortgage,home_improvement,0
65,63633.47,4.5,31657.53,0.497,11,1,0.34,6001.29,7605.61,26616.02,36,41,0,rent,car,0
63,47084.62,4.3,13361.52,0.284,6,0,0.544,1330.52,1211.65,16044.08,12,45,0,mortgage,business,0
47,108352.54,2.0,37011.61,0.342,5,1,0.614,19615.2,4847.13,3832.41,24,27,0,rent,car,1
55,65937.89,0.0,17046.97,0.259,1,0,0.721,7784.11,0.0,12105.04,36,33,0,own,business,1
39,63987.79,10.4,10128.43,0.158,9,2,0.668,11175.42,3051.71,19593.78,12,21,0,mortgage,medical,1
59,52988.43,16.9,2913.51,0.055,6,0,0.189,10255.87,1907.66,6304.81,60,38,0,mortgage,home_improvement,1
41,49276.28,0.0,25668.83,0.521,2,1,0.272,1128.72,4896.45,5706.83,12,16,0,mortgage,medical,0
69,30293.81,2.2,10622.66,0.351,9,1,0.288,5825.35,2718.39,2492.62,36,48,0,rent,education,1
22,43831.57,10.8,21167.99,0.483,2,2,0.748,5761.79,6211.38,14903.71,36,0,0,mortgage,medical,0
27,32216.17,6.8,5609.75,0.174,6,0,0.627,3746.71,1340.06,5299.88,36,9,0,rent,debt_consolidation,0
68,32091.97,11.2,5370.25,0.167,6,3,0.458,2102.79,2775.85,3201.49,60,46,0,rent,medical,1
33,37757.85,6.5,7474.76,0.198,3,1,0.088,6970.21,3914.83,11620.6,12,8,0,mortgage,car,0
34,83071.23,4.1,11833.52,0.142,10,0,0.267,17010.9,15055.17,2673.42,12,12,0,mortgage,home_improvement,1
59,82929.23,5.9,23545.64,0.284,8,1,0.843,9110.2,7334.66,10106.37,12,39,0,mortgage,medical,1
28,44150.83,0.0,22791.01,0.516,3,1,0.659,5150.89,2837.32,3499.04,24,9,0,rent,car,0
45,34759.98,1.3,16834.72,0.484,1,1,0.253,10908.35,2535.69,12460.82,12,27,0,mortgage,medical,1
33,48572.38,11.7,13717.0,0.282,3,0,0.064,158.91,4368.21,3893.76,12,12,1,rent,medical,1
29,70070.92,13.0,14353.62,0.205,5,1,0.232,15469.7,9483.1,5550.82,48,6,0,own,home_improvement,0
68,77092.87,14.0,26534.95,0.344,6,1,0.131,6447.55,3499.38,8664.41,48,46,0,rent,business,1
29,59893.02,9.2,20632.96,0.344,4,1,0.37,14023.06,1863.9,6030.89,48,4,0,rent,debt_consolidation,0
23,63367.71,0.0,24231.49,0.382,0,0,0.385,2380.64,12531.73,27222.35,48,3,0,own,medical,0
53,61330.29,3.8,18636.31,0.304,8,0,0.346,6600.54,633.29,4423.62,48,31,0,rent,debt_consolidation,1
63,32869.63,13.6,1123.49,0.034,4,0,0.483,3481.36,3597.53,3290.84,60,40,0,own,medical,1
25,35756.52,15.1,2156.28,0.06,4,0,0.203,4469.04,3127.93,20428.49,48,2,0,own,business,0
55,96342.07,13.8,51649.05,0.536,6,0,0.529,6576.91,7973.8,6830.83,24,32,0,mortgage,education,1
46,59800.13,5.8,24847.24,0.416,10,0,0.465,3177.07,316.07,11855.09,60,24,0,mortgage,debt_consolidation,1
61,28256.92,0.5,14766.24,0.523,0,1,0.325,3525.19,5711.29,5068.77,48,36,0,mortgage,education,0
25,64635.45,6.8,12923.77,0.2,11,2,0.854,8801.99,4879.32,6527.02,12,5,0,rent,car,1
68,41159.58,7.1,12492.89,0.304,7,1,0.181,3163.1,1683.83,10044.2,36,50,0,rent,medical,1
50,79242.48,14.8,15106.35,0.191,6,0,0.663,9526.57,14.47,9537.41,60,25,0,rent,debt_consolidation,1
61,76294.59,8.1,38279.71,0.502,0,1,0.224,20018.2,0.0,16082.21,60,43,0,rent,education,1
37,68754.06,7.1,11859.99,0.172,8,0,0.252,6085.14,7004.25,3168.72,60,12,0,mortgage,car,0
67,59574.81,7.4,23098.34,0.388,8,2,0.246,541.98,1476.6,9208.81,48,49,0,own,education,1
50,85902.97,9.0,9688.09,0.113,6,0,0.437,9544.03,4575.28,1642.13,36,26,0,mortgage,medical,1
25,89016.94,10.1,6745.99,0.076,9,2,0.45,2406.32,3253.25,7338.45,12,0,0,rent,business,1
66,41487.68,3.4,4251.92,0.102,10,1,0.555,4255.3,3881.47,14492.99,36,46,0,rent,debt_consolidation,1
59,68500.32,1.7,20591.97,0.301,10,0,0.178,11072.97,5900.86,33879.22,24,37,1,own,medical,1
34,46305.54,13.9,21652.78,0.468,3,2,0.449,3429.82,4828.28,10531.34,24,9,0,rent,business,0
46,39647.28,0.0,21790.87,0.55,8,1,0.206,5885.44,4209.67,15196.83,48,22,0,own,car,1
38,88989.12,15.2,31148.15,0.35,0,0,0.018,13491.71,2746.86,6051.93,24,14,0,own,business,1
46,72209.29,0.0,21865.68,0.303,6,1,0.387,14070.02,0.0,6084.53,48,23,0,own,debt_consolidation,1
68,61196.04,4.1,26745.6,0.437,1,0,0.552,17780.6,3625.44,8168.3,36,48,0,rent,education,1
64,42722.05,11.9,2297.78,0.054,3,0,0.445,10042.64,3953.23,8054.71,24,45,0,rent,medical,1
29,89931.9,7.0,40377.67,0.449,8,0,0.85,535.2,6482.29,9785.54,24,11,0,mortgage,business,0
68,122866.98,0.4,51842.64,0.422,5,0,0.51,6324.75,0.0,3427.06,24,45,0,rent,business,1
41,40976.24,9.1,12319.79,0.301,10,0,0.194,1494.19,2849.53,18347.09,48,21,0,own,home_improvement,1
54,38160.04,7.3,1228.11,0.032,1,0,0.294,5054.14,634.9,8782.21,24,31,0,mortgage,medical,1
57,56094.63,5.9,7133.24,0.127,11,2,0.186,4193.26,3801.72,12483.9,48,34,0,own,home_improvement,1
43,70066.38,3.9,15130.67,0.216,8,2,0.263,2915.31,8050.12,15469.66,24,18,0,mortgage,home_improvement,0
42,50093.27,6.8,25990.78,0.519,5,0,0.182,2636.66,0.0,4041.32,48,18,0,mortgage,education,1
42,185341.04,4.1,66426.06,0.358,0,0,0.22,10893.47,26322.59,17358.82,12,22,0,rent,business,1
62,59258.09,19.2,17205.53,0.29,0,0,0.536,8765.12,851.23,10820.69,60,44,0,own,business,1
38,46244.7,5.8,12896.07,0.279,4,2,0.257,780.7,5385.75,11388.97,24,15,0,own,home_improvement,1
33,47895.62,5.1,20757.34,0.433,6,1,0.162,2002.23,5207.13,7845.51,12,10,0,own,education,0
37,100323.41,4.3,19214.34,0.192,6,0,0.6,396.42,5177.46,20601.35,12,16,0,mortgage,medical,1
28,54375.33,15.9,3811.61,0.07,3,0,0.175,7959.04,4860.58,17384.01,48,5,0,own,car,0
38,87869.1,0.0,33287.71,0.379,7,0,0.819,16030.31,2776.03,5496.93,24,19,0,rent,medical,1
24,31762.43,8.8,6173.93,0.194,7,0,0.622,3774.35,0.0,7383.19,24,5,0,mortgage,education,0
23,79806.05,5.8,15367.79,0.193,4,1,0.246,10589.8,9860.33,10069.06,24,0,0,rent,business,0
55,43373.93,0.0,11320.56,0.261,3,0,0.567,4245.05,1410.01,7837.99,24,36,0,own,home_improvement,1
22,72809.23,2.9,10823.02,0.149,5,1,0.259,8561.51,11409.6,16305.49,12,1,0,mortgage,business,1
47,43261.02,8.6,21998.33,0.509,8,1,0.273,496.3,4794.09,17430.23,36,27,0,rent,business,0
58,48986.78,2.7,22969.62,0.469,7,0,0.31,5599.65,1197.06,6454.89,36,37,0,mortgage,business,1
55,39289.49,8.3,21423.65,0.545,1,1,0.41,1514.3,3775.5,5655.35,12,37,0,mortgage,education,1
41,73291.31,15.6,38933.14,0.531,11,0,0.426,9791.27,6820.53,8078.44,48,20,0,own,debt_consolidation,0
28,77267.24,7.9,14422.81,0.187,2,0,0.248,5376.4,11805.93,10183.91,60,3,0,rent,medical,1
66,43814.78,0.0,9714.48,0.222,8,1,0.472,9496.51,1849.82,10237.41,60,41,0,mortgage,debt_consolidation,1
61,34075.8,2.8,13292.18,0.39,0,0,0.07,3454.87,1875.98,4380.49,24,40,0,mortgage,business,1
50,87417.33,5.6,2482.51,0.028,3,1,0.346,3089.15,7721.66,3468.2,36,28,0,rent,car,1
23,45455.9,5.2,24853.52,0.547,6,2,0.437,1126.34,3071.67,15427.92,36,5,0,mortgage,education,0
20,53449.58,7.8,1376.16,0.026,10,0,0.291,2097.05,0.0,5818.72,12,1,1,own,medical,0
35,41374.59,8.6,12482.2,0.302,6,1,0.587,3356.08,4857.73,7446.47,36,13,1,mortgage,car,0
27,70857.91,15.7,26529.99,0.374,0,1,0.742,14617.34,10386.05,13958.01,24,6,0,rent,medical,0
62,71466.78,7.0,36054.82,0.504,11,0,0.766,4075.84,5312.34,9221.33,60,42,0,mortgage,debt_consolidation,0
29,92595.11,1.2,33463.16,0.361,3,1,0.349,10278.82,280.94,7499.68,36,11,0,own,car,0
33,80628.65,12.8,27122.95,0.336,4,0,0.641,1843.05,4919.25,4108.83,24,13,0,mortgage,car,1
68,78672.74,13.3,14097.4,0.179,1,1,0.458,10291.8,1667.96,5895.86,48,48,0,mortgage,home_improvement,1
60,55054.16,8.2,18343.4,0.333,8,2,0.314,3990.79,2956.97,5123.85,12,41,0,mortgage,debt_consolidation,1
30,52848.04,5.8,22055.7,0.417,5,0,0.149,5804.79,4013.21,6956.89,24,10,0,rent,education,1
38,70519.28,10.1,20680.74,0.293,2,0,0.254,16204.87,7014.49,4809.39,36,17,0,rent,education,1
45,54046.45,5.9,23413.28,0.433,7,1,0.624,4841.74,7400.3,3577.83,48,26,0,rent,home_improvement,0
52,81602.52,0.0,4642.77,0.057,2,0,0.376,2127.71,7998.86,7862.69,60,34,0,rent,education,1
66,40570.36,9.8,8022.79,0.198,6,2,0.23,3856.91,558.55,11065.53,48,42,0,rent,business,1
63,31579.07,11.5,16695.9,0.529,7,0,0.302,2919.52,3181.9,2314.72,48,41,0,mortgage,medical,1
68,67692.59,14.2,12958.09,0.191,9,1,0.453,10058.42,3545.72,4308.74,48,46,0,mortgage,education,1
21,47249.73,3.3,16517.72,0.35,8,0,0.47,4187.76,2741.41,11993.52,48,2,0,own,medical,1
31,38687.91,8.1,11433.78,0.296,6,0,0.309,8623.23,2552.05,9662.04,48,13,0,own,debt_consolidation,1
47,113029.24,8.2,58369.51,0.516,0,0,0.744,17351.19,8298.64,10267.9,36,23,0,own,debt_consolidation,1
21,56735.36,7.4,6029.22,0.106,2,1,0.312,5122.16,6654.89,11789.55,24,3,0,own,debt_consolidation,1
37,36027.19,7.6,6437.18,0.179,6,0,0.355,2952.94,3296.77,13306.47,48,13,0,own,home_improvement,1
26,45468.45,7.2,21691.18,0.477,6,1,0.669,1437.84,336.04,7112.47,36,1,0,mortgage,medical,0
66,51398.71,8.1,19176.21,0.373,6,1,0.077,3188.9,0.0,8084.4,12,48,0,rent,education,1
22,67215.65,10.7,20690.06,0.308,8,0,0.211,1175.01,6666.23,3768.89,24,4,0,rent,debt_consolidation,1
26,45542.5,13.1,10442.77,0.229,10,0,0.51,3368.06,4262.84,7633.12,60,8,0,own,business,1
28,53711.53,3.2,12783.19,0.238,6,0,0.495,719.09,6967.62,11452.82,60,5,0,rent,car,1
26,61901.59,6.1,31910.83,0.516,1,0,0.155,5694.21,3822.0,6890.96,12,6,0,mortgage,debt_consolidation,1
47,65772.54,4.9,24708.77,0.376,5,1,0.32,1903.39,5305.64,6807.24,12,23,0,rent,home_improvement,1
37,54991.93,4.2,28179.08,0.512,3,1,0.179,6184.12,4978.87,4058.62,60,15,0,own,education,1
65,99731.74,0.0,53382.28,0.535,6,0,0.801,8603.58,0.0,6247.14,48,40,0,rent,education,1
32,71117.18,7.1,22040.23,0.31,7,0,0.123,3760.61,0.0,7615.8,36,7,0,mortgage,car,1
46,69764.64,9.4,23946.1,0.343,6,0,0.443,1510.6,7217.93,12671.83,60,22,0,rent,car,1
52,68892.3,6.2,25343.64,0.368,6,0,0.634,5554.43,5864.66,5106.82,36,32,0,mortgage,home_improvement,1
50,81825.95,7.0,38029.39,0.465,3,1,0.454,6196.27,10964.94,5695.43,24,27,0,rent,business,1
59,60519.98,9.1,22350.51,0.369,2,0,0.758,16963.92,9613.82,12171.41,12,38,0,rent,medical,1
29,40365.53,14.1,3260.05,0.081,10,0,0.458,2396.77,2084.75,1540.26,24,6,0,rent,medical,1
44,64710.61,4.9,33616.39,0.519,4,1,0.707,9147.38,3173.55,13517.68,24,20,0,mortgage,home_improvement,0
59,67478.34,1.1,24986.91,0.37,2,0,0.488,3029.66,0.0,6413.27,12,38,0,mortgage,debt_consolidation,1
63,86331.25,6.5,41530.18,0.481,11,0,0.607,2935.13,7991.74,5971.49,36,40,0,mortgage,business,1
50,39125.45,16.4,9590.08,0.245,0,0,0.41,4698.23,0.0,13234.72,36,32,0,own,home_improvement,1
52,42027.62,1.2,11414.69,0.272,4,0,0.498,2370.96,762.82,9160.32,48,29,0,own,debt_consolidation,1
63,57343.43,10.3,22082.6,0.385,8,1,0.328,4524.75,4707.85,7986.75,12,41,0,mortgage,debt_consolidation,0
50,69563.22,12.8,30016.12,0.431,4,0,0.691,406.79,2345.9,6216.03,60,26,0,mortgage,debt_consolidation,0
67,36948.04,0.0,2275.38,0.062,10,0,0.279,1730.87,2375.9,2632.35,36,46,0,own,medical,1
25,39450.63,9.1,9306.08,0.236,4,0,0.135,2069.37,2221.69,4548.55,12,1,0,own,home_improvement,0
36,75208.37,10.0,32190.98,0.428,7,2,0.709,2297.97,832.39,13498.12,36,15,0,rent,home_improvement,1
24,37402.53,5.7,20417.48,0.546,5,2,0.472,2300.72,0.0,10044.84,36,3,0,rent,business,0
23,42208.92,3.8,1104.63,0.026,5,2,0.331,644.17,4291.42,3388.73,12,0,0,own,medical,1
43,76868.74,4.0,12325.78,0.16,5,0,0.22,7071.28,4441.04,14656.36,36,24,0,own,car,1
30,69215.42,5.4,18436.89,0.266,11,1,0.336,4270.59,5789.54,1984.59,48,8,0,rent,debt_consolidation,0
39,45692.25,5.5,6312.8,0.138,9,0,0.513,2657.42,2912.46,4935.13,12,16,0,rent,education,1
41,66502.41,4.5,2278.96,0.034,4,0,0.59,8039.37,4179.68,4010.31,60,17,0,rent,car,1
50,62222.38,5.3,19037.42,0.306,4,1,0.652,1978.3,4656.81,2214.25,60,31,0,own,business,0
67,54289.01,13.0,19771.04,0.364,4,0,0.205,12427.63,3097.14,7978.37,60,44,0,rent,home_improvement,1
62,49690.52,0.9,11951.21,0.241,8,0,0.433,1534.43,2471.6,5877.98,60,42,0,mortgage,business,1
38,65615.51,0.0,14175.27,0.216,7,0,0.108,10223.78,1077.11,6210.28,12,14,0,mortgage,car,0
35,38388.82,13.0,20821.08,0.542,6,1,0.3,7881.33,7324.28,10073.1,12,15,0,mortgage,debt_consolidation,1
58,65361.75,6.0,17849.65,0.273,5,2,0.474,687.94,7648.31,3520.47,60,33,0,rent,medical,1
25,60298.29,5.1,26710.75,0.443,4,1,0.269,2544.98,8515.16,9472.39,12,6,0,own,car,0
46,61741.25,6.4,10631.99,0.172,6,1,0.942,1393.92,8033.69,22174.48,48,25,0,rent,car,1
40,41636.07,8.0,19152.58,0.46,9,0,0.103,4910.83,2194.43,5350.05,12,17,0,rent,home_improvement,1
28,87108.62,4.4,39770.39,0.457,11,0,0.258,4143.7,5015.67,24303.58,60,6,0,rent,medical,0
50,45742.1,9.5,7404.83,0.162,0,1,0.502,1498.39,3056.03,11194.92,36,31,0,rent,education,1
35,48019.05,2.2,17651.95,0.368,2,1,0.512,3310.17,2326.91,12142.28,24,17,0,own,education,0
28,53589.95,5.5,20442.85,0.381,8,0,0.09,4353.58,5925.0,7981.16,24,3,0,rent,car,1
52,69160.54,0.0,17607.32,0.255,1,1,0.394,12874.1,1797.74,3891.29,36,32,0,rent,education,1
27,61123.27,12.9,26289.33,0.43,7,2,0.545,11405.17,814.41,6877.87,12,7,0,rent,home_improvement,0
53,33711.01,6.1,6157.29,0.183,5,0,0.529,1385.13,62.26,11041.14,36,31,0,own,business,1
27,56467.42,10.4,15622.51,0.277,2,3,0.286,1014.29,2849.67,4533.74,48,8,0,mortgage,business,1
41,58015.25,9.4,31605.57,0.545,6,0,0.602,6154.99,2498.89,8898.68,60,21,0,mortgage,education,1
60,87868.45,9.7,10078.34,0.115,6,0,0.863,5865.52,3139.2,13962.75,60,36,0,rent,education,1
30,51124.65,7.0,5026.82,0.098,8,1,0.594,10050.15,3622.39,5010.55,12,9,0,own,car,1
58,67122.61,8.9,6401.17,0.095,9,0,0.314,13495.54,562.09,15185.59,60,33,0,own,debt_consolidation,1
55,132589.79,2.2,72791.52,0.549,11,0,0.946,14736.13,13760.23,4811.65,36,33,0,mortgage,home_improvement,1
65,82461.46,1.1,8638.17,0.105,5,1,0.155,7384.9,974.28,18800.83,60,41,0,rent,business,1
27,40931.66,6.5,4945.64,0.121,8,1,0.623,3950.32,328.78,11260.23,36,3,0,rent,home_improvement,0
55,72288.39,3.6,28065.02,0.388,9,0,0.144,6365.56,2492.67,8556.67,36,32,0,mortgage,education,1
66,65454.57,14.1,27656.73,0.423,11,0,0.153,6217.43,3911.76,15558.11,60,48,0,mortgage,home_improvement,1
57,50580.82,8.9,15140.99,0.299,7,1,0.387,2681.92,5548.39,12268.01,36,37,0,mortgage,debt_consolidation,1
28,72577.07,3.4,39250.74,0.541,2,1,0.337,3495.69,4567.61,10139.9,60,5,0,mortgage,medical,0
60,40743.9,5.6,1655.09,0.041,4,2,0.246,2321.97,0.0,4999.36,60,36,0,own,business,1
24,46035.99,7.7,16068.18,0.349,2,2,0.592,12354.99,4191.26,8793.37,60,2,0,mortgage,home_improvement,0
49,53774.96,6.7,18360.32,0.341,2,0,0.296,327.02,4844.18,10181.8,12,25,0,own,car,0
44,49828.6,8.4,9480.38,0.19,3,2,0.666,2386.69,1875.97,13072.2,48,24,0,rent,education,0
46,69894.17,7.3,34716.68,0.497,5,0,0.545,3929.09,5256.67,6194.44,48,23,0,own,medical,1
45,55959.96,0.0,17517.0,0.313,9,1,0.081,5938.71,7744.64,5305.51,24,21,0,mortgage,medical,1
20,48235.49,0.0,7262.35,0.151,3,1,0.213,2193.32,1131.46,5749.87,36,1,0,own,business,1
44,81979.02,5.1,5478.66,0.067,2,1,0.441,17186.7,9402.29,12332.93,48,19,1,mortgage,car,1
66,68998.03,9.8,5297.19,0.077,1,0,0.656,12154.45,8965.9,5790.15,24,42,0,own,education,1
41,35594.31,5.2,17639.99,0.496,2,1,0.542,7741.2,2685.89,12366.55,60,18,0,mortgage,car,1
33,35391.18,13.2,5402.95,0.153,5,0,0.257,3211.38,184.66,9978.41,48,12,0,rent,education,0
69,48344.22,6.8,24206.57,0.501,4,0,0.329,9594.19,6382.03,10725.2,24,46,0,rent,debt_consolidation,1
24,36882.54,13.8,3085.69,0.084,4,0,0.258,1513.02,4148.04,19645.21,48,0,0,mortgage,education,1
43,77376.44,12.8,41898.23,0.541,3,0,0.773,6220.2,7280.03,13257.07,36,24,0,own,medical,1
45,46725.77,12.3,21572.12,0.462,5,0,0.227,528.9,2992.66,15774.57,60,20,0,rent,car,1
43,67094.25,1.0,5474.97,0.082,7,0,0.343,7847.57,8355.64,5806.64,12,19,0,mortgage,home_improvement,1
66,107564.93,7.1,7057.33,0.066,0,1,0.292,12413.47,2599.13,3839.18,48,46,1,mortgage,education,1
40,71942.64,13.1,32073.59,0.446,10,1,0.262,6589.85,7879.36,4543.07,12,22,0,rent,home_improvement,1
68,30384.94,8.4,1864.88,0.061,3,0,0.37,1997.14,1536.93,3848.92,60,47,0,own,medical,1
22,47399.36,9.8,7534.41,0.159,1,0,0.326,6907.35,0.0,4956.49,24,0,0,mortgage,home_improvement,1
56,52980.61,0.1,23558.49,0.445,2,0,0.258,10210.71,870.81,7397.64,24,33,0,mortgage,car,0
49,62019.29,16.6,31072.74,0.501,6,2,0.164,17174.38,5387.18,6782.48,36,24,0,own,debt_consolidation,1
31,75867.43,3.0,32384.44,0.427,6,0,0.212,8528.87,5900.69,11397.88,12,9,0,rent,medical,1
30,114953.84,0.0,56516.27,0.492,1,0,0.536,8775.51,10211.3,5179.55,36,7,0,rent,debt_consolidation,1
55,96076.44,5.2,30431.33,0.317,5,0,0.444,5013.09,4641.84,6242.33,36,30,0,mortgage,business,1
51,55742.2,0.0,24147.18,0.433,2,0,0.169,6901.9,4304.3,10869.17,12,31,0,mortgage,education,1
50,55526.32,1.6,11239.57,0.202,10,1,0.431,2262.76,5438.25,9019.87,48,28,1,mortgage,debt_consolidation,1
21,92408.43,19.8,40305.18,0.436,3,0,0.442,10896.25,17064.47,6765.55,60,0,0,mortgage,business,1
49,56739.13,5.1,21575.77,0.38,11,0,0.262,2384.53,2670.14,17836.2,48,26,0,rent,education,1
69,47061.12,0.0,15278.86,0.325,6,0,0.297,3714.68,5548.67,14318.38,24,45,0,own,education,0
19,77818.15,7.1,42482.46,0.546,11,0,0.214,2868.1,7703.71,22680.05,48,0,0,own,car,1
42,63018.01,2.5,16950.78,0.269,6,1,0.459,3531.59,4587.65,20101.25,60,24,0,rent,business,0
44,35229.96,11.3,12267.11,0.348,1,0,0.148,3855.34,56.34,2851.53,24,25,0,mortgage,car,1
64,51269.02,2.6,14880.83,0.29,7,0,0.659,8173.65,6980.81,9775.13,24,45,0,mortgage,debt_consolidation,1
33,37224.64,8.4,5884.14,0.158,5,1,0.166,2360.64,2944.79,7543.31,60,15,0,rent,education,1
43,25371.54,1.3,4949.83,0.195,9,3,0.248,169.53,941.84,11963.86,48,24,0,rent,car,1
55,100924.14,20.0,54373.53,0.539,4,0,0.381,1379.34,2265.42,21838.58,12,30,0,rent,debt_consolidation,1
22,59122.22,9.5,13469.14,0.228,2,0,0.262,840.24,4713.03,11903.37,36,0,0,mortgage,car,1
59,51883.94,6.3,19720.33,0.38,1,3,0.209,10510.23,1025.88,8390.8,60,38,0,own,home_improvement,1
60,48226.06,5.5,15459.42,0.321,8,1,0.576,18654.54,1843.76,7726.8,12,42,1,mortgage,business,0
55,57090.84,4.2,28065.68,0.492,2,1,0.112,4286.82,2117.94,14853.28,60,32,0,mortgage,home_improvement,1
52,48032.83,3.2,20249.48,0.422,8,0,0.37,730.19,3313.07,13021.78,48,32,0,own,home_improvement,0
57,41158.45,3.1,2582.5,0.063,1,0,0.348,1386.36,3979.66,7356.39,48,34,0,mortgage,business,1
58,48932.65,15.4,10196.79,0.208,0,0,0.4,1476.73,2484.9,3300.16,12,34,0,rent,medical,1
65,89126.8,4.2,35411.34,0.397,8,0,0.43,17452.4,4994.45,9037.59,48,45,0,mortgage,education,1
40,77202.88,0.0,8146.38,0.106,4,5,0.126,4442.82,5564.78,5732.83,12,18,0,rent,home_improvement,1
42,48952.85,1.2,14040.79,0.287,6,0,0.24,27945.49,1431.38,5158.66,24,17,0,own,home_improvement,1
51,104710.98,11.6,19729.39,0.188,0,0,0.329,3072.21,3906.23,2529.06,48,29,0,mortgage,car,1
28,55525.7,5.7,3016.14,0.054,2,1,0.34,1796.58,2404.28,18781.57,60,9,0,own,business,1
62,43966.69,6.3,24115.18,0.548,1,1,0.684,2518.48,3564.27,23521.33,36,44,0,rent,home_improvement,0
58,63948.92,12.8,32777.87,0.513,3,0,0.479,3331.93,9407.28,6956.88,48,38,0,mortgage,education,1
51,94167.07,3.1,39191.28,0.416,3,0,0.363,16403.24,412.64,7775.28,60,32,0,rent,car,1
34,87611.83,10.2,11086.72,0.127,4,1,0.494,7461.86,6888.39,9289.86,60,13,0,own,home_improvement,1
36,44642.7,3.7,24282.01,0.544,2,0,0.814,5815.25,2463.81,6780.13,36,18,0,mortgage,education,0
41,38648.48,9.9,13693.93,0.354,5,1,0.37,3966.4,2248.48,10368.02,60,23,0,rent,education,1
52,50374.66,5.0,26800.33,0.532,10,0,0.188,5165.37,2129.16,10923.02,60,33,0,mortgage,education,1
58,67508.22,5.8,2873.61,0.043,1,1,0.753,4683.54,8352.72,18125.05,36,40,0,rent,debt_consolidation,0
53,73646.7,11.1,8243.97,0.112,10,1,0.254,13516.85,0.0,4043.55,12,34,1,mortgage,debt_consolidation,1
66,83183.45,10.7,31521.61,0.379,4,3,0.04,13057.79,822.21,10166.64,12,43,0,own,medical,1
67,60188.14,6.2,30142.53,0.501,6,1,0.621,2427.4,7292.83,7143.64,60,46,0,rent,education,1
54,60839.59,4.6,6884.89,0.113,8,0,0.952,3562.74,7599.37,6746.9,48,35,0,mortgage,car,1
37,59459.54,15.0,11182.08,0.188,8,0,0.333,2161.0,9196.26,1889.01,24,17,0,rent,medical,1
49,79386.16,9.9,26335.09,0.332,11,0,0.367,7018.29,6509.54,5246.48,48,28,0,mortgage,car,1
40,74092.21,5.0,40737.4,0.55,11,0,0.451,8182.85,6725.85,11203.59,12,22,0,rent,debt_consolidation,0
51,44143.9,3.7,19592.06,0.444,1,1,0.551,2318.53,0.0,5434.32,60,27,0,mortgage,medical,1
60,70994.13,12.1,36170.68,0.509,4,0,0.515,4220.59,4743.36,9143.44,36,36,0,own,debt_consolidation,0
37,77607.12,7.6,29316.61,0.378,6,0,0.239,3100.35,7345.11,877.09,60,13,0,own,medical,1
44,79749.35,6.2,38678.98,0.485,6,0,0.734,2636.82,3371.06,7451.61,48,20,0,own,medical,0
21,63041.59,7.6,18202.24,0.289,11,0,0.304,3629.78,3912.13,8872.71,24,0,0,rent,home_improvement,1
56,61905.26,8.7,5311.72,0.086,7,1,0.068,4388.76,7940.96,5084.41,48,36,0,rent,education,1
43,56308.68,6.7,22301.92,0.396,4,1,0.785,2218.57,7855.31,7063.36,48,19,0,mortgage,car,0
42,58221.95,13.0,19724.53,0.339,11,0,0.242,1803.74,4610.13,9798.36,24,17,0,rent,medical,1
46,98711.16,13.3,27366.24,0.277,8,0,0.436,31814.53,6329.75,6276.2,36,24,0,own,debt_consolidation,1
29,58862.36,9.7,9756.15,0.166,9,0,0.801,3209.13,6069.46,10904.87,48,4,0,rent,medical,1
49,45237.67,13.9,19706.78,0.436,7,0,0.252,4278.54,2180.24,5794.15,12,24,0,mortgage,business,1
57,63484.4,7.0,28873.81,0.455,0,0,0.656,7921.2,7546.35,12815.91,36,36,0,mortgage,debt_consolidation,1
36,73150.59,10.5,15582.42,0.213,11,1,0.544,7500.5,2956.88,2953.9,48,18,1,own,home_improvement,1
25,78600.2,12.0,40221.0,0.512,8,0,0.499,10580.15,8187.54,7901.35,24,2,0,mortgage,business,1
38,41015.32,12.1,8857.8,0.216,1,2,0.219,3658.94,2693.98,10839.79,12,15,0,own,medical,0
29,91299.55,11.6,7030.81,0.077,3,0,0.369,1706.94,3260.33,8102.7,12,5,0,own,debt_consolidation,0
38,72215.49,10.2,7818.05,0.108,4,0,0.385,6699.05,6111.3,12705.27,48,17,0,mortgage,business,1
50,89447.76,16.8,25232.6,0.282,3,1,0.333,5639.8,4208.69,6635.32,48,26,0,own,car,1
24,36458.47,4.3,2272.36,0.062,7,0,0.332,1381.94,4243.06,6802.95,12,6,0,own,car,1
57,80806.46,6.2,32383.89,0.401,6,0,0.444,21084.64,1369.72,2296.78,36,38,0,mortgage,debt_consolidation,1
30,40416.49,5.9,17839.87,0.441,2,0,0.237,542.48,3148.47,12592.0,24,6,0,mortgage,home_improvement,1
64,52238.0,5.2,16257.42,0.311,8,0,0.272,5978.86,1570.4,13954.52,36,42,0,own,business,1
56,73015.51,0.0,36031.31,0.493,3,0,0.508,8016.32,9252.78,13204.66,48,37,0,rent,debt_consolidation,1
32,39227.19,13.9,20624.55,0.526,1,1,0.476,8590.31,4016.88,6069.34,36,11,0,rent,debt_consolidation,1
47,47915.38,1.9,12324.7,0.257,11,0,0.687,4818.68,3087.06,2840.64,24,28,0,own,business,0
24,36261.63,7.8,2438.14,0.067,3,0,0.068,1824.57,2389.72,19422.63,36,4,0,mortgage,business,0
24,72357.31,0.0,10315.98,0.143,2,0,0.48,891.55,10917.75,7609.75,60,5,0,rent,business,1
67,43916.36,10.1,16184.78,0.369,8,3,0.399,658.36,4594.62,3349.92,12,44,0,own,business,1
59,57634.2,3.1,13547.82,0.235,9,2,0.513,3189.99,1664.32,16243.97,24,36,0,rent,debt_consolidation,1
26,65495.47,1.3,25088.37,0.383,1,2,0.108,12786.9,7427.31,2040.12,48,8,0,mortgage,car,1
33,63244.86,8.0,23613.71,0.373,0,0,0.757,1130.96,2436.78,18527.49,36,14,0,own,education,0
29,61353.37,3.5,20912.0,0.341,10,0,0.349,5574.88,4559.58,2922.29,60,10,0,mortgage,car,1
39,61314.19,4.1,6355.29,0.104,6,1,0.443,11171.68,0.0,7475.35,24,20,0,own,business,1
33,36970.6,7.9,6341.76,0.172,5,1,0.122,9123.11,3971.14,7527.02,12,15,0,rent,education,1
35,53158.21,11.0,11708.98,0.22,5,0,0.269,3541.38,1763.95,9356.25,24,12,0,mortgage,car,1
45,61134.17,2.9,27934.74,0.457,7,1,0.233,10097.71,3441.0,10916.68,48,20,0,own,home_improvement,1
28,58967.17,2.0,22500.58,0.382,8,0,0.628,3244.59,0.0,5769.99,48,6,0,mortgage,education,0
64,55129.43,7.1,19946.66,0.362,0,1,0.656,6440.02,4172.51,6842.38,36,45,0,mortgage,business,0
56,45746.39,9.7,17211.29,0.376,3,1,0.27,5459.24,3210.93,5700.16,24,32,0,mortgage,home_improvement,1
57,62790.69,14.3,18001.91,0.287,11,1,0.35,2260.11,185.08,14742.37,48,33,0,own,education,1
27,66631.8,1.6,2732.22,0.041,2,1,0.374,296.66,4550.81,10178.72,24,2,0,rent,medical,1
55,49913.79,5.4,6318.78,0.127,10,1,0.353,4433.16,2665.77,14427.47,36,31,0,rent,debt_consolidation,1
61,78788.86,12.9,7434.53,0.094,4,0,0.228,11507.14,10074.25,6456.5,60,41,0,mortgage,business,1
27,91983.54,16.9,4959.59,0.054,2,0,0.147,15875.39,2873.79,6454.85,24,5,0,own,medical,1
57,58006.03,2.0,10981.85,0.189,7,1,0.624,6180.19,5256.29,3436.58,24,33,0,mortgage,business,1
37,44444.5,3.3,19444.33,0.437,7,2,0.252,6196.85,0.0,12439.53,36,19,0,mortgage,business,0
59,39082.53,8.9,3166.46,0.081,4,1,0.62,1687.53,2761.82,8460.07,12,38,0,rent,medical,0
43,51996.95,4.1,4110.56,0.079,9,1,0.194,9498.43,4396.12,7762.75,12,19,0,rent,debt_consolidation,1
59,56626.26,3.2,4861.93,0.086,0,0,0.252,8753.86,4928.61,5908.52,24,36,0,rent,education,1
26,38465.21,8.2,6270.04,0.163,1,2,0.506,4837.26,2335.88,6661.65,12,4,0,mortgage,medical,0
38,51491.75,14.7,6548.19,0.127,7,1,0.366,2385.71,7891.37,10291.32,36,14,0,rent,business,0
32,77369.62,0.5,2119.88,0.027,6,0,0.295,6427.84,3763.06,11895.3,12,9,0,rent,car,1
31,29057.19,14.5,4839.37,0.167,8,3,0.694,1811.68,2637.04,5146.61,48,8,0,rent,home_improvement,0
34,59188.71,4.1,32437.55,0.548,10,0,0.143,3935.05,3014.2,11689.12,60,12,1,own,home_improvement,0
38,47824.38,8.7,9485.38,0.198,11,0,0.337,6410.97,1184.63,7980.38,36,15,0,rent,education,1
25,57194.15,15.0,7547.76,0.132,6,0,0.4,7188.14,416.64,9797.93,60,5,0,rent,medical,0
55,93751.64,8.6,26506.25,0.283,6,1,0.551,883.43,1963.74,7069.99,36,35,0,rent,business,0
47,56328.01,5.5,7974.09,0.142,11,0,0.582,2561.77,5457.19,6489.49,12,22,0,own,debt_consolidation,1
61,53724.59,10.6,17009.85,0.317,11,0,0.29,5894.09,7146.44,7045.43,36,41,0,own,home_improvement,1
54,70789.04,6.1,16447.66,0.232,0,0,0.354,4818.14,6847.44,3486.73,12,31,1,rent,car,1
26,63072.77,9.6,31241.58,0.495,6,0,0.314,1740.22,3148.32,6197.3,36,5,0,rent,debt_consolidation,1
22,59271.05,6.0,30334.76,0.512,11,0,0.633,9996.09,2089.43,2278.04,36,0,0,rent,education,1
40,63819.31,11.3,25395.14,0.398,0,1,0.266,36670.06,4778.73,12093.48,48,20,0,mortgage,home_improvement,1
43,84518.88,0.0,11352.4,0.134,11,0,0.611,2324.27,1233.98,3280.98,48,21,0,mortgage,business,0
31,75662.8,1.9,20517.2,0.271,8,1,0.183,790.58,8387.61,10703.79,12,10,0,mortgage,education,1
58,52550.97,0.0,9557.67,0.182,1,2,0.156,12394.68,4474.25,4308.48,12,40,0,mortgage,business,1
48,91961.83,6.7,40747.1,0.443,7,0,0.219,3679.96,1680.98,15957.68,12,27,0,own,car,1
57,48733.51,0.0,1728.2,0.035,5,1,0.555,6847.07,6882.89,2012.45,24,35,0,own,debt_consolidation,1
24,59191.34,3.5,21967.12,0.371,4,0,0.298,2320.85,376.32,7375.81,60,3,0,mortgage,medical,0
60,61387.89,1.5,11744.13,0.191,7,1,0.169,16671.04,4251.39,16278.83,36,39,0,mortgage,debt_consolidation,1
29,51760.94,14.4,14230.76,0.275,8,1,0.277,7731.64,5608.58,10942.99,24,7,0,own,medical,1
41,88418.31,2.0,16904.46,0.191,10,0,0.25,3508.39,9140.97,6206.21,12,20,1,mortgage,medical,1
41,50947.14,0.6,10869.0,0.213,5,2,0.431,1730.93,1804.39,21276.42,36,20,0,mortgage,home_improvement,1
60,54910.72,8.2,20723.97,0.377,1,0,0.378,2047.28,2528.76,7188.28,36,39,0,mortgage,debt_consolidation,1
33,79404.73,15.4,26649.18,0.336,10,1,0.525,4393.5,1499.14,7042.25,48,14,0,mortgage,education,1
31,49298.26,6.4,7363.55,0.149,4,1,0.558,8578.42,3825.84,13428.08,60,7,0,own,debt_consolidation,1
36,37994.13,6.8,1638.61,0.043,9,1,0.253,464.99,4090.87,6799.61,24,14,0,rent,home_improvement,1
37,59739.26,13.5,28297.98,0.474,9,0,0.031,2718.09,0.0,6979.5,60,13,1,own,car,1
28,41300.76,11.4,11602.31,0.281,0,1,0.3,6265.8,3901.28,5543.52,36,9,0,mortgage,car,0
27,39925.31,9.1,13891.09,0.348,4,1,0.481,6183.58,1679.65,10343.73,36,3,0,rent,medical,0
30,29238.07,4.1,8154.63,0.279,1,1,0.331,5470.48,1813.27,11391.54,60,5,0,rent,debt_consolidation,1
42,30305.88,9.3,10547.61,0.348,7,0,0.237,636.44,406.86,5416.76,24,20,0,rent,home_improvement,0
36,30939.46,0.2,10899.83,0.352,9,0,0.371,2010.14,1105.38,15062.83,12,13,0,rent,education,1
38,96272.77,3.9,2692.89,0.028,6,0,0.538,4123.14,16008.5,5545.46,48,15,0,rent,business,0
55,30905.7,14.2,9352.91,0.303,3,1,0.587,7757.36,1537.59,4694.34,48,35,0,own,education,0
31,40987.33,13.5,11727.18,0.286,11,0,0.532,3664.93,2710.18,3876.1,60,11,0,rent,education,1
65,55206.59,9.2,3907.7,0.071,1,0,0.39,1903.6,1155.14,14004.15,60,44,0,rent,medical,1
57,69738.87,0.0,28963.77,0.415,1,0,0.267,16782.5,13655.51,4221.77,36,38,0,own,debt_consolidation,1
27,72129.01,1.0,10459.1,0.145,4,1,0.55,5168.45,6488.86,19495.03,48,8,0,mortgage,debt_consolidation,1
35,44453.05,3.6,2173.68,0.049,11,1,0.467,3900.72,2915.74,3711.67,60,12,0,rent,home_improvement,1
28,58841.28,6.1,26224.04,0.446,10,0,0.63,16494.02,6630.52,7238.93,48,6,0,rent,debt_consolidation,0
32,54692.2,0.7,26171.3,0.479,6,0,0.606,5067.97,4616.87,4138.96,36,7,0,mortgage,home_improvement,0
37,57761.39,5.8,8523.75,0.148,11,1,0.347,11521.47,3353.71,5899.48,36,17,0,mortgage,home_improvement,1
25,60237.05,15.8,23155.07,0.384,10,2,0.558,3385.69,3629.42,7714.13,36,2,0,own,business,1
19,65422.63,9.0,1480.11,0.023,7,0,0.117,9523.05,0.0,18995.95,48,0,0,rent,debt_consolidation,1
41,47547.53,8.1,19124.07,0.402,1,0,0.168,4659.51,2300.77,12318.75,36,16,0,mortgage,education,0
54,83255.78,1.9,22175.58,0.266,10,0,0.547,13757.46,3446.84,1648.73,12,30,0,own,education,1
34,101118.55,0.0,44493.78,0.44,7,1,0.552,9015.51,8364.47,7475.02,36,13,0,rent,debt_consolidation,1
62,51069.22,0.9,11659.51,0.228,1,0,0.216,4449.99,2863.95,7655.8,24,39,0,own,car,1
37,113068.85,0.0,23300.11,0.206,10,0,0.169,21743.14,11415.02,6071.28,24,16,0,mortgage,debt_consolidation,1
64,48448.68,7.4,22558.48,0.466,4,0,0.09,2179.88,3471.48,9060.86,60,39,0,rent,home_improvement,1
31,59178.46,8.9,2395.71,0.04,9,1,0.736,2957.64,1456.08,23879.08,60,6,0,rent,car,1
46,54849.46,2.2,6537.92,0.119,3,1,0.495,17083.21,7739.48,5556.7,48,26,0,own,business,1
57,58430.61,7.7,13931.51,0.238,0,1,0.184,2491.13,2765.86,10801.56,60,35,0,rent,education,1
22,80127.41,14.3,26927.55,0.336,5,0,0.453,4671.65,7562.33,3317.46,12,4,0,own,home_improvement,0
66,53851.79,16.8,1222.95,0.023,5,2,0.239,2312.98,59.92,2161.43,36,47,0,rent,business,1
37,39424.77,10.9,12806.28,0.325,10,1,0.106,2033.69,4146.45,7265.45,48,14,0,mortgage,home_improvement,0
44,47281.8,6.1,10430.42,0.221,1,0,0.362,923.59,0.0,12072.18,48,26,0,own,medical,1
51,53890.07,10.7,19071.75,0.354,10,0,0.921,6733.86,8812.18,7075.9,24,31,0,own,education,1
51,60868.47,13.8,30476.61,0.501,1,0,0.583,8626.96,6141.79,11646.51,24,31,0,own,car,1
20,44517.3,0.0,11292.35,0.254,11,1,0.524,333.82,2483.65,11655.79,36,0,0,own,education,0
63,46013.36,14.4,14444.82,0.314,8,0,0.195,2824.42,4382.14,31294.02,48,45,0,rent,home_improvement,1
50,61586.27,4.3,16337.52,0.265,4,1,0.337,3697.98,203.07,10065.12,60,26,0,mortgage,education,1
69,62278.01,4.3,5157.66,0.083,11,0,0.733,1781.42,3521.95,7433.43,24,44,1,rent,car,1
43,76249.15,5.2,33576.3,0.44,4,0,0.452,2115.0,7923.37,10442.84,24,20,0,own,home_improvement,1
50,47099.6,8.6,23038.94,0.489,7,1,0.195,2780.23,4489.49,5189.16,12,31,0,own,education,1
41,67522.63,1.4,30390.4,0.45,0,3,0.65,12836.8,4475.36,11362.15,24,22,0,mortgage,business,0
64,54882.19,5.6,28660.92,0.522,1,2,0.575,5539.08,4524.75,10705.96,36,45,0,rent,education,0
61,49185.5,9.6,13184.43,0.268,4,0,0.153,5101.26,5936.68,16798.97,36,37,0,own,medical,1
65,55453.28,8.1,20280.96,0.366,2,0,0.315,2667.51,5701.57,4479.69,12,42,0,rent,business,0
44,57908.39,8.9,6324.81,0.109,2,1,0.691,1679.55,0.0,8667.15,12,26,0,mortgage,home_improvement,1
59,38160.04,5.4,20518.97,0.538,4,2,0.31,10685.51,2529.19,19427.53,24,34,0,own,debt_consolidation,1
37,39047.02,10.5,12795.46,0.328,7,0,0.706,7185.48,2639.57,5713.85,36,19,0,mortgage,business,1
42,70545.39,12.3,11194.25,0.159,1,0,0.686,12422.06,292.2,1254.73,24,23,0,mortgage,business,1
57,50677.8,12.0,22645.29,0.447,9,0,0.407,5301.52,703.24,8395.92,12,32,0,rent,education,1
23,61011.09,9.1,20184.93,0.331,10,1,0.409,9954.48,8634.85,7916.57,36,4,0,rent,car,0
55,69852.86,11.7,36555.94,0.523,10,0,0.095,9315.77,2121.2,7789.72,60,32,0,mortgage,business,1
19,55558.25,11.4,23783.82,0.428,2,1,0.286,1918.58,2527.64,9396.33,36,0,0,mortgage,business,1
48,67928.76,20.4,32942.08,0.485,10,0,0.188,19416.55,1812.46,11951.62,60,27,0,mortgage,debt_consolidation,1
43,58026.27,13.1,17972.16,0.31,1,0,0.338,9581.25,5067.53,33551.98,48,22,0,rent,medical,1
42,58891.99,6.6,17324.46,0.294,1,1,0.495,4239.58,4748.73,5676.27,48,21,0,rent,medical,1
44,82360.54,2.4,34705.33,0.421,8,0,0.223,2136.05,13473.26,5117.1,12,26,0,own,business,1
44,53665.41,5.7,4060.19,0.076,9,0,0.15,1487.29,2138.05,11720.46,48,25,0,own,business,1
39,70813.63,5.3,3444.14,0.049,1,1,0.401,7423.64,6574.78,4794.27,36,21,0,own,car,1
42,36137.03,9.6,19563.22,0.541,4,0,0.361,2762.64,0.0,6323.51,60,18,0,mortgage,business,1
47,60307.34,3.5,30493.6,0.506,4,1,0.327,3085.31,0.0,6765.68,12,29,0,own,education,1
57,89472.21,13.0,47107.14,0.527,8,1,0.653,9136.79,11921.47,16132.48,24,33,0,mortgage,medical,1
47,116104.67,0.1,6159.7,0.053,6,0,0.247,9685.86,14155.56,17273.32,60,22,0,mortgage,education,1
51,36679.64,0.0,5968.87,0.163,7,0,0.491,2523.27,3259.4,2005.97,12,31,0,mortgage,home_improvement,1
61,50598.88,6.3,25189.0,0.498,0,0,0.4,1496.25,6223.36,2408.85,60,38,0,rent,car,1
69,41581.05,2.8,2803.57,0.067,11,1,0.398,3461.65,535.68,8075.66,12,46,0,mortgage,debt_consolidation,1
24,54335.15,0.7,14086.95,0.259,6,0,0.702,11399.55,8112.21,14237.88,60,0,0,rent,medical,0
55,74607.99,3.8,14987.58,0.201,8,1,0.484,1985.58,1113.44,19962.51,60,37,0,own,car,1
30,83375.83,3.2,40547.4,0.486,5,0,0.306,16652.72,6909.77,8405.66,36,6,0,mortgage,home_improvement,1
29,84306.68,7.1,24835.09,0.295,2,1,0.354,17345.88,17304.98,17118.15,12,4,0,mortgage,car,1
59,35700.39,3.9,6208.24,0.174,8,6,0.381,3464.42,805.57,5160.56,60,34,0,rent,home_improvement,0
22,57508.99,4.3,17130.75,0.298,3,0,0.195,5589.11,7711.34,6772.35,12,4,0,rent,education,0
62,46805.95,7.0,3725.59,0.08,2,0,0.563,4186.04,5382.02,9042.6,36,41,0,rent,business,1
58,53342.71,12.1,21739.15,0.408,6,0,0.539,6018.09,2132.92,6264.31,48,34,0,rent,debt_consolidation,1
69,48832.3,14.4,16979.91,0.348,4,1,0.293,2985.15,8358.54,19163.62,24,45,0,own,medical,1
53,36235.67,7.7,12261.27,0.338,10,1,0.242,4720.89,763.98,6366.4,12,33,0,rent,car,0
63,83656.99,8.1,21086.37,0.252,7,0,0.421,841.36,5423.93,9637.78,60,38,0,rent,home_improvement,1
25,44652.97,6.1,7856.66,0.176,4,0,0.278,15480.61,4409.19,5762.02,60,4,0,rent,debt_consolidation,1
64,47076.96,9.4,2572.84,0.055,0,0,0.472,6984.21,2913.51,5944.14,12,42,0,mortgage,debt_consolidation,1
27,89661.18,9.0,46796.61,0.522,4,0,0.184,9183.97,19912.94,4321.65,12,5,0,rent,medical,1
35,34364.78,13.6,8274.13,0.241,1,1,0.579,4973.22,129.23,13329.9,36,11,0,own,medical,1
25,65115.73,0.0,18417.24,0.283,2,1,0.329,5855.62,9608.68,11707.01,12,5,0,mortgage,home_improvement,0
39,78088.26,5.8,17113.54,0.219,3,1,0.686,10720.08,0.0,12278.56,60,14,0,mortgage,business,1
57,87161.84,8.7,47379.0,0.544,7,0,0.291,7826.06,0.0,6077.36,36,35,0,own,debt_consolidation,1
32,63672.77,6.9,28141.53,0.442,1,0,0.397,3984.33,4413.36,4718.61,24,9,0,rent,education,0
60,71243.71,2.3,5040.7,0.071,1,1,0.157,8564.64,7375.11,6892.51,24,37,0,rent,debt_consolidation,1
49,78074.02,0.5,26727.3,0.342,0,0,0.323,8103.38,11021.76,10956.91,24,31,0,rent,medical,1
51,54603.0,11.0,15117.19,0.277,11,1,0.408,7005.22,8031.27,4343.85,48,27,0,own,car,1
66,42727.64,3.2,18820.53,0.44,11,0,0.435,2336.99,3275.75,7371.79,12,42,0,own,medical,1
41,92032.38,0.0,50486.89,0.549,3,0,0.607,1341.92,8428.78,10986.33,36,16,0,rent,car,1
36,68713.05,11.3,28480.36,0.414,5,1,0.126,6787.4,5415.64,5249.71,36,18,0,mortgage,debt_consolidation,1
69,57487.72,9.3,27502.83,0.478,3,1,0.622,8208.1,8218.66,21371.56,24,50,0,rent,debt_consolidation,0
47,36789.24,6.4,10536.32,0.286,6,0,0.501,10475.3,180.09,10375.01,48,22,0,mortgage,business,1
50,27581.3,2.4,6012.92,0.218,6,0,0.121,3252.95,921.98,7689.52,24,26,0,mortgage,education,1
34,64702.54,6.4,23353.62,0.361,3,0,0.771,2538.58,7083.27,6405.97,36,9,0,mortgage,debt_consolidation,1
29,27107.47,13.1,11309.01,0.417,7,2,0.4,5215.02,3234.07,11419.25,24,8,1,own,debt_consolidation,0
27,57288.76,0.0,8054.4,0.141,0,0,0.345,5351.98,7674.17,5503.69,24,7,1,mortgage,medical,0
30,45287.65,0.0,12988.29,0.287,7,0,0.656,8786.39,2859.5,11636.29,48,11,0,rent,medical,0
28,48794.56,3.9,3918.65,0.08,9,1,0.07,2587.99,2037.71,3981.36,36,5,0,mortgage,education,1
57,84623.17,6.9,11395.95,0.135,0,1,0.557,6586.24,8619.44,7676.79,48,37,0,mortgage,medical,1
21,45420.19,4.5,22137.13,0.487,8,1,0.116,6812.14,537.22,12816.34,60,0,0,own,medical,1
51,58206.47,10.2,5629.03,0.097,8,1,0.435,9501.81,8729.82,5202.01,48,26,0,mortgage,education,1
67,45495.71,12.4,20473.73,0.45,11,0,0.444,5047.05,1889.01,5211.44,60,47,0,own,debt_consolidation,1
58,62746.45,8.4,13645.83,0.217,9,0,0.247,7909.75,3315.03,8110.65,24,40,0,mortgage,medical,1
39,59886.54,9.8,22257.81,0.372,0,1,0.156,9595.37,6242.05,8786.56,24,15,0,rent,education,1
22,57301.29,8.4,28792.35,0.502,0,2,0.257,4873.72,1739.19,14162.94,24,0,0,own,car,1
61,78171.99,7.0,33916.97,0.434,1,0,0.487,7362.22,719.3,11497.69,48,41,0,rent,education,1
19,34389.07,0.5,15741.55,0.458,6,0,0.587,9630.84,4274.73,7089.26,48,1,0,own,business,0
53,31760.05,1.9,5031.08,0.158,8,3,0.17,1727.88,460.94,7253.74,60,31,1,rent,education,1
53,38750.16,0.2,8202.93,0.212,7,1,0.172,863.61,3086.77,12057.8,24,28,0,own,education,1
28,59984.29,6.3,24496.37,0.408,3,1,0.378,5680.35,4063.49,3804.42,48,3,0,mortgage,business,1
56,66205.26,8.2,28596.32,0.432,2,0,0.204,6146.87,0.0,4618.0,24,36,0,own,business,1
27,22833.61,0.0,10017.74,0.439,0,1,0.166,679.2,327.2,5984.95,60,6,0,mortgage,car,0
30,65920.38,7.4,27176.15,0.412,4,1,0.101,5826.21,5563.6,2867.25,12,10,0,rent,education,1
60,97631.3,2.6,13937.84,0.143,3,1,0.515,2192.18,12527.68,13708.64,48,42,0,mortgage,debt_consolidation,1
68,50994.06,1.7,8832.98,0.173,3,0,0.649,2592.82,1456.35,3612.46,24,45,0,rent,car,1
32,92874.88,3.9,48228.23,0.519,1,0,0.299,10870.76,2077.45,24713.5,24,10,0,own,business,1
65,64342.99,1.4,20174.49,0.314,3,2,0.704,1530.72,6320.72,10772.28,12,45,0,mortgage,home_improvement,1
65,89036.42,10.0,37382.72,0.42,10,0,0.31,6257.44,9505.41,6049.23,48,45,0,mortgage,medical,1
58,83156.4,6.2,28071.41,0.338,2,0,0.523,821.97,9427.25,7100.07,24,39,0,mortgage,medical,1
26,51002.62,11.1,26010.62,0.51,10,1,0.388,2817.79,3963.21,17968.56,36,2,0,mortgage,education,0
34,74717.32,4.8,35898.26,0.48,1,1,0.308,14342.59,2999.36,6559.48,24,13,0,mortgage,business,1
53,50967.82,5.0,8079.86,0.159,7,0,0.229,18649.17,5395.02,5917.16,24,29,0,own,medical,1
69,96982.8,16.4,47414.51,0.489,1,0,0.335,7418.83,6058.65,6964.94,12,50,0,own,home_improvement,1
60,52500.34,0.0,9398.66,0.179,4,2,0.164,5950.36,5261.42,6739.98,12,36,0,own,car,1
40,67245.78,13.4,17061.58,0.254,11,1,0.1,2091.41,2738.74,8386.49,60,17,0,mortgage,debt_consolidation,1
30,103494.85,15.3,48761.99,0.471,9,0,0.309,11238.48,5813.29,6731.27,60,7,0,rent,medical,1
67,68224.56,10.8,13080.7,0.192,6,0,0.484,14673.42,6374.68,16346.07,48,44,0,mortgage,education,1
33,49307.97,5.3,8584.97,0.174,7,2,0.412,4366.39,0.0,7701.25,48,8,0,mortgage,education,0
36,37409.1,14.1,14005.52,0.374,7,0,0.278,6575.01,4997.98,4780.01,60,12,0,rent,home_improvement,1
68,34479.38,5.4,18957.74,0.55,9,0,0.529,1753.36,2211.77,3289.02,12,48,0,rent,medical,1
47,65811.29,3.5,5887.49,0.089,7,1,0.679,1005.13,0.0,3846.51,24,27,0,mortgage,debt_consolidation,1
32,55447.65,5.1,21711.2,0.392,6,0,0.435,3598.13,4165.03,12138.23,48,14,0,own,home_improvement,0
19,38961.16,4.1,11660.54,0.299,0,0,0.286,1926.99,1753.34,10706.07,12,0,0,own,business,1
40,72002.11,2.3,17109.66,0.238,11,1,0.487,12078.5,1047.68,9252.49,48,17,0,mortgage,home_improvement,0
69,71668.2,12.6,29916.11,0.417,6,0,0.188,12160.75,11793.42,12123.32,48,49,1,own,medical,0
41,55130.56,3.1,17314.48,0.314,3,0,0.716,1601.97,5982.59,12197.83,24,18,0,mortgage,medical,0
54,90417.22,6.9,40040.36,0.443,1,0,0.202,10967.86,5313.73,10787.96,60,29,0,rent,debt_consolidation,1
31,32609.78,0.0,13508.36,0.414,7,3,0.196,4791.1,2262.78,3039.22,48,11,0,rent,debt_consolidation,0
58,49902.44,7.2,27052.76,0.542,9,0,0.363,2854.73,3993.23,2622.42,48,33,0,mortgage,medical,1
58,68102.24,1.2,30629.59,0.45,9,1,0.379,6441.0,0.0,7503.14,60,40,0,rent,debt_consolidation,1
50,40324.31,1.1,2234.12,0.055,10,0,0.402,5436.91,7988.54,14779.38,12,32,0,mortgage,home_improvement,1
58,74391.13,6.5,32224.53,0.433,10,0,0.397,13497.14,5124.86,7378.09,60,38,0,rent,medical,1
48,81744.45,12.3,29782.99,0.364,7,0,0.546,7877.51,12841.26,7786.97,36,25,0,rent,debt_consolidation,1
38,25039.6,9.2,1692.4,0.068,11,1,0.273,2898.82,607.53,11467.48,12,19,0,rent,car,1
56,91501.4,9.5,31193.68,0.341,0,0,0.281,13327.39,8784.54,1259.37,36,36,0,rent,business,1
61,66733.52,6.4,27889.67,0.418,4,0,0.208,1942.52,499.86,7790.7,24,42,0,rent,car,1
61,48047.3,5.3,5982.52,0.125,5,0,0.176,341.05,0.0,7032.39,36,43,0,own,car,1
29,35351.8,11.0,8855.74,0.251,8,0,0.463,4664.72,3955.31,8039.26,12,4,0,mortgage,debt_consolidation,0
53,77756.41,4.2,23911.47,0.308,3,1,0.62,7654.77,5941.7,19589.85,12,34,0,rent,car,1
19,38346.91,11.2,9163.8,0.239,3,1,0.732,1015.47,1539.77,6383.09,48,0,0,mortgage,medical,0
48,66692.65,13.2,32298.09,0.484,10,2,0.658,9241.65,0.0,11645.47,60,25,0,own,medical,1
48,38826.99,2.8,4252.28,0.11,7,2,0.135,1004.31,1674.95,6600.27,36,26,0,rent,medical,1
37,56869.27,3.5,24392.62,0.429,7,0,0.374,5258.45,4569.29,4922.57,24,17,0,rent,car,1
69,76569.9,4.3,33107.93,0.432,2,0,0.224,10246.53,980.2,7097.2,48,50,0,mortgage,car,1
64,48249.81,0.0,12422.2,0.257,6,0,0.184,8185.06,3534.8,15478.07,24,39,0,mortgage,car,1
20,91278.49,4.7,27924.22,0.306,5,1,0.33,5929.53,3188.49,13373.13,48,0,0,own,debt_consolidation,0
29,68629.95,13.5,6958.26,0.101,7,1,0.222,11096.45,451.71,6471.83,36,8,0,rent,business,0
29,40364.94,1.8,4982.39,0.123,11,1,0.526,2917.41,2403.78,3793.08,12,9,0,own,car,0
64,36183.0,13.6,10919.39,0.302,3,2,0.357,1410.67,0.0,12854.81,48,41,0,rent,home_improvement,1
45,43764.15,4.8,6086.75,0.139,9,5,0.333,2218.64,4014.84,12477.96,60,23,0,mortgage,medical,0
56,55985.69,17.6,25049.49,0.447,7,0,0.919,3246.17,4007.69,7818.3,48,38,0,own,home_improvement,1
60,94376.98,3.6,32710.65,0.347,5,0,0.533,214.61,9146.27,3755.06,36,42,0,mortgage,education,1
58,100815.88,6.3,5039.45,0.05,11,0,0.631,14591.27,12410.09,13366.7,48,40,0,rent,car,1
23,47664.83,2.4,9994.11,0.21,1,2,0.432,5378.61,2575.41,8635.36,60,1,0,own,home_improvement,0
26,47191.91,3.6,22414.54,0.475,8,1,0.408,2419.76,0.0,8459.92,36,2,0,own,car,1
39,72474.83,13.7,12106.58,0.167,4,0,0.448,8657.68,3901.32,18245.21,12,21,0,mortgage,education,1
36,72273.06,9.4,29014.05,0.401,8,1,0.187,1836.36,680.43,8685.7,12,14,0,mortgage,business,1
57,86057.18,12.1,5999.4,0.07,1,0,0.264,10597.96,11901.81,12816.09,24,36,0,rent,education,1
26,86869.84,0.4,44580.11,0.513,8,1,0.588,12167.47,4180.7,16310.72,60,7,0,mortgage,debt_consolidation,0
37,42809.43,10.3,11051.39,0.258,0,0,0.774,908.12,4654.83,6100.13,36,13,0,mortgage,education,1
31,34031.78,2.1,9546.93,0.281,4,2,0.072,5190.03,4754.83,4519.25,48,11,0,own,debt_consolidation,1
28,68969.64,0.3,22208.91,0.322,10,1,0.443,5033.42,2019.47,9797.75,60,10,0,mortgage,car,0
27,61039.76,8.2,12978.22,0.213,7,0,0.306,4474.31,4299.75,22834.99,48,7,0,own,medical,1
28,28958.09,8.1,11710.69,0.404,5,1,0.105,619.94,1987.35,7914.08,12,7,0,own,car,1
47,30191.61,7.3,837.19,0.028,3,0,0.27,5200.32,5343.32,4654.8,60,29,0,rent,home_improvement,1
39,33790.93,10.6,3580.77,0.106,1,0,0.054,5851.38,4391.89,5089.19,36,19,0,own,home_improvement,1
41,67843.83,11.4,8146.35,0.12,1,1,0.591,15925.26,912.85,6682.79,36,22,0,mortgage,car,1
43,54372.86,14.3,19396.45,0.357,8,1,0.227,10092.54,1964.68,7877.41,12,24,0,mortgage,car,1
56,68365.47,1.0,33637.07,0.492,3,0,0.172,6677.8,2971.94,11502.12,36,31,0,mortgage,business,1
62,39518.36,14.5,2123.28,0.054,0,3,0.394,4242.93,1029.58,10425.87,24,41,0,mortgage,home_improvement,1
45,70040.06,16.4,33045.11,0.472,5,2,0.219,533.17,3561.01,16976.95,24,24,0,mortgage,education,1
51,63539.74,5.2,28868.79,0.454,4,0,0.307,364.92,2552.25,8336.54,48,26,0,mortgage,education,1
56,71791.84,0.0,4351.42,0.061,11,0,0.407,5556.2,4916.54,11052.6,12,37,0,mortgage,home_improvement,1
54,48747.6,0.1,4675.43,0.096,2,1,0.11,3672.43,2969.02,17854.37,24,33,0,own,home_improvement,1
25,45417.82,4.7,9334.45,0.206,3,0,0.436,1694.97,5647.83,9105.25,36,6,0,mortgage,business,1
69,35334.85,17.1,2854.17,0.081,1,0,0.21,2821.16,1009.8,1625.21,24,47,0,mortgage,medical,0
27,51356.07,7.1,21666.7,0.422,2,0,0.457,2249.63,0.0,7438.53,36,9,0,rent,business,0
40,80520.73,3.9,23122.07,0.287,6,0,0.272,14007.31,3382.19,8092.57,48,16,0,own,home_improvement,1
52,88244.99,3.6,20976.3,0.238,2,0,0.108,8017.41,3177.23,4780.58,24,30,0,mortgage,debt_consolidation,1
39,38449.79,0.4,15542.26,0.404,8,0,0.081,1869.79,5395.74,3174.11,60,21,0,rent,home_improvement,1
31,55971.82,11.4,9808.2,0.175,9,2,0.41,9726.96,6097.35,3613.51,24,13,0,rent,business,0
66,94890.85,6.5,45729.0,0.482,5,0,0.725,2381.35,12483.82,18156.09,12,46,0,rent,debt_consolidation,1
22,99552.18,17.5,36496.07,0.367,2,0,0.206,30139.95,11428.14,11871.01,60,0,0,mortgage,business,1
31,50679.27,10.1,10320.72,0.204,9,0,0.162,5093.33,0.0,3336.47,24,13,0,rent,home_improvement,1
69,83009.69,11.1,25411.97,0.306,11,2,0.505,6310.5,1995.51,6541.24,36,45,0,rent,debt_consolidation,1
56,78041.65,5.8,12292.16,0.158,11,0,0.647,1285.71,0.0,1282.13,36,38,0,mortgage,home_improvement,1
23,75825.08,1.5,41100.21,0.542,11,0,0.403,6372.59,10996.3,7187.16,48,5,0,mortgage,car,0
57,32373.73,2.6,8121.61,0.251,9,1,0.185,2290.79,3517.97,2911.01,60,37,0,own,medical,1
68,46752.91,0.2,23156.26,0.495,8,1,0.128,6167.46,4047.94,15587.61,36,46,0,mortgage,medical,1
23,53989.32,11.6,29065.2,0.538,11,2,0.737,4074.46,2064.02,19101.32,24,1,0,own,car,0
40,53483.39,5.1,16257.34,0.304,4,2,0.699,1400.68,2346.64,19631.43,24,22,0,mortgage,debt_consolidation,1
42,55773.77,11.8,22694.21,0.407,11,2,0.529,3737.86,1319.64,4274.46,24,21,0,rent,home_improvement,1
25,103556.8,7.7,33478.96,0.323,0,0,0.033,4560.43,10268.71,3234.51,36,0,0,mortgage,debt_consolidation,1
29,51241.72,5.5,3511.64,0.069,9,0,0.585,1276.47,3681.73,6853.99,12,10,0,own,car,1
27,64529.74,1.2,33864.02,0.525,4,0,0.553,12467.77,6540.52,6733.06,60,2,0,mortgage,education,1
28,63760.16,8.5,16706.27,0.262,3,0,0.158,853.57,5585.16,1818.98,24,10,0,own,education,1
39,56003.32,5.9,27657.43,0.494,8,2,0.291,9940.62,6045.21,5132.24,36,16,0,rent,business,0
42,39200.41,11.5,14405.01,0.367,2,0,0.48,3418.26,3625.82,7235.83,36,21,0,rent,business,1
31,58470.6,3.4,4429.22,0.076,11,0,0.467,8211.58,7120.06,2913.29,12,9,0,rent,car,1
33,28804.55,10.1,6942.99,0.241,8,1,0.378,5892.45,2985.7,4261.61,24,15,0,own,education,1
28,66696.02,15.2,8256.94,0.124,0,1,0.56,3285.22,2731.44,9299.69,36,7,0,own,education,1
59,27441.33,8.4,3019.25,0.11,10,0,0.06,2497.55,2500.72,9170.78,36,40,0,own,home_improvement,1
29,64678.45,10.9,25806.51,0.399,1,0,0.122,3442.6,5312.08,13986.48,12,10,0,rent,business,1
65,45965.1,9.9,1650.63,0.036,9,1,0.745,3272.36,2626.47,1900.78,24,47,0,rent,business,0
46,40877.23,16.5,21748.91,0.532,9,2,0.339,5451.4,2689.86,8415.56,36,27,0,own,car,1
59,72860.15,8.9,18831.39,0.258,7,1,0.191,5871.01,8525.28,11519.05,24,37,0,own,debt_consolidation,1
51,49319.76,10.5,13788.4,0.28,7,3,0.148,4436.92,4621.84,18508.2,12,33,0,mortgage,debt_consolidation,1
32,57470.82,6.8,10269.88,0.179,9,0,0.438,2034.93,6505.55,6257.31,48,13,0,mortgage,medical,0
49,32704.41,3.1,2138.1,0.065,10,1,0.586,2524.04,2246.02,7278.5,12,31,0,own,debt_consolidation,1
32,90581.88,1.0,30052.22,0.332,8,0,0.461,5205.18,11246.44,6199.58,48,12,0,own,debt_consolidation,0
25,59328.65,13.3,12027.1,0.203,2,0,0.236,5053.37,6249.79,7975.8,12,3,0,rent,debt_consolidation,1
31,59279.81,2.0,20792.9,0.351,7,0,0.212,1940.85,1562.36,14510.89,60,12,0,mortgage,education,1
33,83900.4,10.7,26391.54,0.315,2,2,0.106,4164.17,4091.56,13307.99,36,11,0,mortgage,medical,1
25,67188.05,9.1,9067.88,0.135,0,2,0.436,6849.43,1624.7,4718.11,36,0,0,own,car,1
20,24176.85,11.6,6399.04,0.265,1,4,0.171,3089.14,306.88,7545.28,36,0,0,mortgage,car,0
67,93858.63,4.4,17201.79,0.183,5,0,0.515,8901.47,18832.62,6136.76,60,44,0,rent,home_improvement,1
45,50631.59,3.0,7445.57,0.147,11,1,0.822,3335.14,7598.38,5951.27,12,25,0,mortgage,debt_consolidation,1
39,91826.31,8.9,39296.46,0.428,0,0,0.432,4339.28,11427.82,10905.48,24,18,0,own,medical,1
66,50055.37,5.5,1316.98,0.026,0,2,0.374,618.43,4460.74,6278.54,48,44,1,rent,debt_consolidation,0
30,46400.42,0.8,7540.44,0.163,1,0,0.69,9162.77,1835.81,11106.65,36,6,0,own,education,0
39,65638.18,16.7,19788.3,0.301,2,0,0.636,11060.1,738.85,6409.47,36,19,0,rent,medical,1
62,111249.4,3.0,30299.6,0.272,6,0,0.114,24170.76,6249.74,5608.88,36,38,0,mortgage,business,1
51,82979.09,2.0,43007.04,0.518,9,0,0.554,17682.98,2543.44,7372.2,36,32,0,mortgage,car,1
39,68087.8,5.8,31806.43,0.467,0,0,0.327,7170.97,6969.43,24958.65,48,16,0,mortgage,medical,1
32,65288.99,13.3,27313.61,0.418,9,1,0.511,22723.12,4848.99,4373.48,36,8,0,rent,business,0
20,58289.67,0.0,17047.48,0.292,10,0,0.537,4233.6,6381.63,5083.87,24,0,0,mortgage,medical,0
23,90327.61,12.8,22339.88,0.247,0,0,0.164,8230.25,7116.58,2485.27,60,2,0,own,debt_consolidation,1
27,73501.51,2.4,2894.63,0.039,5,0,0.752,3553.1,0.0,5470.7,12,5,0,rent,debt_consolidation,1
59,35104.99,8.3,15989.77,0.455,9,0,0.476,837.3,2037.75,2147.13,60,37,0,rent,debt_consolidation,1
51,40955.21,3.6,10168.27,0.248,8,0,0.439,2322.6,3523.98,2199.02,36,27,0,rent,car,1
41,68886.84,17.0,13096.26,0.19,2,0,0.216,3712.33,5539.27,9791.73,36,17,0,own,medical,1
58,38722.4,7.6,13224.33,0.342,1,1,0.358,5450.92,1507.66,11903.45,48,39,0,mortgage,education,0
27,59216.2,3.5,24852.63,0.42,5,1,0.683,5784.45,2496.9,20601.17,60,9,0,mortgage,education,0
29,75619.88,5.5,22475.53,0.297,10,0,0.391,8929.68,2526.74,4473.26,48,7,0,own,business,0
39,65796.85,7.4,6532.25,0.099,11,1,0.765,6937.9,0.0,4347.66,12,18,0,rent,debt_consolidation,1
65,36854.1,7.9,18739.3,0.508,5,2,0.365,3971.67,2403.36,14973.31,48,40,0,mortgage,home_improvement,1
50,41681.45,9.2,3326.61,0.08,6,0,0.138,2073.37,4402.57,8376.65,48,31,0,mortgage,home_improvement,1
62,66497.91,7.0,35501.43,0.534,6,0,0.5,6858.1,2851.41,4582.19,48,38,0,mortgage,debt_consolidation,1
31,106614.68,0.1,27134.81,0.255,5,1,0.423,15723.84,487.07,12132.25,24,7,0,rent,car,0
62,55096.74,5.3,28744.53,0.522,7,0,0.166,10475.25,6412.43,7789.6,12,41,0,mortgage,car,1
22,76531.84,10.0,38630.55,0.505,3,0,0.099,12792.76,10316.82,7641.02,12,0,0,rent,medical,0
30,65992.96,3.7,15529.57,0.235,6,0,0.128,8643.25,2946.12,17627.8,48,6,0,rent,home_improvement,1
45,45810.17,10.4,20340.33,0.444,7,1,0.367,4419.46,905.8,10184.06,60,27,0,mortgage,car,1
21,76837.76,7.2,5192.65,0.068,6,1,0.395,4651.06,4566.04,10375.07,36,2,0,mortgage,business,1
62,32405.02,5.9,2069.03,0.064,11,1,0.46,3486.95,2615.4,12072.13,60,42,0,rent,debt_consolidation,1
63,74885.32,13.0,15625.35,0.209,8,0,0.146,16749.92,3309.35,7566.39,12,38,0,mortgage,medical,1
46,67363.35,0.0,23118.17,0.343,8,0,0.459,4596.06,0.0,11951.53,60,25,0,rent,business,1
34,47219.01,3.6,1177.65,0.025,9,0,0.091,12199.17,5416.01,18133.68,24,12,0,mortgage,car,1
24,39800.13,13.2,11663.14,0.293,6,2,0.255,4412.28,3135.3,7660.55,24,2,0,rent,car,1
50,48585.07,16.2,26094.7,0.537,3,1,0.457,9548.17,7001.54,9605.94,24,26,0,rent,business,1
46,44686.28,18.4,21224.92,0.475,6,1,0.54,2374.52,3073.66,4646.27,24,23,0,own,home_improvement,0
57,52152.85,7.3,7468.78,0.143,11,0,0.113,2506.83,7316.1,5211.87,12,35,0,mortgage,medical,1
49,50233.27,9.3,15063.78,0.3,10,0,0.399,1321.72,2780.18,6929.15,36,28,0,rent,debt_consolidation,1
25,47210.84,11.1,5233.16,0.111,4,1,0.277,10482.58,1720.96,7236.55,12,3,0,rent,debt_consolidation,0
25,32005.72,13.4,5105.81,0.16,5,2,0.226,3536.79,1333.21,2717.08,12,5,0,mortgage,car,0
58,38013.54,8.6,19356.13,0.509,3,0,0.201,5555.81,6001.57,18778.64,60,37,0,mortgage,medical,1
27,81071.31,11.6,44493.75,0.549,0,0,0.466,7387.24,4644.33,12383.26,12,5,0,rent,debt_consolidation,0
66,47660.18,9.3,7080.27,0.149,3,1,0.324,4631.38,6946.29,9049.81,36,47,0,mortgage,education,1
24,52484.44,9.6,6948.73,0.132,1,0,0.481,1182.71,2288.15,4485.77,36,3,0,mortgage,medical,1
56,49344.43,2.4,11025.79,0.223,4,0,0.46,5524.55,0.0,9435.71,36,34,0,mortgage,medical,1
68,91077.18,5.4,23343.44,0.256,0,0,0.506,14359.23,9254.7,6554.19,36,43,0,rent,business,1
41,44344.27,4.4,2984.45,0.067,3,1,0.352,455.07,1534.16,10858.97,60,16,0,rent,car,1
21,43329.34,1.1,4258.65,0.098,8,1,0.43,2648.65,3546.5,3644.07,24,2,0,own,home_improvement,1
63,67872.61,0.0,16639.54,0.245,10,0,0.489,2962.7,5206.99,15505.76,24,45,0,own,business,1
28,60751.32,4.9,8795.14,0.145,10,0,0.451,7850.96,4615.74,1544.65,12,4,0,own,home_improvement,0
45,68517.31,5.7,32053.45,0.468,6,1,0.541,8514.6,10215.61,7178.78,24,25,0,rent,debt_consolidation,1
69,67047.23,7.5,28047.17,0.418,6,0,0.327,9757.59,5315.56,14886.15,60,50,0,own,education,1
56,77531.64,9.8,23589.73,0.304,11,0,0.409,7152.54,5632.31,26668.89,24,38,0,mortgage,medical,1
21,36549.02,7.9,9111.44,0.249,6,0,0.026,506.69,1788.28,4458.71,12,3,0,rent,debt_consolidation,1
60,65676.26,5.7,30238.89,0.46,1,0,0.204,7029.43,6144.8,7117.03,12,37,0,rent,medical,0
27,43418.78,2.4,4688.25,0.108,11,0,0.19,1031.74,3862.85,3681.18,60,7,0,mortgage,business,1
57,29202.23,11.4,14318.31,0.49,7,1,0.489,3579.68,1360.65,5276.06,12,37,0,own,car,1
50,66891.75,6.5,3077.76,0.046,7,0,0.449,1647.47,7610.65,8818.07,24,28,0,own,education,1
33,65582.32,4.8,33407.57,0.509,1,0,0.61,2337.17,3701.14,3201.4,60,8,0,own,education,1
40,56711.4,6.1,5306.45,0.094,5,0,0.484,10371.4,5425.84,17278.39,60,22,0,own,business,1
25,78006.74,3.3,35135.21,0.45,5,0,0.405,6101.78,28.04,5963.87,36,6,0,rent,debt_consolidation,0
69,43531.31,4.3,1286.95,0.03,9,0,0.433,3500.43,4890.58,10703.85,24,50,0,own,debt_consolidation,1
31,70577.45,4.2,31900.4,0.452,4,1,0.366,2447.08,2171.23,18118.34,36,10,0,rent,home_improvement,0
34,54026.12,5.6,17804.71,0.33,4,0,0.228,9174.02,5426.25,3520.85,60,11,0,rent,education,1
44,55393.28,10.3,1666.68,0.03,8,0,0.116,6181.02,7240.44,11331.77,24,19,0,mortgage,business,1
53,30420.54,9.0,13090.91,0.43,0,0,0.376,3212.71,2651.69,12698.68,48,30,0,rent,home_improvement,1
44,78284.42,14.7,5779.38,0.074,8,1,0.671,2335.89,9730.49,3401.36,36,25,0,mortgage,debt_consolidation,0
44,64728.29,13.1,19816.56,0.306,0,0,0.519,5944.95,825.03,3962.12,48,21,0,mortgage,education,0
48,69655.05,16.8,13649.75,0.196,2,0,0.438,26858.39,4355.61,8928.48,48,30,0,own,car,0
62,41634.86,9.8,17584.86,0.422,5,0,0.733,1974.09,1427.15,17136.3,36,39,0,rent,education,0
39,62217.72,9.7,29379.67,0.472,2,2,0.448,11150.91,2092.16,13625.85,36,16,0,rent,debt_consolidation,1
61,53988.69,4.6,14364.59,0.266,0,0,0.335,437.9,0.0,4934.78,60,42,0,own,education,1
59,65868.77,11.1,27777.41,0.422,5,0,0.594,9410.29,4656.46,12317.58,24,41,0,rent,education,1
68,61266.31,3.7,30989.18,0.506,8,0,0.323,7062.03,6966.1,4141.17,48,49,0,mortgage,medical,1
65,97421.71,0.0,37534.28,0.385,2,0,0.218,7029.27,12662.82,17643.07,24,44,0,rent,business,1
59,86377.52,14.6,16468.3,0.191,3,0,0.318,9565.87,1195.32,5456.51,48,38,0,own,medical,1
31,51978.4,0.8,13803.15,0.266,8,0,0.201,5862.63,2218.4,5881.25,24,11,0,mortgage,education,1
58,66865.06,9.2,9488.07,0.142,11,0,0.501,7497.88,1981.23,2856.72,36,33,0,mortgage,debt_consolidation,1
56,50574.76,2.6,13298.96,0.263,6,0,0.127,3145.65,1325.62,4427.0,36,35,0,mortgage,debt_consolidation,1
33,77282.03,12.6,11617.19,0.15,6,0,0.502,4353.05,4005.95,8576.23,12,13,0,mortgage,medical,1
53,54732.72,13.3,24511.63,0.448,9,1,0.535,2324.75,3702.77,5478.26,12,35,0,mortgage,home_improvement,1
31,48337.43,9.6,16592.12,0.343,0,1,0.479,960.77,2521.31,2741.06,24,9,0,mortgage,business,1
45,61930.37,13.2,22023.7,0.356,11,0,0.603,4931.47,0.0,5455.93,12,20,0,own,home_improvement,1
59,84003.54,7.0,6589.2,0.078,5,0,0.495,13689.85,9670.43,22927.64,24,36,0,own,medical,1
28,79352.28,18.2,1648.46,0.021,4,0,0.143,4296.19,5996.43,17497.94,36,10,0,rent,medical,1
36,49231.22,10.7,21576.51,0.438,7,2,0.66,1469.87,4250.91,10170.02,24,18,0,mortgage,medical,0
59,94292.47,2.5,28987.62,0.307,10,0,0.307,4095.78,8413.47,9717.47,60,34,0,rent,debt_consolidation,1
42,42411.47,7.3,21787.76,0.514,11,0,0.646,3813.12,4134.67,16898.84,36,23,0,mortgage,home_improvement,0
67,46473.42,6.2,14162.16,0.305,9,1,0.416,4172.99,3454.9,10374.85,24,43,0,rent,education,1
19,76155.44,5.7,10188.05,0.134,5,1,0.771,3004.63,1904.16,8556.21,12,1,0,rent,medical,0
55,29260.2,0.0,11417.11,0.39,1,1,0.473,2365.8,4167.56,11339.38,12,31,1,rent,debt_consolidation,0
60,57523.19,8.9,22521.54,0.392,2,2,0.363,4073.81,5671.2,4907.74,60,42,1,rent,home_improvement,1
65,51906.48,0.1,2840.96,0.055,10,0,0.166,6334.86,1130.59,8663.3,48,42,0,rent,debt_consolidation,1
26,96284.72,0.0,37323.32,0.388,1,0,0.141,20179.39,2165.98,9525.91,60,2,0,mortgage,debt_consolidation,1
69,40019.82,5.3,5308.23,0.133,5,1,0.703,2107.39,6649.81,7198.37,12,44,0,rent,home_improvement,1
39,41392.99,3.2,6411.61,0.155,4,0,0.466,1906.63,2423.34,8914.64,24,20,0,mortgage,medical,1
36,101081.71,2.7,3704.62,0.037,8,1,0.307,8990.49,3314.45,6340.86,24,12,0,own,car,1
37,52101.36,0.0,18366.11,0.353,4,2,0.262,5348.7,2091.76,4115.93,12,18,0,mortgage,home_improvement,0
51,82851.91,2.7,33788.38,0.408,8,1,0.742,10502.39,7391.79,5717.05,36,30,1,rent,education,0
52,49412.83,6.1,7024.56,0.142,6,1,0.562,818.97,2119.22,9131.51,60,31,0,own,car,1
43,45873.34,3.8,20186.36,0.44,10,0,0.595,13396.68,3364.09,8516.59,48,19,0,rent,medical,1
22,84293.67,8.9,35730.11,0.424,2,0,0.15,5477.39,15352.65,9155.98,24,3,0,mortgage,medical,1
69,110030.48,14.0,26096.6,0.237,9,0,0.17,5329.33,0.0,6948.03,48,44,1,rent,business,1
30,86568.3,9.6,4861.62,0.056,8,1,0.084,2584.57,4014.02,2346.73,24,10,0,mortgage,medical,1
23,48401.61,12.1,8155.59,0.168,9,3,0.584,2657.27,3375.16,10753.79,36,0,0,rent,debt_consolidation,0
49,56698.11,12.5,6105.11,0.108,5,0,0.638,1097.93,0.0,7798.68,48,25,0,rent,education,1
40,41970.94,1.9,22167.95,0.528,3,1,0.481,7472.63,3883.14,10802.84,60,17,0,rent,home_improvement,1
50,44183.64,9.2,20033.06,0.453,6,2,0.266,3186.11,4923.43,8762.68,48,29,0,rent,debt_consolidation,0
63,43481.98,12.0,2675.86,0.062,11,1,0.628,2016.32,0.0,5735.41,24,38,0,rent,car,1
23,49793.5,4.8,14546.36,0.292,2,1,0.177,7727.3,3116.9,8134.13,24,0,0,mortgage,business,0
33,59671.19,3.0,9633.9,0.161,7,0,0.341,4077.03,4524.4,24566.76,36,11,0,mortgage,business,0
45,26923.16,9.7,996.76,0.037,2,3,0.583,1241.66,2568.54,14362.51,60,26,0,mortgage,education,0
59,57455.71,0.0,10963.68,0.191,9,0,0.56,13564.95,11497.7,9652.79,24,40,0,own,education,1
49,72392.2,1.6,6343.02,0.088,5,3,0.278,4104.12,2142.93,29832.86,36,27,0,mortgage,medical,1
38,60701.4,3.7,8379.71,0.138,10,1,0.122,636.35,5677.78,5175.6,48,19,0,own,medical,1
50,70053.18,9.3,13524.92,0.193,1,1,0.454,5645.52,4223.69,6917.3,36,29,0,mortgage,car,1
68,73794.64,8.1,17468.07,0.237,1,1,0.423,5379.62,3819.49,8532.31,36,45,0,rent,home_improvement,1
43,48676.05,12.2,13058.54,0.268,11,1,0.327,2308.52,3284.53,4330.98,24,18,0,own,business,1
64,54368.71,2.4,16077.08,0.296,4,0,0.177,2253.86,4741.21,21622.55,60,44,1,rent,medical,1
58,151000.68,2.1,32631.31,0.216,1,0,0.303,12958.62,10139.41,22784.59,60,34,0,own,car,1
34,47397.14,9.6,13466.73,0.284,10,2,0.365,2730.91,3812.41,12044.34,60,16,0,mortgage,education,1
31,71403.07,3.0,17241.34,0.241,4,0,0.407,4630.85,4473.22,2100.26,12,12,0,rent,car,1
58,37312.43,4.0,19818.59,0.531,11,0,0.722,3710.44,739.41,3006.64,24,40,0,rent,car,1
29,74520.46,0.0,4161.94,0.056,5,3,0.47,4622.01,8043.99,9947.3,24,8,0,own,car,1
36,44943.91,8.5,14856.4,0.331,9,1,0.082,2244.26,5303.57,17560.8,12,17,0,rent,education,1
31,58132.56,14.7,7128.97,0.123,6,1,0.505,7455.72,6727.67,6293.97,36,7,0,rent,business,1
49,35417.48,1.9,7755.79,0.219,5,0,0.455,2036.31,3555.37,10547.6,36,25,0,mortgage,debt_consolidation,0
34,56220.64,12.1,17407.42,0.31,5,0,0.115,2664.21,1567.01,16371.19,48,10,0,rent,debt_consolidation,1
52,56599.28,6.7,23924.46,0.423,3,1,0.359,1369.29,1074.94,4949.81,24,34,0,mortgage,debt_consolidation,1
66,53706.32,0.0,28904.61,0.538,8,1,0.202,2046.53,6040.01,15535.2,36,48,0,own,car,0
61,66082.01,2.5,18609.98,0.282,6,1,0.478,1872.25,426.75,6942.21,24,37,0,own,debt_consolidation,1
67,81766.85,2.2,12771.89,0.156,0,0,0.528,1839.07,2648.98,7462.1,12,43,0,mortgage,medical,1
20,41332.49,5.4,18167.07,0.44,4,1,0.184,1733.07,7190.74,9611.51,36,2,0,mortgage,medical,0
42,54134.07,9.1,7439.83,0.137,4,1,0.705,5499.89,4983.58,4134.87,24,20,0,rent,car,1
30,36178.43,16.2,10461.19,0.289,10,1,0.372,2831.69,2700.31,10968.49,60,12,0,own,home_improvement,0
65,31207.46,0.0,14628.72,0.469,5,1,0.33,1906.14,0.0,5445.01,36,47,1,rent,education,0
55,60443.47,4.6,14144.57,0.234,6,1,0.14,6671.95,2001.24,4554.33,48,31,0,mortgage,education,1
35,40344.85,2.5,12716.62,0.315,0,0,0.217,2044.49,4376.15,6658.22,24,13,0,mortgage,medical,1
47,57278.03,0.7,4774.78,0.083,4,0,0.25,5527.33,0.0,3844.85,36,23,0,rent,medical,1
49,61246.23,7.5,3041.67,0.05,3,0,0.008,7643.72,5316.21,4252.76,24,24,0,rent,car,1
44,32777.58,7.0,17789.37,0.543,5,0,0.514,353.99,0.0,12924.67,48,22,0,mortgage,education,0
43,64320.76,0.0,7384.97,0.115,10,1,0.117,4989.69,2281.64,10456.22,60,25,0,rent,medical,1
21,80387.85,7.1,15904.01,0.198,11,0,0.192,8538.66,0.0,7486.63,24,2,0,own,medical,1
42,69181.47,1.0,19888.5,0.287,3,0,0.614,6991.21,4941.08,4493.34,36,18,0,rent,education,1
36,41641.33,7.1,9097.38,0.218,7,0,0.564,3366.37,0.0,11594.53,36,18,0,rent,home_improvement,1
60,56087.8,13.3,4015.31,0.072,11,1,0.044,2968.44,3504.22,15224.22,24,37,0,rent,home_improvement,1
63,58137.87,9.3,7230.29,0.124,2,1,0.547,3894.21,5732.68,30573.53,12,42,1,own,car,1
57,54469.06,7.9,15334.53,0.282,5,0,0.17,10129.01,4175.58,15996.43,48,34,0,own,business,1
20,36746.59,4.4,9280.9,0.253,6,0,0.501,517.69,3303.8,6326.08,12,0,0,rent,medical,1
61,43700.48,7.3,19361.18,0.443,0,0,0.201,1913.27,3406.82,4025.68,12,40,1,mortgage,debt_consolidation,0
39,52902.25,9.8,9800.02,0.185,5,1,0.227,4128.61,3286.36,7809.14,12,17,0,rent,debt_consolidation,1
40,60960.79,9.3,31600.06,0.518,1,0,0.355,1402.25,3855.42,15188.66,36,19,0,rent,business,1
67,47300.01,6.5,8035.77,0.17,3,1,0.349,3007.67,3846.37,6309.43,48,43,0,rent,home_improvement,1
63,25294.95,8.1,4947.4,0.196,1,1,0.233,3275.29,305.46,2624.1,60,39,0,mortgage,car,1
21,30190.91,0.4,15793.95,0.523,8,3,0.468,3478.65,1414.99,10593.53,60,0,0,own,car,0
37,48228.08,3.3,22448.06,0.465,10,0,0.369,3713.55,8120.08,6587.32,60,18,0,mortgage,car,1
57,97368.55,10.5,18304.61,0.188,3,0,0.614,8567.86,8851.11,4422.62,48,32,0,rent,business,1
46,64467.89,11.2,14795.44,0.23,0,1,0.567,339.87,8324.36,16266.59,36,23,0,rent,home_improvement,0
32,60384.61,7.5,28163.26,0.466,5,0,0.057,1823.84,5053.29,4630.83,12,8,0,own,medical,1
45,43491.57,14.4,2854.24,0.066,1,0,0.581,2077.8,1307.84,6185.94,36,26,0,mortgage,debt_consolidation,1
63,48940.44,9.5,8622.25,0.176,5,1,0.026,2923.85,2517.27,5619.37,48,44,1,rent,business,1
30,29556.71,5.8,8917.99,0.302,6,1,0.435,3948.31,0.0,2729.68,48,6,0,rent,medical,1
57,42568.24,0.9,19552.41,0.459,5,2,0.729,10410.51,5763.22,7354.23,24,38,0,rent,debt_consolidation,1
56,63385.56,14.2,20235.64,0.319,6,0,0.986,4191.63,7063.6,2495.92,24,32,0,rent,medical,1
64,60533.42,10.9,16924.1,0.28,6,0,0.327,3879.39,1504.0,3903.78,60,44,0,own,education,1
34,45881.03,16.0,24313.38,0.53,1,0,0.281,3508.13,4811.99,4414.04,60,9,0,mortgage,debt_consolidation,0
30,54453.31,17.8,4448.7,0.082,8,0,0.713,2226.0,5466.87,3218.61,48,10,0,mortgage,education,1
46,57468.57,0.6,24908.89,0.433,8,0,0.081,11593.16,4053.17,10136.83,24,25,0,own,car,1
46,46660.2,0.6,4074.76,0.087,1,1,0.423,1715.91,4221.55,8818.15,24,27,0,mortgage,home_improvement,1
39,65709.79,0.0,26835.78,0.408,5,1,0.522,2508.66,6253.5,10806.39,36,19,0,own,business,0
58,60168.19,11.6,18522.03,0.308,3,2,0.661,3009.51,5168.13,2839.26,36,34,0,mortgage,car,1
59,49513.89,10.3,7935.22,0.16,4,0,0.539,10962.16,3675.12,13546.53,48,34,0,rent,business,1
31,37493.71,7.5,11546.89,0.308,9,2,0.403,3956.19,2660.35,13889.24,48,11,0,rent,car,0
59,48370.17,0.9,23512.28,0.486,7,0,0.446,3668.31,1852.67,14782.15,12,36,0,own,business,1
30,47342.36,6.6,12794.62,0.27,10,2,0.408,2892.68,5306.35,8202.7,60,8,1,rent,medical,0
39,45849.23,7.9,1076.84,0.023,6,0,0.475,3301.45,7598.98,7846.65,36,20,0,mortgage,medical,1
20,33180.86,10.9,1659.08,0.05,0,2,0.502,1021.49,354.02,10766.01,24,0,0,rent,home_improvement,1
36,87844.55,8.4,31210.96,0.355,8,1,0.233,819.75,6007.32,15886.18,36,17,0,rent,business,1
67,86311.7,10.3,32738.35,0.379,0,0,0.157,12283.87,2933.73,7782.5,48,47,0,own,home_improvement,1
41,53819.8,6.4,12536.82,0.233,4,1,0.564,1373.29,5069.18,6872.46,24,22,0,rent,medical,0
55,60865.77,12.9,9049.13,0.149,11,1,0.4,11928.03,5355.7,9232.86,48,33,0,rent,medical,0
24,65328.06,10.2,26096.09,0.399,11,0,0.523,7053.34,4795.18,7834.75,48,0,0,mortgage,car,1
51,54096.04,1.1,9802.5,0.181,1,0,0.413,3578.13,2006.73,2351.36,24,29,1,own,debt_consolidation,1
37,62287.66,13.9,3689.06,0.059,11,0,0.41,6308.27,2679.48,7082.5,36,17,0,rent,education,1
56,68411.66,13.1,16219.96,0.237,11,0,0.237,5715.05,1958.95,8365.59,24,31,0,rent,debt_consolidation,1
66,59435.04,9.3,18171.88,0.306,10,1,0.244,4337.76,0.0,10051.25,48,41,0,rent,medical,1
46,72442.41,8.4,38523.66,0.532,9,0,0.749,5627.03,9281.61,10248.76,24,21,0,mortgage,home_improvement,1
24,45363.37,15.3,15145.81,0.334,0,0,0.545,6516.53,4540.85,8905.71,24,2,0,mortgage,debt_consolidation,1
43,56069.18,0.0,7311.96,0.13,1,0,0.702,5783.12,7355.21,12389.86,12,18,0,mortgage,medical,0
25,129875.62,13.2,59880.79,0.461,7,0,0.232,8984.07,6393.24,20924.65,24,7,0,rent,home_improvement,1
41,78146.67,4.6,13635.46,0.174,1,0,0.218,9914.67,7124.53,7629.45,24,22,0,rent,home_improvement,1
22,59877.98,12.5,31640.57,0.528,3,0,0.351,12690.62,1454.1,10173.3,24,0,0,own,education,1
51,41364.97,7.6,7959.26,0.192,11,2,0.274,2824.4,1579.56,17000.8,12,26,0,mortgage,business,1
34,57000.62,0.8,28616.85,0.502,10,3,0.377,2503.51,9640.84,7557.7,48,9,1,rent,home_improvement,0
29,76339.28,4.5,37089.1,0.486,3,0,0.706,10180.76,3664.94,8548.34,24,5,0,rent,medical,0
19,70963.6,12.1,33914.65,0.478,6,1,0.272,4897.76,8092.24,2264.24,24,0,0,rent,car,1
64,30895.88,5.9,1262.84,0.041,6,2,0.349,5015.28,2447.72,6851.91,24,42,0,mortgage,car,1
61,33543.24,3.9,15779.78,0.47,3,0,0.549,1025.9,0.0,9483.55,60,43,0,rent,car,1
60,33995.22,3.9,13675.9,0.402,2,1,0.528,1831.43,2037.63,9117.38,36,38,0,rent,medical,1
21,65675.26,10.2,12949.72,0.197,5,1,0.729,16898.71,5618.94,7910.03,60,0,0,rent,medical,1
36,34129.72,15.8,9547.86,0.28,7,0,0.512,1775.31,3486.46,6319.78,36,18,0,rent,debt_consolidation,1
68,40808.72,0.0,14656.65,0.359,9,0,0.274,6769.82,0.0,9368.95,48,44,0,rent,home_improvement,1
48,53465.07,21.0,27805.82,0.52,10,0,0.383,2278.1,983.69,15470.72,24,24,0,mortgage,education,1
25,80687.28,8.0,34973.48,0.433,0,0,0.252,10212.87,6631.74,6494.68,36,4,0,rent,medical,1
26,66720.64,9.9,16487.03,0.247,7,1,0.405,2400.12,1309.35,4087.88,12,7,0,rent,business,1
32,51407.14,4.8,18613.14,0.362,7,1,0.386,6975.99,6560.22,14884.81,24,12,0,rent,medical,0
68,73144.51,7.0,8668.47,0.119,0,0,0.224,4560.55,4648.67,9746.34,36,46,0,own,education,1
27,107649.62,8.0,26340.73,0.245,10,0,0.308,5754.72,9795.46,3750.01,24,9,0,own,home_improvement,1
65,57166.92,1.8,25118.55,0.439,7,0,0.18,3633.04,7515.06,11527.08,60,42,0,rent,business,1
53,36833.05,3.0,12578.21,0.341,8,0,0.386,2888.37,218.65,12495.02,36,31,0,mortgage,business,1
66,41248.86,12.9,17948.29,0.435,7,1,0.695,3684.62,3703.64,3395.28,48,42,0,rent,home_improvement,1
61,41128.99,0.0,11935.75,0.29,4,0,0.403,1141.66,3019.01,10822.96,12,37,0,own,medical,1
35,43997.43,9.2,9744.37,0.221,2,1,0.613,4249.76,3296.47,13791.13,36,11,0,rent,business,0
61,50253.95,5.1,20782.34,0.414,4,0,0.643,1100.74,2788.09,4733.71,12,38,0,mortgage,car,1
27,61549.75,2.2,4289.41,0.07,9,1,0.355,9211.79,4593.46,6322.09,24,4,0,own,debt_consolidation,1
33,35152.71,16.9,18935.42,0.539,7,1,0.363,3574.04,0.0,787.98,12,13,0,mortgage,home_improvement,1
29,37085.7,2.2,19382.4,0.523,7,1,0.351,3765.38,4779.42,14927.86,36,9,0,own,car,0
25,68206.53,1.3,33188.98,0.487,1,0,0.122,9183.54,0.0,13282.12,48,2,0,mortgage,debt_consolidation,0
23,47412.55,6.1,23168.97,0.489,0,0,0.227,4939.23,7367.57,7168.41,48,0,0,rent,medical,0
28,42469.3,3.2,12352.61,0.291,8,1,0.507,9265.02,815.28,10954.6,60,6,0,rent,business,0
25,52075.06,7.0,14784.69,0.284,11,0,0.215,1898.09,886.7,6435.16,24,5,0,mortgage,car,1
38,85557.33,7.8,38898.09,0.455,4,0,0.379,2284.12,7436.82,15135.48,48,17,0,rent,home_improvement,1
22,71358.11,8.2,12139.87,0.17,5,0,0.46,15921.35,5725.61,3546.03,60,0,0,rent,debt_consolidation,0
22,69697.08,6.4,32789.29,0.47,11,0,0.506,7279.92,6217.3,3379.71,36,0,0,own,home_improvement,1
69,96006.79,3.5,12141.64,0.126,2,0,0.563,10823.86,8137.45,9430.74,12,49,0,own,medical,1
23,62515.48,10.2,30377.95,0.486,6,2,0.374,2098.37,3728.39,8476.16,48,2,0,rent,home_improvement,0
22,99206.72,6.4,30434.16,0.307,1,1,0.53,10767.54,4790.29,30870.84,24,1,0,mortgage,education,0
20,102126.03,4.5,47682.83,0.467,3,0,0.179,7353.73,9781.69,10442.19,12,2,0,rent,debt_consolidation,1
25,35481.52,14.4,9983.28,0.281,4,4,0.158,4442.58,1138.4,4222.52,60,4,0,rent,business,1
45,32602.83,6.4,11165.46,0.342,8,1,0.278,2659.52,2367.96,6023.09,36,23,0,own,medical,0
61,40295.76,12.5,20599.06,0.511,3,0,0.508,2892.38,0.0,5197.68,60,38,0,mortgage,business,0
56,82545.29,13.1,19947.28,0.242,5,0,0.494,6792.39,6551.4,4858.45,24,33,0,mortgage,home_improvement,1
48,52416.9,13.4,7168.1,0.137,3,1,0.289,2524.23,3752.49,9549.96,12,25,0,rent,home_improvement,1
23,50332.43,10.5,3433.66,0.068,1,0,0.486,2872.81,3252.42,7165.83,36,0,0,own,medical,0
58,73820.56,7.0,24559.28,0.333,9,0,0.477,12644.99,11218.96,6291.68,24,39,0,mortgage,debt_consolidation,1
20,46653.74,6.7,16043.06,0.344,8,1,0.564,5149.39,6597.3,17808.23,48,2,0,own,business,0
51,59855.37,5.8,20887.95,0.349,7,1,0.179,4094.54,6727.05,8811.85,48,31,0,rent,debt_consolidation,1
39,68195.45,0.0,2707.23,0.04,6,1,0.167,7483.93,7589.49,960.82,60,17,0,mortgage,debt_consolidation,1
63,41421.76,10.6,1430.3,0.035,1,0,0.206,4073.78,2980.32,14531.23,36,40,0,rent,home_improvement,1
34,38521.21,8.2,19051.48,0.495,6,2,0.166,2245.09,3160.15,25754.1,48,14,0,rent,car,1
51,57061.92,11.1,22175.18,0.389,8,0,0.292,2749.61,5038.61,4365.96,60,33,0,rent,business,1
41,59450.75,6.4,4759.52,0.08,5,0,0.147,3379.12,5754.38,15788.49,60,23,0,rent,home_improvement,1
45,71861.08,10.3,4279.87,0.06,8,4,0.615,11075.18,5047.27,3787.5,48,20,0,own,car,1
66,39985.35,0.1,4229.82,0.106,3,0,0.352,2723.35,3749.45,2349.46,48,44,0,own,car,1
55,44420.21,1.2,19885.47,0.448,6,0,0.659,7478.53,3104.8,4285.67,48,30,0,own,education,1
40,101748.68,0.0,41028.69,0.403,4,0,0.27,5398.41,8928.16,7500.17,60,21,0,mortgage,home_improvement,1
41,77533.8,6.3,27794.8,0.358,11,0,0.701,3384.81,8726.26,11727.91,48,23,0,mortgage,debt_consolidation,0
54,53997.14,3.1,19418.4,0.36,2,0,0.609,3832.19,1828.37,5112.03,48,31,0,rent,medical,0
36,81839.84,2.5,38890.55,0.475,3,0,0.14,7681.16,5997.49,5392.58,60,12,0,rent,car,1
27,40031.75,8.7,7875.57,0.197,8,1,0.552,3298.69,2820.71,7969.05,48,6,0,mortgage,medical,0
42,51982.53,4.9,9917.33,0.191,0,2,0.689,5326.77,818.99,7017.99,36,24,0,rent,car,1
22,21978.73,0.0,5395.26,0.245,6,0,0.847,2301.21,2993.98,19050.04,36,0,0,mortgage,home_improvement,0
27,59284.34,19.7,32282.0,0.545,0,0,0.172,7200.1,1505.17,10054.33,12,7,0,own,business,1
40,50086.6,6.8,15732.02,0.314,6,2,0.166,1727.7,6926.84,7337.72,36,21,0,rent,home_improvement,1
59,50653.07,1.6,15695.24,0.31,3,2,0.42,2508.5,0.0,16174.13,48,39,0,mortgage,home_improvement,0
58,70626.32,3.7,31717.2,0.449,2,1,0.541,6074.83,0.0,15583.83,24,40,0,rent,debt_consolidation,0
32,77912.36,6.1,8911.16,0.114,5,0,0.565,4556.05,3884.83,7266.59,36,8,0,rent,debt_consolidation,1
40,48392.97,6.1,11365.7,0.235,3,1,0.113,3461.44,4188.73,15998.11,36,19,0,mortgage,medical,1
26,36060.58,13.5,12979.0,0.36,0,2,0.134,2818.9,3111.25,13515.27,60,7,0,rent,debt_consolidation,0
57,33849.98,6.6,18402.51,0.544,6,1,0.181,2218.84,4445.02,12494.17,24,33,0,mortgage,medical,1
31,28732.8,16.3,2926.98,0.102,6,0,0.076,1658.37,809.34,4337.67,36,11,0,own,home_improvement,0
59,95415.1,4.8,24767.3,0.26,7,0,0.078,3886.77,10778.91,7436.47,24,38,0,mortgage,car,1
61,70727.37,9.1,35360.74,0.5,10,2,0.263,4753.43,0.0,8710.41,12,38,0,rent,debt_consolidation,1
54,65471.67,12.1,26485.35,0.405,8,0,0.441,3651.23,1199.5,6637.26,36,32,0,rent,car,1
35,46401.52,13.0,16022.61,0.345,9,2,0.357,6032.27,2482.69,8070.65,48,17,0,rent,business,0
67,46317.2,13.6,7237.87,0.156,7,0,0.266,5226.8,539.62,9747.63,36,46,0,rent,business,1
53,78803.97,5.6,9395.14,0.119,8,0,0.074,2675.46,7409.33,2367.41,60,33,0,rent,home_improvement,1
51,32646.93,7.0,7127.89,0.218,9,0,0.624,6556.86,1113.8,8094.78,48,26,1,rent,business,0
62,49058.62,0.0,7614.25,0.155,7,1,0.64,2808.39,5731.03,15485.17,12,37,0,rent,medical,1
63,82772.07,6.0,37122.63,0.448,6,1,0.209,2156.79,9112.88,16522.5,36,41,0,mortgage,home_improvement,0
22,49030.84,12.5,19709.07,0.402,8,1,0.62,2554.63,1613.52,2422.0,12,0,0,mortgage,debt_consolidation,0
63,69491.1,11.5,32150.4,0.463,11,1,0.715,1570.93,3409.04,16725.72,12,41,0,rent,car,0
58,54701.52,6.6,6054.02,0.111,5,0,0.554,1394.31,3402.41,4085.84,24,35,0,mortgage,car,1
29,23492.45,15.5,4329.28,0.184,2,1,0.417,8257.37,3157.04,12005.73,48,9,1,rent,car,0
34,53948.41,5.1,23053.9,0.427,4,1,0.493,6803.38,1054.36,9556.01,12,13,0,rent,home_improvement,1
57,57437.97,3.4,6127.52,0.107,0,0,0.17,1801.02,0.0,22333.74,60,38,0,mortgage,business,1
30,52593.65,4.7,5110.56,0.097,3,1,0.234,941.48,2392.55,3202.69,36,7,0,rent,home_improvement,1
42,37962.03,1.4,8466.34,0.223,10,2,0.223,2702.21,785.35,32038.5,24,18,0,mortgage,education,1
54,52784.29,10.1,6271.38,0.119,1,1,0.772,815.91,0.0,12695.47,12,33,0,mortgage,home_improvement,1
52,29245.54,8.4,1807.91,0.062,10,1,0.211,2013.13,1895.82,10120.67,24,32,0,rent,education,1
65,48867.35,10.0,9078.11,0.186,6,2,0.839,4822.13,390.89,5089.99,60,47,0,own,medical,0
24,71390.16,4.9,34557.67,0.484,3,0,0.714,7413.12,5965.24,5075.81,36,4,0,rent,home_improvement,0
34,93479.35,6.7,4670.46,0.05,5,0,0.621,2906.34,610.1,15991.44,12,12,0,own,education,1
69,87807.73,0.0,28101.61,0.32,10,1,0.7,7828.41,18819.82,10015.16,60,44,0,mortgage,business,1
48,39707.58,8.9,12642.58,0.318,1,1,0.503,5966.47,4750.12,2464.69,12,25,0,rent,medical,1
31,34291.24,7.5,10333.51,0.301,6,0,0.222,2015.05,1029.33,7685.11,36,9,0,rent,debt_consolidation,0
33,59290.22,1.5,17070.82,0.288,3,0,0.1,1767.48,1666.39,16979.0,24,11,0,mortgage,debt_consolidation,0
36,56210.69,6.5,1637.72,0.029,6,1,0.266,3183.37,3213.23,2993.79,36,16,0,mortgage,home_improvement,1
47,67739.72,5.7,3058.39,0.045,9,2,0.148,2329.19,7009.11,11819.63,36,25,0,own,home_improvement,1
33,45170.58,15.8,13141.91,0.291,11,0,0.702,18874.55,1999.91,11076.14,36,8,0,mortgage,business,0
50,56777.87,1.7,30274.18,0.533,3,0,0.313,7587.13,487.42,14903.32,60,25,0,rent,home_improvement,1
41,55775.01,8.7,13175.57,0.236,7,0,0.264,6418.64,0.0,8616.0,12,21,0,rent,medical,1
50,49409.13,1.5,13356.93,0.27,5,0,0.277,893.46,3247.61,5272.33,48,32,0,own,car,1
26,31971.81,4.2,17280.56,0.54,6,1,0.681,1969.65,973.12,14437.42,48,6,1,own,home_improvement,0
50,71028.83,8.4,30750.52,0.433,1,1,0.049,3853.08,5740.87,8358.26,60,29,0,own,business,1
66,59425.6,5.9,25443.56,0.428,10,0,0.467,2726.92,0.0,4917.19,60,41,0,mortgage,debt_consolidation,1
25,72733.27,7.0,20911.53,0.288,2,0,0.512,11889.52,6567.27,9269.47,24,6,0,rent,business,1
35,78780.51,8.7,39066.76,0.496,0,0,0.132,23809.63,3987.9,17589.69,36,10,0,mortgage,car,1
54,54177.91,4.5,17771.62,0.328,9,0,0.34,2491.37,0.0,1759.28,12,33,0,own,medical,1
50,71184.19,11.4,26199.31,0.368,4,1,0.173,758.03,6034.75,7020.31,60,26,0,mortgage,education,1
53,94286.73,5.5,41241.43,0.437,0,0,0.33,4508.35,8636.19,8872.7,60,33,0,own,debt_consolidation,1
47,105392.02,6.5,24818.77,0.235,8,0,0.631,16676.29,2775.05,13126.76,60,24,0,mortgage,home_improvement,1
53,61831.86,8.8,32476.15,0.525,3,0,0.314,8262.62,6120.51,6157.96,36,35,0,mortgage,home_improvement,1
50,63457.43,8.1,34498.24,0.544,11,0,0.391,4929.91,0.0,14751.74,60,31,0,mortgage,business,1
22,61481.76,10.2,20361.72,0.331,11,1,0.052,7026.47,0.0,5820.17,36,3,0,own,medical,1
57,66923.42,8.6,9214.64,0.138,6,0,0.13,3893.22,3893.15,5711.02,12,33,0,own,home_improvement,1
41,77572.79,9.3,33410.45,0.431,5,0,0.289,3445.7,1731.54,6568.0,36,17,0,own,debt_consolidation,0
21,61048.65,5.4,11644.02,0.191,5,1,0.097,2286.0,266.8,12167.22,12,3,0,own,medical,1
39,103085.72,1.7,33592.01,0.326,7,0,0.359,7706.7,9813.62,6194.63,12,18,0,rent,business,1
41,97585.49,0.0,6436.04,0.066,10,0,0.307,4771.17,7553.65,6260.26,36,19,0,rent,home_improvement,1
23,57387.87,0.0,25705.01,0.448,7,0,0.822,1835.81,8532.28,3758.09,24,0,0,rent,medical,1
69,57272.53,15.8,30258.0,0.528,1,0,0.152,4896.46,5012.29,4880.98,12,47,0,mortgage,debt_consolidation,1
30,48212.1,0.0,3371.83,0.07,2,0,0.34,2583.04,4546.63,10067.59,24,5,0,own,medical,1
35,68158.49,13.0,27791.46,0.408,7,0,0.016,11047.93,1567.93,10262.3,36,11,0,mortgage,home_improvement,1
41,50812.44,2.9,24199.15,0.476,4,0,0.243,4960.53,0.0,7882.53,24,16,0,mortgage,education,1
61,47491.35,12.9,3706.14,0.078,5,1,0.639,11636.93,7862.79,7986.79,36,36,0,own,debt_consolidation,1
56,67647.78,0.0,10201.43,0.151,4,0,0.293,7111.54,6176.47,4479.42,24,33,0,rent,car,1
58,39032.36,5.8,8887.35,0.228,7,0,0.471,2740.99,5732.25,11860.59,24,35,0,own,business,1
31,78048.65,14.3,36174.22,0.463,2,0,0.392,11297.69,591.85,6951.35,36,9,0,rent,car,1
62,68579.31,10.6,19306.35,0.282,0,0,0.195,15495.8,8023.21,9882.39,12,38,0,own,car,1
61,95689.96,5.3,8859.99,0.093,2,0,0.286,1445.94,7761.4,15937.64,48,38,0,mortgage,medical,1
42,62207.89,0.0,9696.76,0.156,8,0,0.202,9076.13,7451.41,11560.65,24,21,0,rent,home_improvement,1
46,72215.85,0.4,19332.92,0.268,7,0,0.19,5387.09,6910.15,9390.88,60,28,0,rent,home_improvement,1
20,25825.91,13.9,1053.96,0.041,9,0,0.123,2748.02,1426.09,8211.94,24,0,0,rent,business,1
57,75487.72,5.3,26755.0,0.354,1,0,0.518,17987.77,6092.62,6071.22,12,39,0,mortgage,debt_consolidation,0
68,85279.42,6.6,2850.09,0.033,1,0,0.71,6765.73,4179.74,6060.22,36,44,0,mortgage,medical,1
43,59888.81,8.4,25983.47,0.434,1,0,0.679,1800.93,6499.34,5335.24,60,25,0,rent,car,1
46,48093.03,0.5,19667.21,0.409,6,0,0.156,991.83,1292.39,14790.95,36,23,0,own,education,1
44,62695.94,9.0,30011.49,0.479,6,0,0.524,14625.58,1977.56,4621.11,24,20,0,mortgage,medical,1
23,78016.72,4.9,8081.58,0.104,1,0,0.515,7578.11,4574.02,6464.49,60,4,0,rent,home_improvement,0
50,81659.06,8.5,27712.65,0.339,5,1,0.506,6489.93,7955.32,8443.27,36,31,0,mortgage,education,1
55,32059.79,4.1,13912.18,0.434,0,0,0.495,6905.62,2222.7,21078.0,36,32,0,mortgage,debt_consolidation,0
66,137977.58,0.0,40475.29,0.293,7,0,0.394,5822.43,6941.16,3603.55,12,41,0,own,home_improvement,1
66,47573.11,4.9,4249.53,0.089,6,0,0.4,2015.82,5684.09,3807.63,48,47,0,rent,business,1
44,72648.99,10.2,5262.01,0.072,0,0,0.412,19240.77,6981.12,14396.05,12,22,0,rent,debt_consolidation,1
67,88738.35,9.0,30270.93,0.341,1,1,0.215,3268.51,3877.8,10829.92,48,42,0,rent,education,1
45,55628.26,7.2,15783.52,0.284,8,1,0.192,1405.87,809.22,9348.09,60,20,0,own,home_improvement,1
51,82809.62,11.5,42453.75,0.513,10,0,0.704,21697.08,4793.37,12669.54,36,28,0,mortgage,business,1
49,31977.04,6.0,14771.33,0.462,10,0,0.359,4536.13,1134.85,4683.39,36,26,0,own,medical,0
69,28489.34,7.3,11497.93,0.404,6,1,0.625,2120.02,799.36,12758.15,60,48,0,rent,business,1
56,83900.5,4.6,45362.51,0.541,6,0,0.22,29380.12,8737.88,10782.62,24,38,0,rent,business,1
25,80222.08,11.8,31137.69,0.388,9,2,0.706,4168.93,9869.79,6548.73,12,3,0,rent,education,0
22,65345.82,8.5,4505.74,0.069,10,0,0.67,7930.14,4162.45,8276.98,60,1,1,rent,car,0
39,78104.75,4.2,4772.85,0.061,10,1,0.481,8699.92,5184.67,4539.63,24,20,0,own,medical,1
45,98577.24,0.0,44597.4,0.452,4,1,0.337,21593.15,2925.22,12243.31,60,26,0,own,car,1
53,89757.18,12.5,18954.28,0.211,5,0,0.735,3724.63,1211.9,3758.91,12,29,0,rent,business,1
43,56717.96,3.3,28918.81,0.51,0,0,0.562,14860.21,6037.87,3973.22,24,25,0,own,business,1
45,62493.05,7.4,5166.37,0.083,2,0,0.129,20342.79,196.28,6257.66,60,21,0,mortgage,business,1
66,53506.74,18.8,6707.45,0.125,4,1,0.319,10315.15,1909.94,1678.38,24,44,0,mortgage,home_improvement,1
36,51247.01,11.0,22024.88,0.43,9,1,0.272,2356.13,1747.17,8543.58,24,17,0,mortgage,education,0
44,75331.86,15.1,35342.81,0.469,5,0,0.317,7117.19,6619.36,9717.87,24,24,0,mortgage,debt_consolidation,0
47,53313.54,4.3,25569.92,0.48,7,1,0.299,5919.74,3028.01,15873.03,48,29,0,mortgage,debt_consolidation,0
42,75271.16,12.4,5460.46,0.073,10,1,0.284,8140.34,2874.34,7018.53,48,21,0,own,business,0
68,55606.6,7.1,12364.42,0.222,5,0,0.333,1096.82,7486.27,9023.97,48,46,0,rent,home_improvement,1
68,58331.15,8.8,21149.99,0.363,4,0,0.186,7758.21,8643.36,8204.86,24,47,1,rent,business,0
45,43414.89,17.1,22009.69,0.507,8,1,0.383,4343.74,3740.04,13680.0,48,23,0,own,car,1
41,74582.26,5.6,10939.57,0.147,3,0,0.288,5336.06,5507.95,20079.82,36,23,0,mortgage,debt_consolidation,1
49,31413.7,7.1,10623.54,0.338,4,2,0.696,2412.41,1303.59,9221.94,24,28,0,mortgage,car,1
28,85037.84,2.5,8169.18,0.096,10,0,0.513,30518.15,5590.94,6953.82,60,10,0,mortgage,medical,1
40,117957.91,11.4,49077.3,0.416,5,0,0.476,22973.84,757.39,9458.44,60,16,0,rent,debt_consolidation,1
30,59010.62,4.2,5168.62,0.088,3,0,0.721,992.41,6851.34,8136.82,60,5,1,rent,car,0
26,58130.38,12.1,31971.17,0.55,10,0,0.299,4192.9,3492.71,3856.78,36,8,1,own,business,0
23,34472.62,0.0,2375.21,0.069,7,0,0.571,5891.88,1113.07,6158.69,36,3,0,rent,home_improvement,0
48,48539.39,9.7,18601.69,0.383,9,3,0.218,9610.77,2431.34,10559.81,12,27,0,own,home_improvement,1
19,78404.81,3.8,33857.59,0.432,3,0,0.086,8313.95,7995.87,13072.91,60,1,0,mortgage,debt_consolidation,1
51,82346.51,10.7,12906.55,0.157,9,1,0.264,2632.85,4433.7,22318.48,24,27,0,own,debt_consolidation,1
41,61530.21,6.9,9540.83,0.155,11,3,0.46,1787.34,1679.69,3084.27,24,21,0,rent,medical,0
37,76764.68,4.3,25789.7,0.336,1,1,0.198,10061.96,0.0,10579.36,24,14,0,mortgage,education,1
58,43693.18,5.1,15474.01,0.354,2,0,0.196,2641.77,2742.62,3372.13,36,35,0,own,medical,1
46,66347.0,2.7,26663.45,0.402,6,0,0.684,2465.93,5669.05,18561.74,24,25,0,mortgage,medical,1
56,92852.44,11.2,30414.36,0.328,8,0,0.138,561.49,3913.43,1897.93,24,34,1,mortgage,car,0
55,70753.16,1.8,7957.42,0.112,0,0,0.35,1564.69,1907.83,7671.0,24,37,0,rent,medical,0
20,98007.54,5.7,49963.86,0.51,6,0,0.67,9609.61,1019.33,11895.86,24,0,0,rent,business,1
29,99126.5,8.7,10735.81,0.108,1,0,0.353,6721.36,4744.21,2525.61,48,9,0,mortgage,home_improvement,1
48,67813.88,15.1,21671.72,0.32,11,3,0.413,14383.53,742.91,10037.79,48,28,0,rent,business,1
68,20320.74,7.0,10314.84,0.508,8,2,0.491,537.72,216.0,16207.04,12,46,0,own,car,0
26,81728.8,5.8,41181.01,0.504,11,0,0.143,3756.31,3491.01,14190.22,48,3,0,rent,business,0
24,37846.56,8.4,4124.91,0.109,2,0,0.161,2021.71,6087.72,9058.68,48,2,0,rent,debt_consolidation,1
66,24155.4,0.0,3537.79,0.146,9,1,0.163,2196.8,4430.66,4896.5,36,45,0,mortgage,business,1
68,30094.6,1.0,10201.49,0.339,4,1,0.48,1616.12,3778.34,11212.57,36,48,0,rent,debt_consolidation,1
27,83793.08,5.1,16649.44,0.199,1,0,0.283,3455.27,8285.61,9843.01,48,5,0,own,home_improvement,0
39,68002.65,3.4,27702.11,0.407,5,0,0.348,7336.14,0.0,15660.0,12,15,0,rent,debt_consolidation,0
50,62098.01,0.0,18435.3,0.297,5,0,0.628,5423.72,12449.26,4872.62,24,31,0,mortgage,car,1
28,70251.31,11.3,11312.41,0.161,6,1,0.71,10201.94,6060.51,10350.64,36,10,0,own,medical,1
35,30651.49,8.3,7290.46,0.238,10,0,0.389,2041.28,358.47,11962.62,60,15,0,own,education,0
39,53428.28,7.7,20638.75,0.386,3,1,0.354,9868.99,10738.17,2512.31,24,20,0,own,car,1
51,46055.09,3.5,20085.77,0.436,7,0,0.407,1734.1,2843.58,6237.67,48,27,0,mortgage,education,1
34,60461.16,7.4,13051.59,0.216,2,0,0.489,7898.14,6552.75,11621.73,60,10,0,rent,car,0
40,61194.11,9.6,4628.86,0.076,10,0,0.327,9498.96,3117.32,5450.48,60,18,0,own,debt_consolidation,1
33,69211.48,5.7,14343.17,0.207,5,1,0.616,519.67,6578.39,16007.15,48,12,0,mortgage,education,1
57,72843.36,9.2,25797.44,0.354,9,0,0.149,9670.3,7355.79,16736.84,48,36,0,own,home_improvement,1
26,31109.04,3.0,13150.13,0.423,3,2,0.141,2305.95,3411.75,7423.26,48,6,0,rent,debt_consolidation,0
30,53672.11,7.5,26096.42,0.486,3,0,0.19,4959.26,7022.34,1889.96,36,11,0,rent,car,1
31,57715.6,12.7,30579.41,0.53,11,0,0.229,12054.93,4295.76,7566.4,60,9,0,own,home_improvement,0
65,37509.26,13.2,11273.9,0.301,2,0,0.482,2991.39,2894.15,6524.01,48,43,0,rent,debt_consolidation,1
67,36290.13,13.6,17655.51,0.487,6,1,0.604,1285.62,2332.46,20430.37,60,45,0,own,debt_consolidation,0
44,30146.71,8.4,4790.35,0.159,3,1,0.493,3782.49,436.02,5533.44,12,23,0,mortgage,business,1
26,34717.97,7.2,10992.25,0.317,4,0,0.193,2423.53,744.09,6881.11,12,2,0,rent,education,1
57,76601.1,4.8,23430.29,0.306,8,1,0.653,6209.16,3926.44,7175.09,24,37,0,mortgage,home_improvement,0
44,32660.82,0.0,13959.49,0.427,9,1,0.374,2450.5,4238.66,7243.25,12,21,0,own,car,0
62,34331.16,0.3,14753.99,0.43,5,2,0.677,4850.57,3096.81,4241.09,36,39,0,rent,car,0
37,59611.21,6.2,10207.33,0.171,7,0,0.265,6393.54,3696.36,2543.92,60,17,0,rent,car,1
69,66252.48,6.5,32431.03,0.49,0,1,0.249,5427.24,3543.33,5701.12,12,47,0,mortgage,car,1
60,57106.88,14.1,28124.64,0.492,2,2,0.519,5824.68,474.98,9533.89,60,41,0,own,business,1
30,39814.82,13.6,20805.95,0.523,8,2,0.136,1467.48,865.0,14139.63,60,11,0,rent,home_improvement,1
56,36538.57,3.6,9593.26,0.263,7,0,0.444,4869.05,2718.76,6837.94,12,36,0,own,education,1
33,59048.02,11.1,32082.53,0.543,0,2,0.47,6454.54,3960.98,7717.61,24,9,0,mortgage,debt_consolidation,1
36,54992.47,4.6,23976.88,0.436,10,0,0.426,12518.88,5806.14,5242.14,36,12,0,mortgage,car,1
31,50342.16,10.4,18434.76,0.366,4,2,0.365,2541.14,2811.24,10393.25,60,7,0,mortgage,medical,1
53,75401.66,11.0,18782.31,0.249,3,1,0.233,3892.54,7166.07,9634.37,36,32,0,mortgage,education,1
32,53786.62,13.2,25090.84,0.466,5,0,0.256,5164.8,0.0,15957.82,60,10,0,own,car,0
51,35544.18,4.5,15106.02,0.425,4,1,0.536,2821.85,682.22,2230.9,36,26,0,mortgage,medical,1
48,50441.87,12.1,16663.26,0.33,6,0,0.225,1792.38,4027.59,9320.73,24,26,0,rent,car,1
57,68832.68,0.0,37753.85,0.548,1,1,0.607,2025.26,4645.08,12886.12,48,33,0,rent,home_improvement,1
69,52698.52,13.5,8021.48,0.152,1,0,0.499,9403.63,5457.0,7216.39,12,49,0,own,business,1
19,68408.34,6.9,24635.87,0.36,11,0,0.242,3146.95,8581.7,3324.24,36,0,0,rent,medical,1
69,73101.83,7.0,13903.78,0.19,8,0,0.244,4886.22,9337.48,6335.0,12,48,0,mortgage,home_improvement,1
24,53848.05,0.0,14143.56,0.263,4,0,0.301,1472.14,7859.99,22727.41,12,0,0,own,education,0
45,57016.07,5.1,11382.78,0.2,10,0,0.154,18659.99,8991.98,13873.77,12,21,0,rent,business,1
36,51586.2,13.8,10178.69,0.197,9,2,0.348,2507.71,2520.26,9069.27,12,12,0,own,home_improvement,0
51,68934.26,4.9,15146.09,0.22,8,0,0.684,5053.31,12521.68,7896.13,24,27,0,own,debt_consolidation,1
55,51053.27,10.6,2554.71,0.05,8,0,0.668,986.52,10779.05,5001.2,60,33,0,own,business,0
62,66591.76,7.2,2738.68,0.041,11,1,0.04,6134.5,102.97,9121.75,12,38,0,rent,business,1
39,61538.94,12.3,24874.58,0.404,10,1,0.101,16647.95,2291.09,16313.01,60,21,0,rent,medical,0
66,30036.65,8.0,5550.22,0.185,3,1,0.485,910.41,2543.38,8304.48,36,42,0,rent,medical,1
35,67854.93,2.3,2120.04,0.031,8,0,0.59,6460.83,5310.95,16364.37,60,13,0,mortgage,medical,1
29,59605.36,7.3,3766.17,0.063,1,1,0.337,3448.11,0.0,26039.35,36,5,0,mortgage,debt_consolidation,0
38,86262.23,15.0,10679.27,0.124,6,0,0.365,7123.87,1654.84,5790.19,48,15,1,mortgage,business,1
45,38061.95,9.5,1733.82,0.046,0,0,0.109,2353.63,2949.99,5912.54,48,24,0,own,home_improvement,1
53,61880.83,6.4,32268.26,0.521,2,1,0.687,1591.88,3451.89,4467.26,48,29,0,rent,medical,0
61,48661.15,18.3,15631.48,0.321,8,0,0.531,4942.18,4754.9,6117.51,60,41,0,rent,medical,1
30,31045.74,12.8,7104.29,0.229,4,1,0.875,4602.7,5105.6,5766.29,60,9,0,own,medical,0
34,28289.22,11.1,8552.89,0.302,1,4,0.444,1688.14,125.57,6176.59,12,9,1,rent,business,1
66,92544.57,8.6,7384.56,0.08,11,0,0.262,16403.57,16877.93,2658.62,24,44,0,mortgage,business,1
41,61949.19,10.7,24282.73,0.392,11,2,0.251,11087.94,9956.81,6827.28,60,17,0,own,debt_consolidation,1
31,53242.11,10.8,28425.05,0.534,2,1,0.182,7901.14,0.0,16312.32,48,10,1,own,medical,1
69,33607.4,0.0,2999.4,0.089,7,0,0.689,1143.25,234.48,10466.82,36,51,0,rent,home_improvement,1
41,90517.33,9.0,9131.21,0.101,3,0,0.355,11163.32,4206.73,6632.33,36,16,0,rent,car,1
69,44512.84,6.2,15721.56,0.353,9,1,0.206,5096.0,845.55,10872.62,48,50,0,rent,home_improvement,1
65,62942.05,4.5,6327.12,0.101,8,1,0.506,2511.77,6027.71,12011.76,48,43,0,own,debt_consolidation,1
65,58814.88,6.0,5105.6,0.087,5,0,0.314,3248.79,5788.32,6579.29,24,42,0,rent,education,1
48,105885.58,0.0,39744.83,0.375,11,0,0.402,8817.59,7808.31,11552.73,60,24,0,mortgage,car,1
59,56551.41,0.0,19673.58,0.348,8,0,0.345,3014.07,4827.62,1077.93,36,35,0,mortgage,debt_consolidation,1
67,47658.73,13.2,6453.02,0.135,1,0,0.175,3525.86,2858.25,18851.32,48,43,0,rent,business,1
32,62267.98,9.3,28411.93,0.456,5,1,0.143,14566.03,5386.11,9427.68,24,14,0,own,medical,1
20,64562.52,0.0,4892.74,0.076,9,1,0.151,2737.73,10478.99,12767.14,60,0,0,mortgage,debt_consolidation,1
35,133096.8,4.1,26122.2,0.196,6,0,0.142,5526.83,0.0,13290.31,36,13,0,own,medical,1
51,56230.82,11.4,23144.6,0.412,1,1,0.208,9526.73,3799.07,31392.33,36,27,1,own,education,1
46,37658.54,5.6,13006.04,0.345,9,2,0.755,3262.2,3385.69,26475.05,24,24,0,rent,education,0
23,50347.29,13.2,17019.28,0.338,5,1,0.509,4755.28,3107.89,6765.47,36,0,0,mortgage,home_improvement,1
47,62220.54,12.2,23875.59,0.384,2,0,0.41,4195.17,5121.33,10717.2,12,26,0,own,home_improvement,1
27,66085.67,0.2,23964.33,0.363,9,0,0.583,4501.37,8366.74,14514.13,12,7,0,own,education,1
44,32657.17,6.3,15785.29,0.483,10,0,0.211,2498.05,1334.22,11687.02,24,22,0,mortgage,car,0
48,48365.13,4.8,15546.81,0.321,7,1,0.223,4585.79,8566.19,3498.32,48,30,0,own,car,1
51,103524.94,0.1,24088.26,0.233,8,0,0.274,15239.65,0.0,8602.61,48,33,0,rent,education,1
40,41683.44,0.0,17758.29,0.426,2,2,0.224,1532.74,4072.18,18364.25,48,20,0,mortgage,business,0
39,76024.64,3.0,11966.05,0.157,8,0,0.223,3407.62,5016.8,6721.9,24,18,0,mortgage,debt_consolidation,1
53,50913.63,3.8,21515.28,0.423,10,0,0.669,8742.14,4055.86,8241.82,12,32,0,rent,car,1
57,57342.38,8.4,9655.97,0.168,2,0,0.441,5149.85,6005.85,6436.77,48,38,0,own,medical,1
60,33900.93,12.2,9309.26,0.275,11,0,0.395,2097.41,1212.26,10500.71,48,36,0,own,business,1
36,52552.74,9.6,21639.77,0.412,1,1,0.458,5477.77,6400.04,11926.22,36,14,0,own,business,1
40,61959.82,10.8,21850.71,0.353,5,0,0.249,3368.92,10249.31,3771.43,36,19,0,rent,business,1
35,56468.33,5.7,3693.89,0.065,0,0,0.37,9315.45,2945.86,10346.74,60,13,0,mortgage,medical,1
45,53650.17,10.0,13770.75,0.257,5,3,0.122,2556.59,2187.86,4522.81,48,22,0,rent,debt_consolidation,1
25,69054.57,6.3,31094.13,0.45,7,1,0.34,3649.83,8972.57,3210.84,24,7,0,own,medical,0
40,36501.74,4.8,20013.37,0.548,10,1,0.51,2202.99,4226.42,15429.18,24,15,0,mortgage,debt_consolidation,0
28,62945.96,16.5,16831.94,0.267,1,1,0.585,7220.16,0.0,12833.39,60,3,0,mortgage,debt_consolidation,1
46,27640.45,0.0,1811.57,0.066,10,2,0.389,4921.86,2606.43,5870.35,36,27,0,rent,business,1
62,83444.51,0.0,17863.67,0.214,11,0,0.38,10327.44,8798.12,14910.46,12,41,0,mortgage,debt_consolidation,0
69,54254.49,8.9,15172.77,0.28,0,1,0.546,8007.06,3468.37,2493.45,12,45,0,mortgage,education,1
41,74232.61,5.7,4373.57,0.059,11,1,0.445,1512.21,10518.32,4658.27,12,22,0,own,car,1
21,22379.37,0.0,10698.62,0.478,10,1,0.235,434.52,0.0,5352.94,12,0,0,mortgage,education,1
30,70564.92,1.7,21561.77,0.306,0,0,0.142,1808.4,0.0,9289.41,24,9,0,own,education,1
24,44007.36,2.4,10585.59,0.241,0,1,0.29,3443.98,5277.01,24571.13,24,1,0,own,business,1
57,57470.94,11.5,13247.5,0.231,8,1,0.346,3274.45,1495.29,3509.07,60,35,0,own,education,1
69,70955.75,13.1,2483.7,0.035,5,1,0.278,1929.03,4607.43,4458.18,48,51,0,mortgage,debt_consolidation,1
47,55691.16,15.2,16429.12,0.295,3,0,0.592,146.76,557.85,13163.86,48,22,0,own,debt_consolidation,0
28,68034.32,0.0,18509.1,0.272,4,0,0.266,8191.45,7434.93,8001.95,60,4,0,mortgage,home_improvement,1
20,51162.12,0.2,10402.24,0.203,4,1,0.264,10185.79,4282.6,11755.34,24,0,0,mortgage,business,1
68,85805.26,0.0,31670.63,0.369,11,0,0.628,12946.5,5151.37,9735.28,60,50,0,own,home_improvement,1
35,54204.48,13.4,12892.38,0.238,2,0,0.445,4063.7,267.42,10930.71,12,12,0,mortgage,debt_consolidation,1
24,54569.09,9.1,17627.72,0.323,1,1,0.138,5285.18,3200.73,2030.88,12,3,0,mortgage,home_improvement,1
28,54907.48,7.4,26853.74,0.489,9,1,0.167,2630.58,4576.61,7711.58,60,4,0,mortgage,car,1
32,56939.51,8.1,12120.14,0.213,10,0,0.624,4640.35,2281.96,17040.5,36,12,1,rent,car,0
52,37056.09,6.7,8556.24,0.231,10,0,0.193,2855.2,1548.39,24384.13,60,32,0,rent,medical,1
64,41261.17,1.4,19761.18,0.479,11,1,0.486,4537.26,2772.16,10984.53,12,43,0,rent,medical,0
33,78048.77,9.6,16373.84,0.21,0,1,0.55,3537.13,7832.66,23805.24,24,13,0,own,car,1
54,74217.53,6.1,18766.82,0.253,9,0,0.797,23920.88,6521.04,10431.32,60,29,0,rent,business,1
22,72566.17,1.0,32250.62,0.444,3,0,0.291,2147.05,9104.92,10352.73,12,2,0,rent,education,1
19,65918.66,9.9,21996.36,0.334,5,0,0.896,6327.61,4098.88,10949.54,60,0,0,rent,debt_consolidation,0
21,47994.6,4.9,24715.27,0.515,5,2,0.596,6387.46,5630.36,5271.23,60,0,0,own,business,0
66,46409.01,8.1,12504.97,0.269,11,1,0.262,1474.28,388.56,5606.28,24,46,0,mortgage,business,1
48,56140.76,6.4,15376.06,0.274,6,1,0.161,972.09,4860.59,4719.59,24,26,0,rent,medical,1
60,82303.31,11.5,3518.63,0.043,2,1,0.366,11074.14,6906.71,5032.14,24,42,0,rent,medical,1
20,60773.86,8.1,7570.64,0.125,1,0,0.634,19824.9,11215.54,3476.74,24,0,0,mortgage,medical,0
20,40615.67,2.6,12436.5,0.306,7,2,0.403,511.28,1346.77,16382.59,60,0,0,rent,car,0
62,34678.69,8.6,4132.61,0.119,9,1,0.736,11253.19,229.41,9921.15,60,42,0,mortgage,car,0
24,75027.84,8.8,19537.19,0.26,8,0,0.087,10389.89,2112.26,5183.03,48,4,0,own,business,1
26,91411.71,9.6,15554.44,0.17,11,0,0.2,7303.24,3204.95,7312.87,48,2,0,rent,education,0
45,32164.75,12.2,998.11,0.031,0,2,0.494,4871.65,2803.55,9416.85,12,26,1,mortgage,debt_consolidation,0
49,75901.38,3.9,20630.6,0.272,4,1,0.297,13883.8,276.22,17031.6,12,24,0,mortgage,home_improvement,0
30,65393.87,10.3,23706.79,0.363,7,0,0.371,4623.15,5489.09,3611.98,24,5,0,rent,medical,1
41,43533.51,0.0,8674.65,0.199,10,0,0.464,16918.34,2976.77,11777.99,36,19,0,rent,home_improvement,1
53,61043.28,6.4,26343.8,0.432,3,0,0.234,19412.01,6860.61,7663.75,24,35,1,mortgage,home_improvement,1
41,38556.99,5.6,3755.78,0.097,8,1,0.74,1955.39,3764.29,4483.02,36,21,0,rent,car,1
38,52839.39,14.2,3613.4,0.068,2,0,0.077,5474.0,5710.84,7681.3,36,15,0,own,car,1
22,57167.88,6.2,29468.1,0.515,7,1,0.504,1757.05,5215.1,13045.39,24,0,0,mortgage,education,0
42,85510.16,10.0,43480.03,0.508,9,0,0.334,2000.31,10693.61,13034.82,48,24,0,mortgage,education,1
59,51995.12,0.0,12243.21,0.235,9,2,0.837,3345.36,0.0,4598.4,48,40,0,mortgage,business,0
50,45055.98,5.2,10928.95,0.243,5,3,0.221,4533.72,0.0,8233.39,24,27,0,mortgage,debt_consolidation,0
64,63717.01,2.8,30013.83,0.471,5,0,0.252,2513.95,4182.23,8239.38,12,42,0,rent,medical,1
25,68656.51,19.4,20677.7,0.301,10,0,0.112,10172.31,4866.54,3361.51,60,7,0,rent,business,1
19,44530.64,3.7,3654.64,0.082,6,0,0.29,4770.37,688.67,6473.9,36,0,0,rent,home_improvement,0
46,40125.58,7.4,3245.47,0.081,4,1,0.356,3449.78,3798.98,7274.26,24,25,0,rent,medical,0
28,41194.81,7.6,3686.91,0.089,3,2,0.511,1816.86,59.67,21552.16,36,9,0,rent,home_improvement,0
49,85617.7,0.0,37141.43,0.434,8,2,0.536,4123.58,4560.43,11330.01,48,27,0,rent,car,1
65,67631.46,4.4,22927.4,0.339,8,0,0.32,4537.92,4447.99,8553.59,48,43,0,mortgage,business,1
36,50879.67,9.0,9101.16,0.179,6,1,0.511,2612.05,4847.34,11739.49,60,13,0,rent,debt_consolidation,0
47,80493.08,7.4,8524.13,0.106,1,1,0.522,4913.63,3337.56,6475.7,12,29,0,own,education,1
53,44421.71,0.0,3795.2,0.085,1,0,0.432,1979.7,5661.35,10771.98,48,31,0,rent,home_improvement,1
26,55411.42,4.2,22881.34,0.413,2,0,0.013,6365.39,8349.19,3985.01,60,4,0,rent,car,1
64,38359.72,12.1,18777.36,0.49,0,3,0.523,1074.94,5507.16,5502.86,48,41,0,own,education,0
29,79258.97,9.9,23894.32,0.301,5,0,0.335,12895.7,12448.27,6066.78,36,5,0,rent,education,1
60,43289.51,13.1,18594.42,0.43,4,1,0.254,2332.42,5193.53,2102.38,24,36,0,mortgage,medical,1
52,43597.37,2.1,7414.08,0.17,4,2,0.413,5164.52,4247.51,13855.25,60,29,0,mortgage,car,1
26,64196.71,13.4,21210.71,0.33,11,0,0.494,5393.09,1874.94,13723.25,48,6,0,own,business,1
55,26920.38,6.8,6788.26,0.252,2,3,0.248,651.01,1035.38,4593.21,24,32,0,rent,education,1
29,35786.07,15.0,2378.98,0.066,9,1,0.239,5569.55,4083.41,2933.9,60,10,0,mortgage,debt_consolidation,0
49,71762.58,7.0,19971.84,0.278,2,0,0.581,17918.65,0.0,11007.0,60,31,0,rent,education,1
67,41002.47,0.0,19221.83,0.469,7,1,0.561,2974.42,5446.98,4907.16,36,46,0,mortgage,medical,1
67,118687.51,11.2,5631.1,0.047,10,0,0.544,1745.72,4315.05,12118.78,12,49,0,mortgage,education,1
63,59977.26,4.8,16365.77,0.273,10,0,0.541,6565.98,2396.79,10986.05,24,41,0,mortgage,debt_consolidation,1
44,31494.15,5.1,15206.3,0.483,7,1,0.695,2764.27,3321.39,15251.54,60,20,0,own,education,0
47,24357.94,0.0,10686.75,0.439,2,2,0.245,987.18,1965.39,5490.85,60,28,0,mortgage,car,1
34,93085.19,15.1,26206.13,0.282,4,0,0.584,8235.14,4253.09,6280.15,48,10,0,rent,medical,1
65,59955.43,4.4,6643.82,0.111,5,1,0.554,12170.69,1267.08,4913.77,12,46,0,own,home_improvement,1
43,53283.96,14.9,25028.48,0.47,10,1,0.451,9430.47,0.0,2269.04,36,24,1,rent,medical,0
58,59882.33,4.8,6057.78,0.101,4,0,0.449,3815.69,0.0,7919.24,48,39,0,mortgage,business,1
37,31418.79,2.4,5237.98,0.167,9,0,0.362,1970.02,4393.12,17104.67,12,16,0,own,car,0
56,56011.73,13.6,4809.49,0.086,11,0,0.143,2114.07,3127.61,7711.55,36,35,0,rent,debt_consolidation,1
30,41911.56,6.6,11034.26,0.263,1,1,0.072,2716.59,931.63,4943.25,60,5,0,mortgage,education,1
56,54870.43,6.7,19395.32,0.353,11,0,0.085,5345.09,5719.84,964.39,60,34,0,rent,education,1
21,48409.58,0.6,22189.63,0.458,6,0,0.551,4574.35,1341.08,5333.41,36,0,0,mortgage,home_improvement,0
24,58850.65,4.7,15566.52,0.265,7,0,0.25,6167.45,1687.88,6314.95,48,5,0,mortgage,home_improvement,1
36,50865.56,9.1,27186.71,0.534,3,0,0.443,5291.51,6416.73,10892.92,48,15,1,rent,car,0
43,47410.66,0.5,15920.7,0.336,4,1,0.463,2135.68,4918.53,13241.68,36,25,0,mortgage,debt_consolidation,0
55,40462.89,4.3,13771.03,0.34,6,1,0.326,6232.44,3068.08,2667.3,36,34,0,rent,debt_consolidation,1
37,31838.78,4.9,3594.68,0.113,2,2,0.21,5523.01,1240.29,5936.5,48,16,0,rent,home_improvement,0
19,29868.67,7.3,3606.99,0.121,8,1,0.291,2604.17,2340.09,9353.06,24,0,0,mortgage,education,1
35,36162.28,14.4,11774.87,0.326,8,1,0.691,14319.65,3460.4,13666.08,60,10,0,mortgage,education,0
41,69848.17,5.5,28083.58,0.402,0,1,0.073,7928.33,5557.79,5764.44,12,23,0,own,medical,1
46,39747.06,3.5,5107.28,0.128,2,0,0.18,1128.66,5063.25,14509.69,24,23,0,rent,home_improvement,1
51,44899.89,20.7,12416.14,0.277,6,0,0.281,3027.76,745.37,9724.85,60,28,0,rent,car,1
31,45035.19,4.8,9402.72,0.209,8,1,0.432,2885.27,2421.17,8270.48,48,6,0,mortgage,debt_consolidation,0
50,48659.62,6.0,12288.73,0.253,3,0,0.172,704.87,4598.98,5650.4,24,29,0,rent,home_improvement,1
51,65725.56,5.2,9052.34,0.138,10,1,0.64,4598.4,2499.74,10125.42,12,26,0,rent,debt_consolidation,1
58,50702.33,5.6,4795.58,0.095,6,0,0.405,7590.24,5795.7,2146.55,36,40,0,mortgage,car,0
45,74340.39,7.4,14114.68,0.19,6,0,0.266,12504.84,9947.08,7645.95,60,20,0,mortgage,medical,1
60,36291.45,11.6,17438.98,0.481,1,1,0.313,9514.88,2527.09,12305.67,36,42,0,rent,car,1
30,71622.67,9.0,31998.83,0.447,7,2,0.729,8537.66,6145.77,9023.93,12,12,0,rent,car,1
55,89034.01,12.4,6577.54,0.074,9,0,0.68,12537.51,5006.35,8504.11,48,33,0,rent,car,1
21,55773.05,12.2,3711.06,0.067,2,0,0.48,2893.54,2902.08,5579.74,36,0,0,mortgage,home_improvement,0
24,38844.1,8.0,10925.45,0.281,6,0,0.125,5012.03,5082.1,9349.94,24,2,0,mortgage,medical,0
63,66167.34,8.9,11050.78,0.167,0,0,0.372,7371.54,1644.8,12856.59,36,42,0,own,business,1
43,56100.98,12.5,25605.37,0.456,2,0,0.327,3623.85,6059.13,8536.87,48,19,0,rent,car,1
50,62224.54,1.4,17278.26,0.278,0,1,0.34,16742.43,2614.84,12210.36,48,27,0,rent,medical,1
49,75097.18,19.5,35441.0,0.472,9,2,0.305,2114.93,1831.64,971.8,12,31,0,mortgage,education,1
54,49425.94,4.4,3822.87,0.077,11,2,0.34,4402.16,5786.11,1882.79,24,31,0,rent,car,1
31,46900.75,5.2,25051.61,0.534,0,1,0.561,9522.25,4759.81,8667.49,60,13,0,own,education,0
28,127706.75,0.9,54475.06,0.427,8,0,0.365,5178.12,4342.14,10812.74,24,3,0,mortgage,debt_consolidation,1
21,66459.66,1.1,27108.54,0.408,7,1,0.167,3747.72,3871.43,14913.04,60,0,0,rent,business,1
63,79666.33,11.9,41292.22,0.518,8,0,0.728,11583.83,4815.11,13730.92,12,44,0,rent,business,1
30,73573.1,18.4,19810.33,0.269,6,2,0.195,10703.9,5769.71,23149.04,60,12,0,mortgage,car,1
48,80018.06,4.2,7914.68,0.099,11,0,0.266,6120.68,3376.38,18136.55,36,30,0,own,debt_consolidation,1
42,62941.16,8.7,17834.84,0.283,0,0,0.359,6594.85,9661.12,5681.82,12,24,0,mortgage,medical,1
27,76592.5,8.1,34625.07,0.452,1,1,0.292,6775.11,860.36,8509.3,12,3,0,rent,medical,1
40,44989.15,12.0,21394.94,0.476,2,0,0.358,7064.58,0.0,3448.18,36,15,0,mortgage,medical,0
23,31600.22,18.1,8814.22,0.279,9,1,0.187,5107.32,1921.71,3514.06,12,1,0,mortgage,medical,1
28,41357.2,14.6,16878.71,0.408,0,0,0.151,8961.25,0.0,4472.29,60,10,0,own,car,1
26,53391.77,5.8,8056.01,0.151,1,2,0.079,11510.02,1485.78,5378.82,12,4,0,rent,debt_consolidation,1
61,51098.74,9.6,7265.73,0.142,8,1,0.129,5502.98,1789.59,3127.43,48,40,0,own,business,1
47,56207.25,10.1,18588.73,0.331,5,0,0.192,1890.71,3789.77,9710.68,60,23,0,mortgage,car,0
66,44145.44,6.9,10750.66,0.244,8,0,0.298,2084.96,2507.42,5275.58,60,41,0,mortgage,education,0
41,27906.85,1.5,2940.2,0.105,4,0,0.101,1491.9,2189.77,11098.53,12,18,0,own,medical,1
29,48977.18,3.0,20742.92,0.424,1,1,0.602,3839.96,1354.88,6802.58,48,9,0,rent,car,0
50,34895.13,12.7,10539.66,0.302,7,0,0.485,3261.0,1666.07,4407.0,48,25,0,rent,debt_consolidation,1
66,55411.82,13.3,16391.26,0.296,1,1,0.124,2169.34,5297.58,9921.83,60,45,0,rent,car,1
46,63958.22,6.0,7696.35,0.12,5,0,0.365,831.59,0.0,29450.19,48,24,0,own,business,1
19,48669.19,8.3,7193.53,0.148,10,0,0.381,5994.93,4268.42,6109.6,12,0,0,mortgage,debt_consolidation,1
34,38095.47,13.0,14748.1,0.387,2,1,0.374,3204.68,0.0,13549.14,48,11,0,own,home_improvement,1
66,57159.87,0.0,26951.37,0.472,2,0,0.225,16040.77,3840.95,2310.29,12,46,0,own,education,1
45,130487.97,4.8,14865.51,0.114,11,0,0.697,6752.9,12091.36,7226.1,12,22,1,mortgage,debt_consolidation,1
67,66449.34,17.1,29938.3,0.451,3,0,0.436,16615.63,5452.34,8012.94,48,43,0,mortgage,debt_consolidation,1
44,68144.68,8.5,29826.27,0.438,4,1,0.108,2851.13,2429.69,15309.55,36,24,0,rent,car,1
19,47032.83,1.4,21254.29,0.452,8,1,0.271,3814.99,3739.71,14513.15,60,0,0,mortgage,medical,1
63,42331.88,7.6,13898.58,0.328,1,1,0.847,3718.0,827.63,5964.13,48,38,0,rent,home_improvement,1
57,80083.11,12.1,16535.26,0.206,0,0,0.587,1743.3,10872.72,14960.7,12,34,0,mortgage,debt_consolidation,0
55,25153.58,0.0,10781.86,0.429,10,1,0.503,2556.35,2722.39,4605.35,24,35,0,mortgage,business,1
68,43709.77,7.9,11992.7,0.274,11,0,0.016,2048.69,839.91,8124.28,60,48,1,mortgage,business,1
29,96312.58,5.1,13251.45,0.138,11,0,0.643,17748.63,13051.32,21531.97,36,10,0,rent,home_improvement,1
65,54293.38,0.0,12664.75,0.233,0,0,0.121,7762.38,4147.87,5158.45,24,42,1,rent,education,1
30,32783.17,7.4,8608.53,0.263,6,0,0.26,3710.15,333.85,13115.16,48,5,0,rent,home_improvement,1
68,64599.57,6.3,18593.88,0.288,10,0,0.695,3626.58,8077.9,5091.81,48,46,0,own,home_improvement,1
28,48772.05,6.9,24176.73,0.496,10,0,0.576,1505.72,7259.47,12472.68,60,9,0,own,debt_consolidation,0
47,30574.9,5.3,7274.3,0.238,4,1,0.246,7385.09,1647.36,9198.32,36,23,0,rent,education,1
59,60477.11,1.9,10338.55,0.171,5,0,0.248,13820.29,5138.49,6929.71,60,41,0,mortgage,business,0
22,57475.92,0.0,30464.79,0.53,1,0,0.245,3153.75,3794.02,3185.59,48,2,0,rent,home_improvement,1
22,56374.22,3.5,8356.49,0.148,1,0,0.518,9037.58,5391.36,6201.42,24,1,0,rent,debt_consolidation,0
62,66125.97,11.3,1712.11,0.026,4,0,0.474,2646.34,7036.33,11192.45,36,44,0,own,debt_consolidation,1
22,37323.44,8.2,17557.14,0.47,2,0,0.089,1768.98,4328.38,28627.43,36,0,0,own,car,0
50,62526.69,6.7,32880.05,0.526,11,1,0.581,5262.7,0.0,11007.02,24,30,0,rent,home_improvement,0
66,58861.27,1.8,22457.34,0.382,0,1,0.448,6871.95,2398.93,15541.03,36,46,0,rent,business,1
50,79485.81,5.1,18762.97,0.236,6,0,0.779,2303.92,9135.57,6885.68,60,27,0,mortgage,car,1
43,43524.12,10.7,13413.7,0.308,6,0,0.297,585.0,1382.24,7217.32,12,19,0,rent,education,0
40,84424.91,9.5,38916.58,0.461,0,0,0.487,3826.05,7093.91,7474.81,60,18,0,rent,medical,0
51,73127.91,4.6,35776.39,0.489,5,1,0.682,5686.7,1524.45,23892.74,60,30,0,own,medical,0
48,53587.91,0.0,3983.66,0.074,11,1,0.302,1462.42,5388.88,6580.51,48,26,0,own,business,1
44,56362.67,3.6,27056.24,0.48,1,0,0.616,3362.77,3863.13,4136.52,60,22,0,rent,debt_consolidation,0
26,25715.94,4.6,8928.46,0.347,1,2,0.549,1574.18,2491.01,2878.15,60,7,0,rent,education,0
52,55836.21,2.5,2071.95,0.037,1,0,0.431,17728.45,4825.1,5177.78,60,34,0,own,home_improvement,1
56,71367.46,4.9,5530.79,0.077,0,0,0.488,8499.84,0.0,2744.75,12,37,0,own,home_improvement,1
55,50868.33,11.1,2244.98,0.044,10,0,0.425,4999.35,8719.48,10443.89,60,35,0,own,debt_consolidation,1
22,79415.43,6.8,41513.31,0.523,0,0,0.22,5371.16,101.17,8220.69,36,3,0,own,business,1
54,64978.29,11.9,15988.2,0.246,3,0,0.263,14018.3,12406.68,11500.14,60,30,0,own,car,0
56,107063.94,0.0,42748.09,0.399,9,1,0.52,3276.6,0.0,14857.2,24,35,0,rent,education,1
28,44504.83,5.5,930.6,0.021,11,1,0.345,5965.81,3118.49,4846.37,36,3,0,own,debt_consolidation,1
62,69007.57,0.0,30389.63,0.44,1,1,0.096,15497.6,0.0,9248.34,48,40,0,own,debt_consolidation,1
45,35202.72,4.9,9697.6,0.275,4,0,0.265,5358.95,5190.79,8135.25,36,22,0,rent,business,1
43,52400.61,1.8,26698.6,0.51,2,1,0.148,2583.95,835.56,5256.98,24,18,0,own,business,0
55,66276.84,13.4,19622.96,0.296,2,0,0.533,1841.96,789.81,5161.38,12,37,0,own,education,1
45,70484.63,9.0,30876.79,0.438,11,1,0.051,11113.46,4819.36,14702.86,12,25,0,mortgage,business,1
46,49579.21,12.1,17532.07,0.354,4,1,0.262,6755.55,6850.82,8787.47,60,24,0,mortgage,medical,1
34,82462.4,4.9,24399.42,0.296,7,1,0.521,14690.57,10580.84,3414.73,36,16,0,mortgage,debt_consolidation,1
66,88814.58,1.9,46411.79,0.523,1,0,0.381,12848.41,4931.94,12093.89,24,48,0,mortgage,car,1
68,44670.35,1.7,12626.86,0.283,3,1,0.665,8394.06,2262.25,5680.65,36,47,0,mortgage,medical,1
25,52942.65,8.3,26098.92,0.493,4,0,0.343,3565.19,4910.1,8884.5,60,6,0,own,medical,1
56,51127.76,16.1,2000.18,0.039,7,1,0.351,4591.49,3259.52,1568.69,48,34,0,rent,home_improvement,1
20,47020.74,9.1,17323.94,0.368,10,0,0.223,1547.44,3324.3,5691.84,36,0,0,mortgage,education,1
37,86795.75,5.1,43673.94,0.503,2,0,0.026,2324.02,5171.36,10397.05,60,15,0,rent,debt_consolidation,1
68,86434.85,6.1,42924.92,0.497,7,1,0.129,9661.08,8400.57,4185.09,12,46,0,rent,debt_consolidation,1
27,51695.72,6.8,14323.77,0.277,5,0,0.206,2797.83,4611.86,2866.94,60,2,0,own,medical,0
38,68891.63,17.1,18615.31,0.27,9,0,0.232,15821.22,9833.43,5614.86,48,19,0,rent,business,1
30,79088.93,13.2,35556.18,0.45,4,0,0.375,10678.29,2754.14,10021.41,48,9,0,own,education,1
56,60752.45,8.3,12002.16,0.198,5,0,0.773,5805.24,2087.63,14040.45,24,32,0,own,car,0
42,50407.28,7.5,26045.22,0.517,7,3,0.102,1062.08,3126.86,13224.54,24,24,1,own,education,0
49,43647.15,8.5,6672.02,0.153,5,0,0.387,1664.62,2468.48,12315.34,48,28,0,rent,education,1
67,71149.81,9.5,4228.49,0.059,9,0,0.428,3403.04,7812.95,17532.6,60,42,0,mortgage,home_improvement,1
45,36102.29,4.9,15492.2,0.429,0,1,0.701,2308.71,502.62,14446.66,24,20,0,mortgage,debt_consolidation,0
56,50854.07,2.8,11925.48,0.235,4,1,0.23,8401.09,6619.66,10704.84,48,35,0,rent,business,0
23,48001.5,12.2,10011.29,0.209,2,1,0.714,1217.45,2517.37,9031.46,24,0,0,rent,home_improvement,0
29,35409.81,7.1,6730.78,0.19,1,2,0.151,11129.55,4452.16,8238.47,60,11,0,rent,education,0
67,54328.62,11.7,29317.59,0.54,0,0,0.262,8073.08,10497.9,6304.17,36,49,0,rent,debt_consolidation,1
62,52568.63,15.2,16979.07,0.323,4,0,0.437,1782.49,6202.63,7542.7,36,42,0,own,business,1
52,40762.95,9.6,22244.94,0.546,2,0,0.653,8920.63,3991.1,5025.26,60,33,0,mortgage,debt_consolidation,1
38,85607.11,8.8,17301.02,0.202,9,0,0.168,11411.95,10482.6,12029.91,12,17,0,own,home_improvement,1
29,71321.59,23.0,17074.65,0.239,6,2,0.641,3747.22,3705.33,3693.52,36,7,1,rent,medical,0
62,56663.75,8.0,7492.89,0.132,9,1,0.578,8516.48,4522.71,12454.07,48,37,0,rent,car,1
59,75084.91,1.5,18628.04,0.248,10,1,0.29,2690.3,2481.93,27444.02,36,41,0,rent,education,1
31,81273.61,5.6,4296.35,0.053,9,0,0.51,7356.28,2944.82,3030.28,12,13,0,rent,medical,1
49,87001.16,14.8,1765.75,0.02,5,1,0.552,10908.82,7141.63,11957.33,24,31,0,rent,medical,1
50,44421.31,0.5,11555.27,0.26,11,0,0.654,1654.81,3174.01,6032.69,60,26,0,rent,debt_consolidation,1
43,75074.71,3.2,31185.49,0.415,4,1,0.183,7430.08,6624.36,14621.91,12,24,0,mortgage,debt_consolidation,0
66,52641.66,12.5,13246.99,0.252,9,0,0.376,6118.79,3862.72,9597.48,48,48,0,mortgage,car,1
25,60049.31,5.6,17687.1,0.295,2,0,0.321,3782.37,3155.49,3464.53,12,5,0,rent,debt_consolidation,0
32,45142.3,6.4,11564.39,0.256,11,1,0.112,2197.19,5094.45,8347.28,36,9,0,mortgage,medical,1
23,55779.97,12.4,16689.72,0.299,3,0,0.486,5192.48,1996.46,9625.95,36,3,0,mortgage,education,0
54,75456.01,3.4,32526.83,0.431,7,0,0.381,5351.9,5977.77,6733.66,12,35,0,rent,car,1
51,94915.27,0.0,42332.85,0.446,4,0,0.211,23022.68,11774.16,8835.22,48,30,0,rent,debt_consolidation,1
69,53978.3,0.1,25055.15,0.464,2,0,0.276,6852.56,5513.34,6512.19,24,49,0,rent,car,1
46,41179.25,9.9,5459.87,0.133,3,1,0.415,2989.02,2685.74,6664.87,36,27,0,mortgage,medical,1
26,100102.32,8.3,26292.63,0.263,7,0,0.355,8477.05,0.0,1752.51,24,2,0,mortgage,education,1
41,43865.9,3.5,20197.31,0.46,1,0,0.342,2245.56,2178.47,2651.12,36,20,0,own,debt_consolidation,0
23,31818.74,1.2,16520.16,0.519,2,1,0.566,5842.61,5501.16,2847.28,12,1,0,mortgage,car,0
53,46304.66,5.6,14251.7,0.308,11,0,0.481,6248.02,2512.58,4886.48,24,34,0,own,business,1
53,26369.68,12.6,7417.53,0.281,1,0,0.297,6699.03,1751.23,2677.02,12,29,0,own,education,1
62,79856.95,2.8,33957.99,0.425,8,0,0.265,7880.21,6000.89,3567.39,48,37,0,rent,education,1
36,29980.06,3.7,16357.06,0.546,3,1,0.465,2247.17,2639.22,8994.12,48,16,0,rent,medical,1
34,42933.79,1.0,10550.72,0.246,3,1,0.257,4346.9,1455.7,11463.33,24,11,0,own,education,1
22,37845.91,5.2,4068.54,0.108,4,0,0.571,9357.22,3957.47,6790.58,12,1,0,own,debt_consolidation,1
40,58167.23,8.7,26883.88,0.462,4,0,0.547,3600.7,5066.69,8815.12,24,17,0,mortgage,home_improvement,1
43,94932.19,17.6,37643.02,0.397,8,1,0.772,5341.22,0.0,9205.83,36,24,0,mortgage,car,1
57,65391.93,8.1,6335.83,0.097,9,0,0.265,4453.96,0.0,21680.86,12,32,0,rent,medical,1
57,35922.08,6.7,6877.64,0.191,4,1,0.175,1811.25,1430.46,2622.34,36,33,1,own,education,1
26,113037.94,11.3,35404.43,0.313,2,0,0.526,12033.27,692.29,7224.92,36,5,0,own,debt_consolidation,1
33,62765.08,10.5,25587.86,0.408,0,0,0.094,3959.83,5155.05,2761.83,24,11,0,rent,car,0
45,76995.54,4.1,33396.25,0.434,8,0,0.221,16190.29,3691.86,8934.0,36,24,0,mortgage,car,1
36,33560.07,18.5,3441.17,0.103,11,2,0.683,1119.79,3026.2,3684.25,60,14,0,own,home_improvement,0
20,105670.36,6.9,14252.59,0.135,0,0,0.534,14498.29,9597.73,5754.74,60,0,0,mortgage,education,1
62,49271.6,8.2,20417.41,0.414,7,0,0.055,9466.16,807.03,2587.7,36,42,0,rent,home_improvement,1
56,32720.63,9.8,2668.03,0.082,2,1,0.246,1058.31,1585.42,6552.37,60,37,0,rent,education,1
45,60489.2,8.7,17180.44,0.284,2,0,0.344,7409.67,2359.23,6858.5,48,27,0,mortgage,debt_consolidation,1
35,76982.39,14.6,23816.49,0.309,9,2,0.491,12944.88,8723.6,6727.79,24,10,0,own,car,1
61,68768.06,4.1,13743.84,0.2,3,1,0.483,1400.71,3980.47,12135.72,24,39,0,own,car,1
20,68349.05,10.9,30214.26,0.442,3,1,0.592,2977.24,8831.73,8404.88,12,0,0,mortgage,debt_consolidation,0
41,66658.19,7.8,3290.94,0.049,1,1,0.25,12239.04,8798.67,4939.13,12,22,0,rent,home_improvement,1
59,58656.28,11.9,25342.19,0.432,10,1,0.325,10794.72,3512.86,7633.72,36,37,0,rent,debt_consolidation,1
67,33521.31,5.9,12148.03,0.362,10,1,0.258,2753.65,1241.91,5251.11,12,49,0,rent,debt_consolidation,1
31,52382.4,5.2,15129.36,0.289,10,0,0.317,5309.62,1198.73,3575.74,48,9,0,mortgage,education,1
52,50018.14,10.7,24126.62,0.482,2,0,0.597,6647.05,5110.05,5071.17,24,29,0,mortgage,business,1
28,87128.37,8.8,11081.91,0.127,2,0,0.458,14308.83,5371.38,4184.59,24,5,0,mortgage,car,1
24,79899.31,2.9,35508.07,0.444,11,0,0.167,7571.89,2414.83,11650.17,24,1,0,mortgage,medical,1
37,47878.23,13.7,5722.43,0.12,7,1,0.35,7864.5,5339.42,15549.81,36,18,0,rent,home_improvement,1
64,72691.53,10.7,39612.26,0.545,3,0,0.336,926.03,8173.19,7734.35,12,46,0,own,business,1
54,54860.04,6.6,2049.86,0.037,0,2,0.742,4073.99,1055.67,4034.34,24,31,1,rent,car,1
43,31857.82,4.7,9977.7,0.313,9,0,0.337,4166.02,2699.75,17566.43,24,19,0,rent,debt_consolidation,1
33,25795.68,8.8,2812.99,0.109,9,0,0.677,2871.74,2479.01,26276.81,60,15,0,mortgage,education,0
26,69677.9,10.3,16459.79,0.236,0,2,0.248,15544.67,10573.28,2143.62,12,1,0,mortgage,home_improvement,0
32,39314.86,0.0,3869.04,0.098,5,1,0.603,1699.24,2296.59,7018.84,12,9,0,rent,debt_consolidation,0
26,39260.7,8.9,4818.37,0.123,5,1,0.479,1579.15,2617.76,4547.11,60,2,0,mortgage,home_improvement,1
28,44255.34,10.3,2315.42,0.052,5,0,0.103,10677.8,4413.09,2773.43,48,6,0,mortgage,medical,1
54,70213.17,0.0,1702.1,0.024,4,0,0.426,1609.17,9135.68,9582.1,24,35,0,mortgage,car,1
25,80287.5,8.0,32213.92,0.401,3,0,0.372,11846.21,6960.74,4073.83,12,3,0,mortgage,business,1
21,79677.49,10.5,20742.77,0.26,4,0,0.447,10939.14,6210.02,3837.28,48,0,1,mortgage,debt_consolidation,0
46,30747.14,9.9,1357.91,0.044,11,0,0.414,1828.52,1186.87,14090.27,48,21,0,mortgage,business,1
33,43647.31,11.0,22594.2,0.518,11,1,0.143,10325.32,2203.55,7295.54,60,10,0,own,debt_consolidation,0
42,41407.68,5.4,15435.68,0.373,1,3,0.229,3551.57,2452.06,12122.67,12,21,0,own,debt_consolidation,0
26,70195.61,1.8,11235.84,0.16,8,1,0.642,6463.75,7140.95,15642.12,60,3,0,rent,business,1
29,43869.84,0.0,11077.5,0.253,6,2,0.191,1934.91,3909.0,26710.07,36,8,0,rent,debt_consolidation,0
41,53541.29,12.5,14954.69,0.279,3,1,0.877,2640.36,1724.38,7746.14,36,23,1,rent,medical,0
54,72398.37,10.5,23316.75,0.322,2,0,0.523,2771.9,7902.65,16769.35,48,34,0,rent,home_improvement,1
40,56977.01,12.8,27032.67,0.474,9,0,0.598,7080.51,3316.77,11313.28,24,19,0,mortgage,medical,1
46,62677.75,3.4,20849.57,0.333,4,1,0.46,7564.79,3693.27,9054.33,36,25,0,rent,debt_consolidation,1
45,52896.68,11.0,28496.76,0.539,1,0,0.584,644.06,5557.79,8875.68,60,27,0,rent,education,1
32,77328.63,0.0,31334.24,0.405,11,0,0.457,13680.94,8607.01,9642.09,36,12,0,mortgage,medical,0
33,80055.78,2.7,43543.47,0.544,11,1,0.337,6293.7,6721.59,7590.13,60,8,0,mortgage,business,0
40,66647.88,7.6,20787.28,0.312,5,0,0.212,1471.99,10679.97,2868.42,12,15,0,mortgage,business,1
20,80171.33,10.3,30431.28,0.38,5,0,0.673,18116.18,0.0,4559.69,48,1,0,mortgage,business,1
53,127180.95,15.4,52282.34,0.411,5,0,0.224,8537.83,14619.35,1577.31,60,33,0,mortgage,medical,1
50,71960.29,5.8,30224.47,0.42,2,0,0.223,4812.34,1201.58,10685.87,36,25,0,rent,medical,1
34,55472.19,2.7,1827.68,0.033,1,0,0.714,4599.91,3651.3,2717.02,12,15,0,rent,debt_consolidation,1
38,63170.91,2.4,5531.33,0.088,3,1,0.684,10523.49,4288.81,3760.09,12,14,0,own,car,1
35,83062.38,3.6,11686.28,0.141,4,0,0.181,4872.0,5331.65,4381.57,24,13,0,rent,home_improvement,1
52,49077.19,18.1,8043.36,0.164,1,0,0.182,9784.65,1056.97,7758.95,48,33,0,own,car,1
57,47788.58,10.8,23886.89,0.5,0,0,0.473,1827.7,0.0,11023.3,60,33,0,mortgage,debt_consolidation,0
24,62806.5,12.6,25309.74,0.403,11,2,0.118,4000.81,0.0,9661.25,24,3,0,mortgage,car,1
40,55133.26,5.8,5289.44,0.096,10,1,0.605,480.14,3126.27,13025.88,12,20,0,rent,business,1
19,41277.14,7.0,10152.86,0.246,3,3,0.106,2818.95,3048.32,13979.96,12,0,0,mortgage,business,0
42,59538.4,10.5,8862.55,0.149,7,0,0.663,1607.46,5764.24,10147.96,24,20,0,rent,education,1
31,89152.43,4.5,40994.76,0.46,1,0,0.45,2818.0,11158.99,6040.99,36,13,0,rent,home_improvement,1
36,65886.24,5.5,33366.93,0.506,11,0,0.397,1855.47,7189.07,2667.81,48,17,0,mortgage,education,0
42,38673.74,3.6,4140.94,0.107,9,1,0.469,3296.41,4505.47,5464.58,24,20,0,rent,business,1
35,69467.37,4.8,16726.53,0.241,2,0,0.222,5785.96,1185.54,4315.86,48,11,0,mortgage,business,1
39,51424.21,7.2,26997.9,0.525,2,0,0.177,7442.94,6289.69,8115.09,36,19,0,mortgage,debt_consolidation,1
58,110606.18,2.9,40731.54,0.368,3,0,0.5,7236.21,9491.34,13118.94,48,33,0,mortgage,medical,1
60,67573.3,8.4,32441.36,0.48,1,0,0.243,8528.53,144.47,5354.67,24,42,0,own,medical,1
19,46194.6,8.4,9681.36,0.21,4,1,0.392,4286.04,5572.98,25075.71,60,0,0,own,debt_consolidation,0
38,71267.43,6.1,9346.17,0.131,8,0,0.209,3859.27,1638.86,4259.88,12,15,1,mortgage,education,1
62,60968.88,2.9,23557.83,0.386,8,0,0.411,10439.9,932.94,6677.61,24,43,1,rent,debt_consolidation,0
46,86044.17,7.5,7987.99,0.093,0,1,0.536,4037.75,12409.92,4014.16,36,24,0,mortgage,medical,1
29,47707.0,4.5,22190.82,0.465,4,2,0.412,892.65,3771.81,4842.4,60,4,0,rent,business,0
49,67520.04,7.2,28362.72,0.42,9,1,0.185,660.76,1009.76,8815.47,24,25,0,own,education,1
26,33532.44,12.5,6089.51,0.182,10,0,0.224,1907.35,1347.88,7628.81,24,6,0,mortgage,home_improvement,1
20,58676.7,0.7,16682.79,0.284,6,0,0.421,4347.12,7040.33,10766.12,36,0,0,mortgage,home_improvement,0
51,38346.56,17.9,17009.49,0.444,8,1,0.409,2876.4,270.09,10845.2,36,27,0,mortgage,business,1
45,60294.37,6.6,31081.9,0.516,2,0,0.453,520.06,3617.52,13475.42,36,26,0,rent,car,1
57,64762.2,9.1,13382.79,0.207,10,1,0.283,7142.91,3883.7,9357.59,36,34,0,mortgage,debt_consolidation,1
36,66632.79,3.2,29231.52,0.439,5,1,0.343,4321.09,13539.65,6366.36,36,13,0,own,home_improvement,1
62,47683.76,12.7,5868.32,0.123,8,0,0.331,6620.36,0.0,6641.38,12,42,0,own,home_improvement,1
40,59270.3,6.4,29568.55,0.499,3,0,0.677,5025.16,0.0,8732.93,60,20,0,mortgage,debt_consolidation,0
56,82204.96,5.0,31543.07,0.384,2,0,0.241,10119.34,3182.4,7458.57,12,37,0,rent,car,1
24,98746.09,4.1,9968.6,0.101,6,0,0.758,2404.04,3462.09,8627.1,48,2,0,mortgage,business,1
23,59949.11,5.7,24705.59,0.412,6,2,0.367,8339.81,4125.08,2897.1,12,5,0,rent,car,0
58,83007.33,9.1,33514.26,0.404,6,0,0.113,8660.41,3609.3,6095.1,48,39,0,own,debt_consolidation,1
61,42404.42,7.9,17530.74,0.413,9,1,0.065,2047.1,4639.09,1868.28,24,37,0,rent,education,1
67,50083.02,6.8,10156.09,0.203,9,0,0.818,11128.44,3578.61,18318.9,48,48,0,rent,education,1
35,62153.28,3.4,25613.0,0.412,3,0,0.889,20522.99,1167.65,7876.89,60,13,0,rent,business,0
20,55252.73,3.2,25310.29,0.458,5,0,0.08,2726.01,3049.01,11569.15,60,0,0,rent,education,1
68,53359.27,4.7,10884.13,0.204,1,0,0.123,7830.89,2858.51,12058.87,24,50,0,own,car,1
49,79918.16,9.3,10406.75,0.13,9,1,0.499,6438.3,9932.28,15514.13,48,30,0,rent,car,1
31,40255.53,10.3,19748.41,0.491,1,0,0.28,4807.56,4443.21,8460.19,24,13,0,own,debt_consolidation,0
57,41514.13,11.0,14487.1,0.349,0,1,0.574,4056.05,4268.01,5263.38,12,36,0,mortgage,medical,1
65,36478.39,7.0,9630.48,0.264,6,0,0.854,5232.75,1123.05,8799.0,60,45,0,own,debt_consolidation,1
33,62786.4,8.9,30530.78,0.486,11,0,0.718,760.89,5198.77,12889.42,36,9,0,mortgage,business,1
58,51401.54,6.2,4733.21,0.092,4,0,0.577,6002.5,492.45,5092.55,36,34,0,own,home_improvement,1
59,77179.64,0.0,34700.73,0.45,2,0,0.184,7847.37,7701.66,6486.05,36,39,0,rent,debt_consolidation,1
44,60979.53,5.9,17082.52,0.28,2,1,0.13,5349.72,7804.05,4889.06,12,24,0,rent,business,1
51,47324.77,5.1,2013.09,0.043,10,1,0.335,8810.26,0.0,7388.29,60,29,0,rent,education,0
32,45015.13,1.8,24104.91,0.535,7,0,0.671,1464.87,2834.29,11696.05,36,10,0,rent,car,0
66,25855.06,4.2,11179.09,0.432,5,0,0.351,3576.94,1626.57,9003.41,36,47,0,mortgage,car,1
69,54147.76,7.7,7246.09,0.134,11,0,0.315,2429.21,6106.02,5207.44,60,46,0,mortgage,car,1
69,38515.6,1.3,19625.96,0.51,1,0,0.239,2157.49,1461.17,11769.37,24,50,1,rent,home_improvement,0
56,80587.25,3.4,41561.51,0.516,7,0,0.593,3964.23,3000.94,3965.04,60,31,0,mortgage,home_improvement,1
21,50585.58,14.7,22472.48,0.444,4,3,0.425,4385.5,3824.44,19411.82,36,2,0,mortgage,home_improvement,0
37,34568.29,0.0,3021.28,0.087,2,1,0.686,4840.28,3388.05,17305.39,12,12,0,own,car,0
41,86236.59,6.1,10243.36,0.119,11,0,0.14,6980.55,6720.66,20398.25,36,21,0,mortgage,medical,1
67,54413.23,1.2,22833.83,0.42,11,0,0.718,8497.48,6078.45,5093.27,36,47,0,mortgage,car,0
46,69320.25,3.2,34959.39,0.504,10,2,0.294,4306.14,7078.07,4020.95,36,28,0,own,medical,1
46,47541.24,6.0,6368.61,0.134,1,1,0.531,982.71,1987.79,14526.49,36,28,0,own,car,0
26,87306.25,2.1,23069.69,0.264,8,1,0.163,8478.98,6012.67,16825.92,24,4,1,mortgage,medical,1
59,43100.49,9.9,4398.01,0.102,4,1,0.536,3040.23,4102.12,9861.15,60,35,0,own,education,1
36,51393.67,13.8,14048.16,0.273,4,0,0.135,11238.88,1444.86,20672.65,24,15,0,mortgage,debt_consolidation,1
23,31306.23,11.2,11287.16,0.361,2,0,0.38,1138.27,1056.85,3916.59,48,5,0,own,car,1
69,86537.3,12.1,2581.76,0.03,7,0,0.411,9444.66,0.0,14503.93,60,51,0,own,business,1
28,45639.05,0.1,16464.35,0.361,10,0,0.329,3709.13,5786.35,10382.99,12,5,0,rent,medical,0
19,63286.78,5.8,22724.22,0.359,2,0,0.077,1424.5,11150.56,3491.11,36,1,0,rent,home_improvement,1
22,66304.78,9.3,17315.79,0.261,6,1,0.673,1035.9,2251.79,15689.46,12,4,0,mortgage,business,0
42,81468.39,11.4,40291.27,0.495,7,0,0.22,1361.21,7871.06,3386.51,60,18,1,mortgage,education,0
24,61686.13,15.8,5641.45,0.091,7,0,0.451,8623.71,8037.63,12371.36,60,1,0,mortgage,debt_consolidation,1
61,55480.77,12.3,2618.43,0.047,3,1,0.461,4414.98,527.12,15516.06,60,37,0,own,debt_consolidation,1
45,78505.32,11.5,22200.56,0.283,0,0,0.512,9503.27,6696.79,2318.33,60,24,0,mortgage,debt_consolidation,1
35,65930.79,20.2,19944.61,0.303,9,0,0.449,8257.31,8854.61,15349.37,60,10,0,rent,car,1
19,52686.08,7.5,8500.65,0.161,7,0,0.349,12791.43,2888.58,7346.65,24,1,0,rent,medical,1
43,87932.67,5.6,46574.66,0.53,8,1,0.226,14324.36,5638.34,6705.32,24,25,1,mortgage,home_improvement,1
26,67666.14,7.9,10452.76,0.154,6,0,0.702,5343.39,9287.66,6014.27,12,5,0,mortgage,education,0
68,37512.9,2.4,6121.57,0.163,4,0,0.212,4326.23,1765.71,21956.78,12,47,1,own,education,0
33,93637.38,7.3,42120.23,0.45,3,0,0.329,2758.96,3706.09,10566.13,36,8,0,rent,medical,0
43,47151.29,0.0,24004.56,0.509,7,2,0.351,1160.45,2786.58,5130.36,60,25,0,mortgage,car,0
19,81325.38,4.4,24735.44,0.304,9,0,0.322,5840.72,12968.21,19211.15,60,0,0,rent,medical,0
25,34753.05,6.4,1046.02,0.03,3,0,0.27,1621.8,3767.33,16726.12,48,3,0,rent,home_improvement,1
29,78333.9,11.7,16323.26,0.208,0,1,0.414,6537.18,7483.18,9864.92,12,6,0,mortgage,business,1
21,38214.94,12.6,5299.96,0.139,1,2,0.109,2163.21,3630.6,10268.62,24,0,0,mortgage,education,1
56,61135.64,2.2,17780.66,0.291,6,1,0.561,9438.2,791.31,2413.85,24,33,0,own,business,0
67,67025.08,17.4,25587.7,0.382,2,1,0.274,7594.0,6502.22,6090.8,60,45,0,mortgage,medical,1
69,53055.75,7.7,12096.25,0.228,9,1,0.382,2603.18,2539.48,4503.71,60,47,0,rent,education,1
32,57648.32,8.2,17571.25,0.305,3,0,0.148,7280.59,3439.44,8474.27,36,13,0,rent,education,1
59,40712.22,0.0,17210.11,0.423,5,1,0.186,1236.55,2324.69,6457.96,24,37,0,mortgage,education,1
44,75470.26,3.9,11355.1,0.15,2,0,0.353,5842.69,8809.02,7722.3,48,23,0,mortgage,debt_consolidation,1
21,62225.89,12.2,7707.48,0.124,5,0,0.055,9764.77,10032.08,9421.67,60,0,0,rent,medical,1
23,43021.15,7.8,19229.88,0.447,8,1,0.638,528.63,1038.88,2351.42,36,2,0,rent,business,0
46,63022.6,7.5,2497.11,0.04,9,0,0.657,12090.16,7781.14,4879.71,48,26,0,mortgage,car,1
40,63680.45,8.1,6356.34,0.1,8,1,0.429,3728.19,3989.01,12611.07,48,15,0,rent,car,1
19,58564.52,0.0,1554.83,0.027,6,2,0.553,9314.45,6427.63,6418.95,60,0,0,rent,debt_consolidation,1
66,25942.09,6.5,8155.0,0.314,5,1,0.215,1521.4,2253.52,11493.92,24,47,0,mortgage,business,1
56,50564.72,14.0,17093.17,0.338,3,0,0.188,932.92,2082.48,18522.49,12,36,0,rent,business,1
44,75070.4,12.4,22629.69,0.301,11,0,0.135,3847.88,3034.91,13548.64,24,22,0,rent,debt_consolidation,1
69,68292.83,6.4,16360.41,0.24,8,0,0.106,12284.64,4187.56,3197.88,24,48,0,mortgage,debt_consolidation,1
68,67596.12,14.8,20304.89,0.3,10,0,0.342,6204.1,6084.54,1787.33,48,43,0,own,car,1
68,62067.08,0.7,7621.03,0.123,8,0,0.25,10020.34,6016.64,8715.33,12,49,0,mortgage,education,1
32,78085.1,2.1,35755.84,0.458,1,0,0.33,4684.63,17230.78,5146.24,24,11,0,own,home_improvement,1
63,47060.28,16.3,25403.59,0.54,3,1,0.312,1944.67,4682.78,8551.75,12,45,0,rent,car,1
44,43895.2,9.9,13455.2,0.307,5,0,0.143,6789.84,326.08,5306.83,36,23,0,rent,debt_consolidation,1
56,102158.78,5.6,22312.34,0.218,3,0,0.485,8034.66,13818.04,3295.12,48,34,0,rent,debt_consolidation,1
62,45486.7,6.7,19997.99,0.44,10,0,0.288,4675.36,4649.29,14911.71,24,43,0,mortgage,car,0
27,37103.75,3.0,4538.83,0.122,5,1,0.201,4038.49,2385.99,9049.24,60,5,0,rent,business,1
41,52741.67,8.4,10021.44,0.19,2,0,0.286,597.45,899.27,5907.53,48,18,0,mortgage,business,1
25,59279.85,8.0,30718.21,0.518,7,0,0.471,7693.73,3470.31,8402.56,12,1,0,own,car,0
33,78260.12,7.1,9292.29,0.119,4,0,0.686,2403.09,10254.78,27122.2,60,12,0,own,car,1
40,50600.17,1.2,4018.73,0.079,1,2,0.449,780.81,4930.39,1254.89,36,20,0,rent,debt_consolidation,1
62,50463.14,8.3,15621.75,0.31,11,0,0.499,2682.42,7083.27,7252.06,12,38,0,rent,education,1
62,57458.87,4.4,19037.92,0.331,11,2,0.122,3990.98,7912.78,6426.75,48,41,0,rent,business,1
38,47815.17,2.1,16089.3,0.336,9,1,0.736,9834.99,3959.24,6583.4,48,16,0,own,medical,0
35,34879.0,13.3,3738.1,0.107,3,1,0.521,4709.92,0.0,17323.53,12,10,0,rent,medical,1
46,37996.76,17.8,15282.55,0.402,9,2,0.536,546.4,1039.71,5391.32,24,24,0,rent,car,0
65,85560.23,16.7,12697.91,0.148,3,0,0.245,8725.79,0.0,1910.97,36,40,0,rent,medical,1
68,72433.5,10.3,37846.09,0.522,10,0,0.214,5649.49,10383.06,7749.75,24,45,0,rent,business,1
30,56810.18,5.7,7999.86,0.141,10,1,0.328,2016.8,5577.41,11512.05,36,10,0,own,education,0
28,68218.02,6.6,1990.27,0.029,2,1,0.17,8514.33,4203.41,6238.88,12,10,0,rent,business,1
55,73176.04,9.0,23486.43,0.321,3,0,0.295,15002.73,3391.91,18388.88,48,30,0,rent,home_improvement,1
34,46248.06,4.9,5897.06,0.128,8,2,0.481,3882.28,5854.28,7565.75,24,15,0,rent,debt_consolidation,1
29,40580.15,13.6,14330.64,0.353,2,1,0.057,2417.58,1113.02,12077.95,12,4,0,rent,medical,1
20,82421.35,0.0,11661.23,0.141,9,0,0.305,7210.5,644.22,19867.92,24,0,0,own,car,1
39,27609.27,5.5,6816.31,0.247,8,0,0.131,2823.16,96.97,5975.19,24,21,0,own,car,0
38,68587.42,11.0,7897.34,0.115,2,0,0.349,19364.38,5329.21,11386.26,24,14,0,rent,education,0
47,60855.31,2.8,15047.69,0.247,9,1,0.164,2702.03,1919.4,8446.0,36,24,0,rent,home_improvement,1
29,79517.6,5.8,7343.91,0.092,0,1,0.786,3665.69,9711.53,13098.25,24,11,0,mortgage,home_improvement,0
55,69444.11,10.0,13828.11,0.199,4,1,0.02,10558.01,4958.6,8348.35,12,35,0,rent,medical,1
53,68070.48,14.6,8538.34,0.125,2,0,0.481,3750.35,123.6,6692.77,48,33,0,own,business,1
42,41856.62,0.5,18941.54,0.453,0,3,0.479,435.89,2482.57,14555.65,48,19,0,mortgage,business,0
28,74139.01,0.2,30141.78,0.407,8,0,0.311,15327.11,1654.93,7867.31,48,5,1,own,home_improvement,1
44,65728.29,2.3,7125.88,0.108,1,0,0.318,13091.88,4245.49,13408.77,36,21,0,rent,medical,0
53,43571.59,0.0,2785.94,0.064,8,1,0.552,1142.47,5455.38,17380.52,36,31,0,rent,car,1
38,61038.02,0.0,2053.6,0.034,0,2,0.482,5136.06,3834.19,14061.18,12,13,0,own,business,1
32,39123.97,2.1,5482.68,0.14,10,2,0.085,591.38,1448.67,3496.52,12,8,0,rent,car,1
44,54199.51,13.2,14877.44,0.274,11,1,0.341,7737.29,5012.48,6756.18,12,20,0,own,debt_consolidation,1
37,117430.01,5.4,27236.49,0.232,3,0,0.634,16235.6,5737.17,7707.68,36,16,0,rent,home_improvement,1
39,41139.4,7.2,22005.24,0.535,5,0,0.494,3269.16,3985.05,12531.17,36,17,0,rent,home_improvement,1
36,34771.12,2.2,15295.47,0.44,7,0,0.242,5836.27,3006.76,8713.81,60,17,0,rent,car,0
34,38139.01,10.2,2343.22,0.061,7,0,0.453,645.69,661.45,17014.23,60,12,0,own,education,1
55,53946.63,16.4,5623.08,0.104,0,1,0.356,5155.77,234.35,5747.51,48,34,0,mortgage,education,1
42,71172.76,2.6,2426.81,0.034,11,0,0.087,744.09,3660.28,14335.13,24,17,0,mortgage,home_improvement,1
42,58026.26,15.6,5411.53,0.093,11,5,0.391,2013.73,5246.53,10227.62,60,22,0,mortgage,education,1
52,36246.94,8.8,10895.51,0.301,5,1,0.218,534.8,5667.43,6698.44,60,32,0,mortgage,business,1
37,70855.61,7.1,4298.89,0.061,6,0,0.7,16115.61,931.21,10205.97,12,17,0,rent,medical,1
24,30220.92,9.0,1563.33,0.052,2,1,0.592,4929.07,580.29,23867.06,48,4,0,own,business,0
62,37467.41,9.0,3095.77,0.083,8,0,0.253,432.17,4427.79,9687.44,24,40,0,rent,business,1
21,47179.65,16.3,17682.43,0.375,6,0,0.086,4722.3,3717.96,7877.87,24,3,0,own,debt_consolidation,0
48,81394.31,9.6,2462.98,0.03,3,0,0.322,951.16,4891.72,11371.39,48,28,1,mortgage,education,0
32,58797.04,9.7,31391.85,0.534,3,0,0.296,7638.57,6033.83,9025.17,36,8,0,mortgage,home_improvement,1
29,59569.57,4.9,13213.53,0.222,0,0,0.069,8977.15,7806.34,6538.13,24,10,0,rent,home_improvement,1
21,36433.98,11.2,7228.18,0.198,9,1,0.387,4784.03,4403.14,7313.08,36,0,0,own,home_improvement,0
64,48690.89,2.2,13226.92,0.272,0,0,0.596,4854.86,1647.35,777.82,12,46,0,mortgage,business,1
40,77207.36,7.5,22735.0,0.294,6,0,0.387,5347.73,7018.14,22109.72,24,16,0,rent,car,1
36,64303.84,21.4,15600.57,0.243,9,2,0.708,6103.69,8069.5,14572.08,60,14,0,mortgage,debt_consolidation,1
56,71747.67,0.0,19928.11,0.278,0,3,0.605,2581.76,3908.79,2321.7,60,31,1,mortgage,medical,0
20,56687.97,8.2,11340.94,0.2,1,1,0.601,5677.01,4968.26,5097.78,36,0,0,mortgage,education,1
47,77500.89,8.4,14776.62,0.191,9,0,0.368,4748.16,3072.74,6606.84,60,23,0,own,home_improvement,1
44,36362.93,5.9,1253.69,0.034,9,0,0.695,545.15,775.73,10903.82,60,20,0,mortgage,debt_consolidation,0
47,53521.96,6.0,20127.16,0.376,0,0,0.434,1647.89,4802.93,11622.02,60,29,1,rent,medical,0
25,67549.28,7.5,23450.01,0.347,3,1,0.217,10141.14,7783.14,7626.48,60,3,0,rent,home_improvement,0
67,32840.87,5.7,12298.08,0.374,7,2,0.23,548.45,3522.83,5595.05,48,49,0,own,debt_consolidation,1
31,24149.84,8.1,12527.95,0.519,6,0,0.049,2146.77,54.96,3221.35,12,7,0,rent,medical,1
53,102193.13,4.6,27667.25,0.271,6,0,0.536,5932.95,13781.01,11398.32,60,32,0,own,car,1
57,59067.76,17.1,28785.99,0.487,3,0,0.556,1802.89,5808.94,4840.03,60,37,0,rent,home_improvement,1
36,31872.42,5.7,8136.71,0.255,6,1,0.639,5432.59,4007.06,11292.44,60,15,0,rent,debt_consolidation,0
25,58567.22,9.8,15996.78,0.273,0,1,0.431,11178.85,1344.94,16925.2,48,3,0,rent,business,1
34,37637.39,3.7,13378.77,0.355,10,1,0.263,706.89,4200.7,9366.28,60,16,0,own,medical,1
60,41852.57,11.7,5626.15,0.134,6,0,0.449,3799.72,4252.2,4240.29,48,35,0,own,business,1
65,82371.17,10.7,11136.48,0.135,4,0,0.466,5366.99,529.47,1209.2,24,44,1,mortgage,home_improvement,1
66,47554.95,9.1,13800.96,0.29,4,2,0.176,4187.8,4365.74,3126.97,12,47,0,mortgage,medical,1
30,47431.04,1.9,2673.37,0.056,4,1,0.32,18780.19,866.44,15900.98,36,5,0,mortgage,car,1
49,37265.37,3.2,5419.46,0.145,5,2,0.447,2182.39,2631.91,25233.13,12,24,0,own,debt_consolidation,0
26,50830.98,15.4,22391.48,0.441,2,0,0.843,2064.75,9443.61,3478.66,48,7,0,rent,car,1
55,60350.57,3.2,16039.9,0.266,7,0,0.43,4474.43,5092.59,10021.72,36,36,1,rent,debt_consolidation,1
40,47537.46,10.2,1621.49,0.034,2,1,0.319,5003.13,3053.02,12548.33,36,21,0,mortgage,debt_consolidation,1
55,112119.47,2.3,5851.85,0.052,3,0,0.656,6283.88,0.0,14860.29,12,36,0,rent,home_improvement,1
53,40076.61,12.0,20332.59,0.507,10,1,0.902,14979.41,3383.58,32388.96,24,33,0,mortgage,debt_consolidation,1
69,40003.16,3.6,21084.1,0.527,6,1,0.603,1522.88,2494.58,1632.18,48,46,0,mortgage,car,0
43,50159.47,2.2,18046.63,0.36,10,2,0.413,6621.75,0.0,4838.58,48,19,0,mortgage,car,1
36,106988.77,3.4,12626.91,0.118,7,0,0.673,23182.43,1649.16,4246.58,60,11,1,mortgage,car,1
45,72156.95,4.2,15519.93,0.215,9,0,0.545,370.69,8260.84,18344.84,60,20,0,own,debt_consolidation,1
27,47028.77,9.0,8554.42,0.182,1,1,0.189,5277.15,6327.38,12688.19,60,3,0,mortgage,education,0
24,43000.74,7.3,18754.04,0.436,6,3,0.262,1706.42,3168.03,17290.06,24,6,0,mortgage,debt_consolidation,1
45,47041.06,1.5,14331.41,0.305,4,0,0.415,1458.38,5670.81,4351.09,24,27,0,mortgage,medical,1
61,39603.34,6.9,17156.88,0.433,0,0,0.145,2749.16,2839.31,20076.49,36,40,0,rent,education,1
46,49682.11,1.3,10486.43,0.211,1,0,0.332,10269.54,1600.67,10953.4,36,27,0,own,education,1
58,53033.4,10.2,25500.64,0.481,2,0,0.449,8237.31,9550.28,5010.17,36,38,0,mortgage,business,0
28,71004.96,11.1,17570.61,0.247,0,0,0.478,1045.35,0.0,10129.47,12,5,0,rent,medical,1
41,65875.02,6.9,15889.6,0.241,5,1,0.287,10182.3,6007.89,11385.98,24,17,0,mortgage,car,1
50,49149.5,8.4,13723.63,0.279,0,0,0.142,1910.95,1843.16,10353.99,24,26,0,mortgage,business,1
36,91928.18,15.8,30672.49,0.334,9,0,0.634,16898.2,5481.07,15513.6,60,17,0,rent,debt_consolidation,1
19,44961.42,6.2,22205.51,0.494,7,2,0.463,376.94,6721.16,9428.42,24,0,0,rent,education,0
22,34561.66,2.3,9076.25,0.263,11,0,0.239,4103.69,2498.33,7218.65,36,0,0,mortgage,medical,1
66,61308.21,9.9,31449.41,0.513,1,1,0.43,2119.76,3301.99,4600.1,36,43,0,rent,education,1
49,80198.4,1.3,18336.9,0.229,0,0,0.32,12312.73,3427.19,12169.75,36,24,0,rent,education,1
32,55941.02,5.9,10741.99,0.192,10,0,0.168,13713.16,5490.18,11888.66,24,11,0,mortgage,car,0
32,36806.71,4.0,6491.75,0.176,4,1,0.365,2592.91,835.49,5660.05,36,11,0,mortgage,debt_consolidation,1
21,59628.35,3.5,1861.03,0.031,9,0,0.764,2931.63,4458.0,9698.95,12,0,0,rent,car,1
67,62154.21,5.7,29215.36,0.47,2,0,0.314,3889.89,3934.9,6486.46,60,43,0,rent,home_improvement,1
24,64364.29,11.5,3990.19,0.062,0,1,0.377,4854.03,1989.05,5803.13,24,0,0,own,home_improvement,0
57,60032.97,12.5,11838.24,0.197,5,3,0.103,6960.46,0.0,20852.26,48,38,0,rent,business,1
31,83963.98,11.6,12824.83,0.153,6,0,0.271,1384.77,6023.71,5668.64,12,7,0,mortgage,education,1
36,39305.4,8.7,16294.11,0.415,1,4,0.511,1074.04,2020.88,20904.31,48,12,0,rent,debt_consolidation,0
32,21646.84,5.7,11132.35,0.514,0,1,0.134,1869.02,1758.15,11732.62,12,10,0,mortgage,education,1
61,30230.94,0.0,13690.27,0.453,2,1,0.496,2336.75,0.0,12530.19,36,40,0,mortgage,business,1
20,36644.0,8.8,6947.67,0.19,1,0,0.059,936.76,1725.01,4870.42,36,1,0,mortgage,education,1
36,75256.82,0.0,19683.53,0.262,11,0,0.508,13379.75,8478.97,18104.54,60,16,0,own,car,1
33,50826.29,0.0,7671.19,0.151,11,0,0.203,2224.41,0.0,4518.45,48,12,0,mortgage,car,1
32,94600.35,6.2,48218.7,0.51,0,0,0.89,26542.27,15490.72,9921.63,48,8,0,own,medical,1
28,38407.15,8.3,3185.28,0.083,5,1,0.137,4327.63,3385.7,26578.39,60,5,0,mortgage,business,1
65,93893.72,4.7,49250.62,0.525,4,0,0.194,13598.1,5905.74,8397.2,60,46,0,rent,medical,1
38,41998.71,14.7,18951.42,0.451,0,1,0.497,3998.21,3164.79,6289.47,24,20,0,rent,medical,0
40,53001.75,9.3,21048.91,0.397,7,0,0.534,2627.55,1447.95,6704.98,24,17,0,rent,medical,0
38,31941.31,5.8,13741.68,0.43,10,1,0.395,2959.05,4500.74,6374.28,12,16,0,mortgage,education,0
68,89269.01,13.9,17840.75,0.2,7,0,0.094,6044.21,7040.48,5469.1,48,47,0,own,business,1
36,55395.28,14.8,9794.99,0.177,11,1,0.48,1114.86,4057.17,14684.88,48,14,0,own,car,1
36,114054.01,9.6,25337.45,0.222,7,0,0.181,2361.93,13694.33,11990.83,12,14,0,mortgage,car,1
35,81520.41,3.1,9477.16,0.116,6,0,0.361,4792.88,7279.53,8236.02,36,13,0,mortgage,car,1
35,52570.65,4.2,21846.83,0.416,11,1,0.51,6218.93,1889.54,9658.57,60,14,0,mortgage,medical,0
23,44131.23,0.0,11993.69,0.272,8,1,0.313,2590.85,3011.64,2737.5,60,2,0,rent,business,0
49,76435.4,6.8,37413.55,0.489,9,0,0.271,4610.3,7513.72,2167.41,24,31,0,own,debt_consolidation,1
20,57335.03,1.7,27838.58,0.486,9,0,0.457,6947.05,4176.74,10472.35,36,0,0,own,education,1
30,43375.25,5.4,4450.41,0.103,0,1,0.503,2518.61,110.8,5286.8,24,12,0,rent,medical,1
29,58735.53,8.3,7986.49,0.136,8,0,0.857,20800.23,8216.83,15454.85,60,6,0,rent,home_improvement,0
33,28836.33,0.0,6852.65,0.238,8,0,0.677,1259.65,2246.32,4456.59,24,15,0,mortgage,debt_consolidation,0
57,64784.47,0.7,5375.28,0.083,5,1,0.434,9857.82,3245.96,1571.54,12,37,0,own,medical,1
49,69030.9,4.5,26604.5,0.385,6,1,0.645,5911.62,7068.1,3194.31,60,28,0,mortgage,medical,1
69,37985.85,6.7,15609.36,0.411,9,0,0.327,19326.81,1714.39,10225.18,60,44,0,rent,home_improvement,1
36,84781.35,4.5,34108.87,0.402,1,0,0.097,4625.83,0.0,3145.23,12,15,0,rent,business,0
66,78311.19,5.6,21082.27,0.269,6,0,0.776,10595.18,5448.53,8651.09,36,48,0,mortgage,car,1
21,62768.96,3.5,29307.12,0.467,9,0,0.288,4794.89,6480.05,2895.72,48,0,0,rent,debt_consolidation,0
44,41025.17,0.0,13993.61,0.341,3,0,0.526,296.26,2306.12,5802.56,60,19,0,own,medical,1
59,70462.47,4.3,38515.79,0.547,3,0,0.248,5807.96,4097.22,8348.33,12,38,0,rent,medical,1
46,49916.86,5.9,22571.52,0.452,0,1,0.359,2705.6,3014.61,11291.2,12,21,0,rent,debt_consolidation,1
66,60543.09,5.4,24386.58,0.403,3,0,0.349,5997.17,3906.78,5274.78,60,45,1,mortgage,car,0
35,72805.27,7.6,6213.97,0.085,4,0,0.435,3019.6,5606.07,6499.82,12,12,0,rent,car,0
20,34746.85,9.1,16027.96,0.461,11,0,0.662,160.36,3806.16,4571.55,12,0,0,rent,medical,0
58,31536.47,10.4,5738.16,0.182,0,0,0.392,7336.93,3357.09,5818.15,36,34,0,rent,home_improvement,1
22,48311.39,3.8,11692.54,0.242,7,0,0.158,2248.69,8273.32,7896.15,24,2,0,mortgage,medical,1
58,106541.36,0.0,28261.48,0.265,0,0,0.877,15749.9,16707.28,9457.43,12,37,0,own,education,1
56,115898.25,13.4,22669.07,0.196,9,1,0.69,8330.45,3077.92,11323.17,36,33,0,own,home_improvement,1
62,64284.76,8.9,4980.31,0.077,5,0,0.584,6289.21,3739.46,9101.1,36,43,0,mortgage,education,1
43,79090.88,2.2,9938.78,0.126,5,1,0.782,7223.54,8357.1,4701.93,48,18,0,own,medical,1
64,56172.81,8.4,25043.93,0.446,11,0,0.611,3263.89,0.0,8166.54,24,43,0,own,medical,1
27,58753.28,12.3,21486.26,0.366,8,1,0.311,4869.28,5010.12,19729.33,60,2,0,rent,business,0
41,52980.92,15.6,27534.5,0.52,1,0,0.307,7511.05,1415.93,3549.9,36,17,0,own,home_improvement,1
25,82511.49,8.3,37556.44,0.455,3,1,0.192,7067.06,5516.86,9847.0,12,4,0,rent,home_improvement,0
58,95000.58,12.3,22151.92,0.233,3,0,0.314,15459.71,6660.83,17977.85,48,36,0,rent,education,1
55,58287.29,1.0,25453.43,0.437,7,0,0.342,3148.83,0.0,7606.36,24,33,0,mortgage,medical,1
60,58666.22,6.8,19096.29,0.326,9,0,0.216,4477.91,11171.37,1206.91,48,36,0,mortgage,education,1
57,53891.56,5.3,9255.31,0.172,7,3,0.889,1496.81,2289.27,9557.68,48,34,0,rent,car,0
34,95893.63,8.7,51475.44,0.537,4,1,0.331,10006.72,13560.35,7328.62,48,10,0,rent,home_improvement,1
22,75569.91,15.1,38699.37,0.512,8,0,0.314,5403.99,0.0,11530.21,12,1,0,own,medical,0
66,40718.99,8.2,3235.74,0.079,9,1,0.404,3664.88,1493.9,8982.84,24,47,0,mortgage,debt_consolidation,1
44,105304.77,2.3,48955.49,0.465,0,0,0.2,23493.23,11434.88,5786.87,60,19,0,rent,education,1
23,25643.79,0.7,1568.73,0.061,6,2,0.524,1864.78,1450.93,4789.91,48,0,0,own,debt_consolidation,0
66,92333.16,15.2,47299.89,0.512,8,0,0.374,18943.95,10028.72,15324.42,12,43,0,mortgage,education,0
69,80121.89,9.6,28107.4,0.351,7,0,0.243,3047.02,8039.03,4042.58,36,51,0,own,car,1
41,58348.89,9.2,6318.52,0.108,2,0,0.416,2446.67,1582.07,12828.32,48,22,0,rent,education,0
58,57866.37,5.3,26222.09,0.453,1,0,0.09,2279.96,7510.05,4668.45,36,33,0,mortgage,medical,1
20,54805.76,8.3,16078.06,0.293,3,0,0.58,1341.28,5332.19,7167.78,48,2,0,rent,home_improvement,1
23,41340.04,2.1,2131.55,0.052,4,0,0.715,3556.07,0.0,1570.05,48,3,0,mortgage,home_improvement,1
33,102121.83,8.9,45256.98,0.443,11,0,0.555,11973.64,7517.84,26797.08,60,13,0,rent,education,1
52,57282.94,1.1,25079.57,0.438,7,2,0.274,16726.39,5786.27,2694.65,36,32,0,own,business,0
25,41102.16,5.2,11323.31,0.275,10,0,0.41,2886.39,2604.57,11551.04,60,0,0,mortgage,medical,0
20,99778.9,3.8,40658.72,0.407,0,0,0.321,21621.88,7062.35,17641.13,36,0,0,rent,debt_consolidation,1
53,66753.7,0.0,2755.5,0.041,9,0,0.159,1955.62,6185.62,5849.26,48,28,0,mortgage,home_improvement,1
58,68141.57,5.3,12851.26,0.189,2,1,0.804,2970.14,0.0,10736.75,24,33,0,rent,car,1
56,108211.72,2.5,40775.03,0.377,6,0,0.775,7308.0,6309.76,9047.55,48,38,0,own,business,1
59,71399.53,5.9,10154.51,0.142,4,0,0.617,2207.46,3542.39,9855.97,48,36,0,mortgage,medical,1
59,46329.53,7.0,11986.29,0.259,10,2,0.459,4338.42,4916.16,7950.0,12,35,0,rent,education,0
49,71361.36,15.8,36674.87,0.514,8,1,0.644,1620.28,2864.32,5715.99,24,29,0,mortgage,car,0
45,42537.74,8.5,19489.87,0.458,5,0,0.142,3413.24,7048.46,17199.18,36,20,0,mortgage,education,1
62,49193.6,8.7,15532.3,0.316,6,1,0.375,3742.16,1917.17,14015.82,12,42,0,own,home_improvement,1
36,63570.31,9.5,20702.29,0.326,8,0,0.319,6636.89,758.0,5792.54,60,11,0,rent,education,1
23,78662.6,11.4,38553.58,0.49,8,0,0.656,16058.73,10195.84,9881.38,12,0,0,own,home_improvement,0
57,47201.25,9.3,22534.89,0.477,6,0,0.389,2102.3,4623.42,19856.58,12,35,0,own,medical,1
33,54272.31,8.4,3625.24,0.067,8,0,0.214,14010.96,4736.66,8920.79,60,15,0,mortgage,car,1
68,54079.79,10.6,14426.11,0.267,9,0,0.319,8848.42,3017.74,6965.77,12,48,0,rent,car,1
40,83511.01,0.0,10117.56,0.121,0,0,0.736,8643.95,4195.7,1047.96,60,16,0,mortgage,education,0
62,57841.17,17.4,3707.99,0.064,4,0,0.192,1352.1,5253.12,8290.2,24,39,1,mortgage,debt_consolidation,1
21,104768.75,14.9,18331.35,0.175,10,0,0.146,9642.7,4135.3,11201.46,60,0,0,rent,medical,1
52,49181.05,8.1,16900.64,0.344,3,2,0.087,1374.72,7712.79,8450.45,24,32,0,mortgage,home_improvement,0
41,47879.18,0.0,21115.5,0.441,9,0,0.722,6001.17,3817.5,3457.91,36,21,1,own,education,0
42,91715.14,13.1,46188.89,0.504,6,0,0.114,5052.19,4979.03,4157.58,60,24,0,mortgage,medical,1
32,69339.25,3.5,16930.34,0.244,3,0,0.447,13050.4,3267.84,12481.61,24,10,0,rent,business,1
68,127590.69,9.7,31110.59,0.244,4,0,0.536,24670.56,884.31,2628.78,24,49,0,rent,education,1
39,90452.81,0.6,9155.98,0.101,5,0,0.31,12026.04,9330.41,8714.3,60,15,1,rent,medical,1
62,37564.22,18.1,4630.39,0.123,1,2,0.248,1212.32,1061.76,10794.73,12,41,0,mortgage,car,1
40,57380.29,0.0,4264.63,0.074,3,0,0.188,3563.55,3455.71,9010.68,48,21,0,rent,home_improvement,1
21,63541.97,7.3,34136.48,0.537,8,2,0.416,12331.52,12329.62,3480.53,24,0,0,own,business,0
63,62022.57,0.0,5434.83,0.088,10,1,0.362,23007.11,0.0,1676.31,60,38,0,rent,medical,1
28,54564.24,6.8,22972.66,0.421,11,1,0.471,2826.42,3366.59,2739.06,36,4,0,mortgage,debt_consolidation,0
32,61599.19,4.9,11606.22,0.188,4,0,0.37,5710.58,0.0,9268.99,24,13,0,mortgage,education,1
62,62711.81,12.7,19107.56,0.305,9,0,0.017,3323.61,2496.18,1762.55,24,37,0,rent,car,1
64,47445.68,4.9,22894.27,0.483,4,1,0.432,1624.23,2825.33,6912.22,48,41,0,own,medical,1
65,82287.5,12.7,42474.24,0.516,9,1,0.71,3386.53,121.97,12590.15,12,43,0,rent,debt_consolidation,1
40,100224.5,1.9,14765.28,0.147,10,0,0.08,7833.06,8731.85,13171.25,48,17,0,own,education,1
57,73478.71,5.6,36957.79,0.503,5,1,0.483,1166.1,10293.46,6831.51,12,39,0,mortgage,business,1
35,66022.6,5.7,10140.27,0.154,7,0,0.173,11156.14,5500.32,11336.07,48,16,0,rent,debt_consolidation,1
56,56152.75,9.5,25074.59,0.447,10,0,0.499,3703.97,6102.63,4564.81,24,35,0,own,education,1
44,63363.36,8.8,1779.41,0.028,1,0,0.115,6211.79,9370.09,12250.0,24,26,1,mortgage,car,1
21,65551.07,10.6,19906.07,0.304,2,0,0.119,6267.37,6360.04,11530.27,24,3,0,rent,education,1
40,41388.14,8.3,16748.98,0.405,7,0,0.654,2777.35,0.0,7292.65,60,16,0,rent,education,0
42,80835.52,10.3,37559.23,0.465,2,0,0.775,4084.95,6112.84,4739.74,60,24,0,own,debt_consolidation,0
32,50273.44,2.5,23417.28,0.466,9,4,0.324,2296.2,0.0,6873.33,36,11,0,mortgage,education,1
38,93509.53,8.9,16682.1,0.178,3,0,0.7,15158.14,2856.75,8439.76,12,15,0,own,debt_consolidation,1
44,20321.44,15.0,9595.16,0.472,4,1,0.374,477.61,0.0,1329.08,48,21,0,rent,business,1
21,60909.67,0.0,11666.21,0.192,9,2,0.725,8059.63,4891.8,14156.72,12,0,0,rent,debt_consolidation,1
26,81336.95,9.4,11704.12,0.144,6,1,0.502,11212.04,1773.39,6029.86,36,8,0,mortgage,home_improvement,0
58,73096.84,10.4,1519.01,0.021,9,0,0.303,3275.56,5970.98,11295.66,60,39,0,rent,business,1
36,37714.9,14.3,5465.99,0.145,7,0,0.082,2153.81,3987.52,6115.95,12,12,1,own,medical,0
50,90427.33,10.6,7484.9,0.083,6,0,0.303,9223.11,1695.68,11116.8,24,32,0,rent,home_improvement,1
47,44834.34,7.5,16934.66,0.378,6,0,0.217,4311.73,3552.19,5377.16,36,23,1,own,education,1
47,49171.27,9.2,4756.7,0.097,9,1,0.746,7939.85,0.0,17123.13,12,22,0,mortgage,education,1
40,50592.08,3.3,16708.2,0.33,11,1,0.594,7113.12,0.0,14691.62,24,19,0,own,education,0
43,33483.8,5.1,2914.02,0.087,0,0,0.502,1373.66,4354.46,7677.07,24,19,0,own,education,0
61,61863.46,0.3,24333.49,0.393,6,0,0.502,11692.54,1396.11,2928.79,60,41,0,mortgage,medical,1
68,83155.07,14.4,14247.72,0.171,9,0,0.768,4600.91,3360.37,5691.08,12,49,0,mortgage,car,1
32,92667.72,9.3,17014.64,0.184,7,0,0.213,2094.67,2388.69,9284.09,60,14,0,mortgage,business,1
53,54559.44,2.4,19608.89,0.359,5,0,0.298,914.03,0.0,14787.06,60,31,0,rent,business,0
68,57674.66,8.4,29854.77,0.518,9,0,0.29,7441.58,863.39,4179.05,24,48,0,rent,medical,1
19,74856.83,12.8,40838.03,0.546,5,0,0.13,23413.4,4968.81,11573.75,60,1,1,own,debt_consolidation,0
59,55064.63,12.0,11527.76,0.209,1,1,0.226,2121.31,2610.2,9116.87,48,38,1,own,business,1
44,85834.12,2.4,44767.05,0.522,3,0,0.35,1235.06,10328.39,6088.8,60,21,0,rent,medical,1
68,56726.41,0.0,19543.97,0.345,0,0,0.281,6817.99,2027.29,7834.81,36,49,0,mortgage,business,1
48,42884.61,9.0,21460.67,0.5,8,0,0.013,1325.49,2833.19,4606.45,24,29,0,rent,medical,1
61,62407.37,2.6,2169.38,0.035,11,1,0.497,9330.74,2462.98,10688.1,48,43,0,own,car,1
27,35378.7,10.1,1329.59,0.038,4,2,0.282,2392.7,4010.68,8614.39,36,4,0,rent,business,1
26,62126.04,11.8,3698.0,0.06,8,2,0.513,2561.19,0.0,5604.81,36,8,0,rent,education,1
66,66108.75,12.6,29506.21,0.446,11,1,0.417,4629.64,5986.23,19305.19,12,41,0,mortgage,car,0
45,44905.1,15.7,4181.42,0.093,4,1,0.029,9826.01,3902.81,11083.41,36,22,0,mortgage,medical,1
47,65221.72,13.2,7408.54,0.114,10,1,0.6,862.19,1669.82,10637.0,36,24,0,mortgage,education,0
27,52868.25,15.7,17460.37,0.33,0,0,0.423,8143.22,3262.02,7668.79,48,7,0,rent,debt_consolidation,1
30,44313.89,13.9,23373.2,0.527,8,1,0.289,7291.02,3811.64,8616.87,60,12,0,own,home_improvement,0
60,33915.7,14.3,10872.34,0.321,1,0,0.409,1890.6,1087.93,3907.24,60,36,0,rent,business,0
34,36575.65,6.8,14932.95,0.408,9,0,0.329,4585.48,1135.07,5954.91,24,15,1,rent,debt_consolidation,0
48,97006.74,0.6,11592.22,0.119,0,0,0.508,9854.48,502.52,12365.59,12,29,0,rent,medical,1
35,52161.63,19.4,26316.18,0.505,9,0,0.183,8520.34,8751.89,12010.92,24,10,0,mortgage,education,1
32,65558.33,7.3,3252.65,0.05,4,0,0.496,4618.24,2840.0,3940.75,12,13,0,rent,home_improvement,0
27,54410.84,13.1,9244.08,0.17,2,1,0.587,1157.26,291.98,4606.0,60,9,0,mortgage,car,1
66,97902.64,4.2,25501.07,0.26,6,0,0.588,19272.81,0.0,11147.68,36,45,0,rent,car,1
66,44382.02,11.8,6207.77,0.14,11,1,0.514,1921.36,1177.36,11279.92,48,48,0,mortgage,car,1
24,59325.15,0.0,22056.69,0.372,1,0,0.147,3248.15,4746.76,4809.02,48,1,0,mortgage,debt_consolidation,0
37,49062.31,4.9,18631.9,0.38,3,1,0.798,3178.66,2644.15,12448.99,12,14,0,rent,car,0
47,81019.63,6.5,10717.66,0.132,7,0,0.036,14565.49,6821.67,4906.68,60,23,0,mortgage,business,1
38,65320.33,9.3,1603.83,0.025,1,2,0.254,18325.45,6690.82,7167.89,60,15,0,rent,debt_consolidation,1
55,58595.55,12.4,3479.88,0.059,11,1,0.225,3506.32,3464.22,7525.89,24,32,0,mortgage,education,1
32,38064.04,1.5,769.91,0.02,6,0,0.628,2352.51,2294.85,12019.97,36,9,0,rent,education,1
22,113827.2,10.3,56897.51,0.5,11,0,0.462,11228.38,16499.55,13843.05,36,0,0,rent,medical,0
36,54931.58,13.1,19197.64,0.349,4,0,0.448,1827.19,5685.35,6188.74,24,15,0,mortgage,medical,1
49,42042.97,18.7,3925.58,0.093,9,0,0.107,5087.19,3611.15,10258.67,60,29,0,mortgage,education,1
28,33961.48,10.5,2344.42,0.069,3,1,0.338,4137.25,1681.51,21478.85,48,7,0,mortgage,home_improvement,0
60,36205.64,4.7,16412.93,0.453,5,0,0.192,3646.39,3636.43,15310.87,24,35,0,mortgage,debt_consolidation,1
19,58407.6,0.6,26274.71,0.45,4,0,0.148,1366.28,4922.74,4114.95,60,0,0,mortgage,home_improvement,1
22,81472.6,16.1,41674.15,0.512,6,0,0.15,22279.48,6713.28,8074.55,12,2,0,own,home_improvement,1
44,63847.07,10.7,6666.59,0.104,2,1,0.296,8226.37,6546.1,9362.08,24,24,0,mortgage,education,1
45,34547.53,6.9,10253.9,0.297,6,1,0.103,8577.26,2866.42,7568.85,60,26,0,rent,debt_consolidation,1
34,58366.81,0.0,4925.13,0.084,10,2,0.311,1576.37,0.0,8381.41,36,14,0,rent,debt_consolidation,1
32,90142.88,2.3,39815.12,0.442,1,1,0.164,3410.5,6255.95,11545.6,24,10,0,rent,medical,1
22,51569.65,10.2,12305.39,0.239,9,0,0.359,2371.32,562.81,13693.65,48,4,0,mortgage,education,1
52,63912.33,8.8,24848.32,0.389,10,0,0.368,18066.54,6284.59,13021.44,60,28,0,mortgage,medical,1
38,52312.4,0.0,1886.71,0.036,0,0,0.385,4982.77,0.0,11718.92,24,15,0,rent,car,0
25,68670.78,10.2,29686.61,0.432,8,2,0.201,5507.26,4471.39,3980.16,24,0,0,own,debt_consolidation,0
39,44161.14,0.0,6254.44,0.142,5,1,0.699,297.57,3071.78,11390.33,12,17,0,mortgage,debt_consolidation,1
66,20677.5,13.8,9649.91,0.467,7,0,0.136,1268.23,192.67,5086.79,48,45,0,mortgage,car,1
32,38752.77,8.0,4592.4,0.119,3,1,0.715,2746.88,2426.41,4053.52,36,9,0,rent,home_improvement,0
64,49444.08,4.7,21693.67,0.439,2,1,0.133,5137.44,5194.25,6140.1,60,43,0,rent,car,1
32,56413.67,12.0,5137.93,0.091,3,0,0.334,16118.38,2190.73,3302.12,12,13,0,own,medical,1
28,50089.59,8.8,18613.85,0.372,1,0,0.419,10770.49,4064.39,5372.39,24,4,1,own,medical,1
32,49761.7,13.6,21547.17,0.433,4,0,0.188,3356.47,4580.49,8954.06,60,14,0,own,business,1
35,81719.08,7.4,18362.56,0.225,10,0,0.11,2979.42,1086.63,13739.9,36,10,0,rent,debt_consolidation,0
25,40688.9,7.7,6082.84,0.149,9,0,0.452,2705.25,2796.66,12288.9,36,1,1,mortgage,debt_consolidation,0
48,58497.92,5.6,11851.66,0.203,2,0,0.64,5190.92,3283.15,7189.98,36,26,0,own,car,1
36,35212.24,8.3,6239.38,0.177,6,1,0.383,4414.04,2321.35,6261.16,48,15,0,mortgage,business,1
55,73495.94,15.5,26129.67,0.356,0,0,0.435,172.73,0.0,2383.63,36,37,0,rent,education,1
44,63287.54,4.5,2760.46,0.044,0,0,0.355,4262.49,0.0,17679.38,12,24,0,own,business,1
41,112974.59,10.2,4740.56,0.042,7,0,0.296,8078.6,14423.48,15317.77,24,19,0,own,home_improvement,1
43,40192.98,2.6,6934.07,0.173,3,0,0.672,2646.1,4199.41,9294.75,48,18,0,own,medical,1
26,99661.35,0.0,16623.1,0.167,8,0,0.648,28336.93,7740.87,13370.67,36,5,0,rent,debt_consolidation,0
55,41906.74,8.0,4770.97,0.114,1,0,0.467,3132.67,4683.0,8478.67,48,37,0,rent,debt_consolidation,1
24,51439.0,8.9,20571.07,0.4,1,1,0.53,4275.8,19.12,3921.86,48,3,0,own,debt_consolidation,1
55,36971.73,6.4,1205.07,0.033,8,1,0.513,9691.26,2045.18,2927.85,12,35,0,rent,home_improvement,1
69,112406.88,0.0,57310.02,0.51,2,0,0.422,23915.18,5689.51,9074.23,24,50,0,mortgage,debt_consolidation,1
57,66549.42,8.5,28048.45,0.421,0,0,0.716,12803.92,1873.86,20687.5,12,36,0,rent,car,1
42,66794.78,8.3,15601.1,0.234,9,0,0.367,6713.29,666.77,778.01,48,19,0,rent,business,1
35,43130.71,2.6,20497.23,0.475,8,2,0.531,2503.95,5713.74,9245.04,24,13,0,rent,education,0
63,26381.13,0.2,9170.65,0.348,11,2,0.461,938.1,928.57,8041.41,24,38,0,own,home_improvement,0
32,50745.89,5.7,16351.42,0.322,7,0,0.388,8338.68,4526.46,10045.35,48,12,0,own,debt_consolidation,1
43,47627.65,10.3,8853.95,0.186,5,1,0.182,11762.08,3966.38,7816.92,24,20,0,own,car,1
58,30734.82,9.1,11416.31,0.371,8,0,0.408,3857.56,3655.53,23038.32,12,35,0,mortgage,education,0
66,51854.66,2.6,4876.32,0.094,9,1,0.547,1576.39,5360.49,2589.93,12,46,0,rent,medical,1
65,58534.67,7.7,17454.84,0.298,7,0,0.439,5555.61,3002.23,5831.13,24,42,0,rent,debt_consolidation,1
23,68104.94,11.4,5553.16,0.082,3,0,0.393,12826.49,232.41,7110.15,60,2,1,mortgage,debt_consolidation,1
64,27414.73,1.1,7016.19,0.256,10,3,0.328,1066.67,3050.82,3250.07,24,39,0,own,medical,1
24,37672.44,7.3,13058.16,0.347,8,0,0.426,1531.65,4813.14,12237.09,36,1,0,own,home_improvement,0
48,43617.23,13.7,4467.14,0.102,10,1,0.435,5188.95,8279.62,6272.19,36,24,0,rent,home_improvement,1
66,83008.55,0.6,11432.22,0.138,6,1,0.066,10528.17,9593.07,5579.72,24,42,0,rent,home_improvement,1
52,82438.52,12.8,37181.97,0.451,5,1,0.596,9491.52,2862.72,12598.4,48,30,0,rent,business,1
67,65303.63,15.1,10156.53,0.156,10,0,0.092,13355.47,2691.71,7453.4,48,42,0,mortgage,business,1
36,51551.32,5.9,3641.83,0.071,7,3,0.232,4226.36,0.0,4031.33,12,14,0,own,education,1
35,84857.58,5.3,16569.78,0.195,9,0,0.276,4608.3,2213.17,3835.91,24,14,0,rent,home_improvement,1
35,62566.65,12.2,32260.88,0.516,10,1,0.271,9727.46,201.7,7689.06,60,10,0,rent,business,1
37,83146.89,6.1,32236.45,0.388,3,0,0.215,27014.12,7987.92,13786.98,36,12,0,mortgage,business,1
53,66336.52,0.0,21558.06,0.325,2,0,0.153,3807.93,7598.38,4934.02,12,33,0,own,medical,1
42,32000.26,6.5,14893.64,0.465,1,0,0.376,4505.99,5746.44,10041.99,24,17,0,rent,education,1
56,26271.1,9.4,9717.66,0.37,7,0,0.807,5842.54,5806.84,12857.68,24,33,0,rent,education,1
40,49830.11,10.7,22418.92,0.45,9,0,0.362,5307.23,3941.91,11479.91,24,17,0,rent,medical,1
34,76646.93,2.6,28228.54,0.368,11,2,0.528,2419.25,2876.32,5559.31,24,9,0,rent,business,0
28,47425.86,5.7,22672.25,0.478,0,1,0.128,5152.03,2234.46,11442.63,60,3,0,rent,medical,1
47,90759.45,11.9,31831.55,0.351,0,1,0.55,11069.12,2908.79,12458.42,48,26,0,mortgage,medical,1
64,74193.08,6.7,11899.36,0.16,8,0,0.114,5128.6,13640.53,3094.39,12,42,0,rent,home_improvement,1
62,87815.83,0.0,3670.05,0.042,3,1,0.437,5925.15,0.0,5221.51,60,40,0,rent,business,1
31,50288.44,13.2,3812.86,0.076,5,2,0.526,1220.57,7426.55,7021.89,24,13,0,mortgage,education,1
43,41132.55,5.9,11994.1,0.292,0,0,0.204,1930.58,822.65,5574.67,24,25,0,rent,medical,1
54,39209.57,12.5,20978.58,0.535,0,0,0.319,2049.63,1846.99,3536.13,48,33,0,own,medical,1
50,68495.47,0.0,28940.34,0.423,6,0,0.276,2786.3,0.0,4096.32,60,28,0,rent,education,1
22,32846.08,6.4,14156.16,0.431,8,0,0.466,2578.81,3922.37,6694.24,36,1,0,mortgage,debt_consolidation,1
49,33497.26,9.5,12454.52,0.372,10,0,0.316,5759.59,3561.56,7037.57,60,24,0,mortgage,business,1
20,46508.53,6.6,23200.72,0.499,5,0,0.174,2348.12,558.05,10716.23,36,2,0,own,education,0
24,61766.23,1.1,25311.4,0.41,7,1,0.05,14476.12,7538.16,7123.37,36,0,0,own,education,1
52,43852.06,0.0,6881.82,0.157,10,0,0.132,5137.42,4929.69,3500.64,36,32,0,own,car,1
24,82504.64,14.6,23491.18,0.285,5,1,0.319,32829.55,3313.05,12168.29,60,3,0,rent,home_improvement,1
36,88274.71,8.2,20682.92,0.234,2,0,0.519,12537.75,0.0,6812.71,48,15,0,mortgage,debt_consolidation,1
49,23337.17,12.8,2512.41,0.108,9,2,0.362,458.64,1300.18,9206.88,48,30,0,rent,education,1
52,66775.04,11.6,9205.6,0.138,0,1,0.43,13814.21,7929.54,6846.13,12,29,0,rent,car,1
41,47501.94,10.0,8129.15,0.171,3,1,0.049,560.38,993.67,5158.85,24,17,0,own,home_improvement,1
23,77879.42,5.4,8724.92,0.112,1,1,0.478,1252.94,9402.47,6681.81,12,1,0,mortgage,car,1
59,67563.44,9.4,9132.78,0.135,7,0,0.06,11615.23,1596.88,11429.86,36,36,0,own,business,1
67,60774.08,14.2,30732.75,0.506,3,1,0.294,18175.72,3776.45,14279.53,24,49,0,mortgage,car,1
64,54905.59,7.4,11086.36,0.202,4,1,0.319,16460.14,1638.44,6638.47,12,45,0,rent,home_improvement,1
57,33547.78,16.5,15384.47,0.459,7,0,0.511,3656.2,2499.02,9296.34,36,32,0,own,business,1
39,119275.49,0.0,6455.99,0.054,3,0,0.635,7953.71,12849.39,2757.84,24,15,0,rent,education,1
63,37535.42,0.0,20282.6,0.54,4,1,0.478,3030.78,5562.9,2534.03,60,43,0,own,car,0
43,100068.38,11.9,42563.04,0.425,5,1,0.282,8196.68,7713.73,10301.78,36,20,0,rent,business,0
25,72062.55,2.9,36071.6,0.501,1,2,0.871,6704.4,0.0,11185.52,12,4,0,rent,home_improvement,0
62,48287.87,17.2,14425.18,0.299,11,0,0.584,2168.97,4745.27,4693.4,48,41,0,rent,car,1
35,45917.08,13.7,16360.49,0.356,11,0,0.154,4124.1,2377.37,5172.39,48,13,0,mortgage,car,1
66,33108.24,14.9,6993.59,0.211,8,0,0.112,1910.21,1678.63,15621.63,48,41,0,own,debt_consolidation,1
37,58086.13,11.4,14462.08,0.249,1,0,0.348,2361.44,4179.69,8915.99,24,12,0,mortgage,medical,1
63,32691.01,2.4,13661.37,0.418,5,2,0.637,7842.78,3093.44,6120.97,60,42,0,mortgage,education,0
46,84205.96,0.0,3914.18,0.046,4,0,0.188,10634.01,3872.48,13332.08,36,26,0,rent,home_improvement,1
42,62844.47,14.5,2474.33,0.039,1,1,0.392,7853.18,6015.13,4129.09,48,17,1,mortgage,debt_consolidation,1
34,56782.27,0.0,27466.05,0.484,10,1,0.59,5381.1,4934.6,16639.62,36,13,0,own,education,1
61,59262.2,14.9,4640.47,0.078,4,0,0.603,2668.75,5674.43,7829.82,36,43,0,own,education,1
22,63717.28,10.3,25623.64,0.402,7,1,0.598,5614.25,7050.9,4825.82,24,0,0,rent,medical,0
42,51126.4,6.6,6429.54,0.126,8,1,0.347,14945.7,0.0,17391.91,36,17,0,mortgage,business,1
37,53424.8,9.2,11437.75,0.214,3,0,0.961,6760.04,2512.49,3063.23,24,18,0,mortgage,education,0
46,104102.86,9.3,18278.53,0.176,4,0,0.483,8131.48,6145.33,5717.89,24,28,0,own,car,1
31,81178.41,6.0,22720.03,0.28,11,1,0.166,9267.27,4401.01,14575.73,48,13,0,own,debt_consolidation,1
52,70981.1,14.1,32518.61,0.458,9,2,0.284,4671.19,1658.03,6170.76,48,31,1,mortgage,business,1
38,48292.08,14.0,23374.97,0.484,6,3,0.303,3046.56,1644.06,4599.62,60,16,0,mortgage,debt_consolidation,0
28,29210.16,7.8,4021.76,0.138,6,3,0.704,5208.27,2708.6,11595.05,36,6,0,own,home_improvement,0
29,68111.09,4.0,13550.95,0.199,0,0,0.378,6480.55,6110.1,9997.59,24,4,0,rent,medical,1
54,59204.78,13.5,27445.32,0.464,2,2,0.259,7734.7,4043.32,11877.09,12,30,0,rent,home_improvement,1
32,53023.5,0.0,3579.43,0.068,0,1,0.458,4838.21,873.09,10704.67,48,11,0,mortgage,car,1
34,55864.44,9.2,4578.39,0.082,9,0,0.322,8424.32,6125.21,13120.08,60,13,0,rent,medical,1
50,38232.87,10.7,10482.62,0.274,11,4,0.626,2385.63,4054.09,9591.17,36,29,0,own,education,1
35,41769.03,2.9,18327.27,0.439,1,2,0.737,2974.66,5107.83,8524.9,24,10,0,own,debt_consolidation,0
38,81237.17,11.9,16090.43,0.198,3,0,0.25,22281.4,2241.0,14810.4,36,20,0,own,business,1
31,26997.99,6.9,1533.46,0.057,4,0,0.227,431.43,6695.96,21696.13,12,7,0,own,education,1
36,77079.38,4.3,41080.98,0.533,9,0,0.388,11404.68,5986.7,9171.69,60,14,0,mortgage,education,1
54,92256.24,11.8,47753.95,0.518,4,0,0.209,9407.99,2656.6,4725.44,24,36,0,own,car,1
46,67611.81,1.6,24712.64,0.366,0,0,0.276,5011.84,12549.73,6775.61,36,24,0,mortgage,car,1
69,66458.56,11.3,25346.93,0.381,7,0,0.474,3083.45,6914.86,3586.0,48,48,0,own,home_improvement,1
58,41649.6,0.0,21443.65,0.515,1,1,0.337,8317.71,3198.9,16121.82,60,37,0,rent,debt_consolidation,1
19,43672.03,8.4,15776.42,0.361,7,0,0.185,12976.42,3617.92,6098.69,24,1,0,rent,medical,0
38,49622.88,7.2,21727.8,0.438,10,0,0.433,3495.63,6489.97,5989.31,36,14,0,mortgage,medical,1
33,35728.54,4.3,9491.77,0.266,0,0,0.1,4931.37,2832.48,8754.75,24,10,0,own,home_improvement,1
48,42623.79,8.9,6003.19,0.141,11,2,0.622,5722.96,0.0,4761.38,12,29,0,own,home_improvement,1
32,59131.43,6.6,27273.9,0.461,7,2,0.211,8368.83,3888.85,4944.32,24,11,0,rent,home_improvement,1
68,48618.86,12.3,18607.53,0.383,0,0,0.436,1436.29,5428.07,3534.27,12,44,0,rent,debt_consolidation,1
34,60902.99,9.8,10564.72,0.173,2,0,0.242,11339.66,3914.68,3904.5,48,13,0,mortgage,car,1
45,81128.04,9.3,28422.08,0.35,2,0,0.448,1701.61,1412.39,10110.7,48,21,0,own,medical,0
25,60741.5,8.5,27499.9,0.453,10,1,0.478,8081.39,3939.0,9273.16,12,3,0,mortgage,medical,0
65,66716.82,4.6,10893.72,0.163,8,0,0.677,14320.9,7330.8,5899.92,24,47,0,own,home_improvement,1
65,32521.38,5.5,13890.55,0.427,4,3,0.715,1929.12,4242.95,23688.74,12,41,0,own,home_improvement,0
59,80606.75,8.2,4702.76,0.058,6,0,0.055,8077.62,903.43,8291.45,36,34,0,mortgage,education,1
36,32258.49,6.1,11329.92,0.351,4,0,0.206,4944.37,251.49,15820.89,24,13,0,rent,home_improvement,0
21,47495.2,12.6,26095.52,0.549,4,0,0.197,3471.12,3026.46,6844.47,48,2,0,rent,business,0
55,38839.1,7.5,18610.87,0.479,7,0,0.41,1652.53,1243.76,2732.18,60,37,0,mortgage,education,0
40,29259.48,8.9,14164.48,0.484,2,1,0.376,4117.2,1104.77,18831.33,48,18,0,mortgage,business,1
69,59659.7,0.0,22705.84,0.381,9,0,0.219,2099.94,3175.64,22053.63,12,49,0,rent,business,1
54,68720.07,11.7,18171.59,0.264,11,0,0.357,880.68,7213.6,17359.69,48,34,0,rent,car,1
46,93140.41,4.1,35293.16,0.379,11,0,0.595,8988.21,2279.61,9074.86,36,22,0,rent,medical,1
69,62576.41,1.8,11904.03,0.19,2,0,0.392,4593.13,522.78,10028.17,12,47,0,mortgage,business,1
59,42538.7,15.2,13313.22,0.313,4,0,0.348,6048.8,1263.99,7070.07,12,40,0,mortgage,business,1
42,48234.24,10.5,14761.14,0.306,3,1,0.327,4924.32,0.0,14320.15,60,20,0,rent,home_improvement,1
19,30549.85,11.9,9414.77,0.308,7,1,0.383,10060.21,2116.98,8956.77,48,0,0,mortgage,education,0
23,49929.43,9.3,11900.85,0.238,3,1,0.337,10219.36,3601.03,12058.81,24,0,0,own,home_improvement,1
41,56500.92,6.5,11694.84,0.207,4,0,0.507,6255.71,6620.01,3715.85,12,17,0,rent,business,1
47,67703.62,5.6,13208.16,0.195,1,1,0.418,12745.48,930.02,6030.95,48,22,0,mortgage,debt_consolidation,1
20,74048.85,10.9,10300.74,0.139,6,0,0.206,16742.09,5391.37,12351.22,36,1,0,rent,medical,0
25,66927.24,12.7,16894.45,0.252,6,2,0.376,15131.56,5582.7,4627.89,36,5,0,rent,car,0
54,41078.04,6.7,3385.04,0.082,6,1,0.158,1583.33,0.0,6410.84,12,33,0,mortgage,car,1
57,37375.15,17.4,18606.62,0.498,4,0,0.237,1731.64,2901.16,7879.33,24,37,0,mortgage,home_improvement,0
20,72161.64,6.0,4108.34,0.057,9,0,0.435,18304.73,5735.53,9705.68,24,0,0,mortgage,medical,0
44,28963.74,0.0,13434.31,0.464,7,2,0.299,2864.38,1745.6,5104.23,36,19,0,mortgage,home_improvement,0
23,109538.6,0.0,16196.56,0.148,2,1,0.205,11349.65,284.75,12469.62,48,0,0,mortgage,business,1
55,43827.53,0.0,20695.63,0.472,4,0,0.169,5662.58,2755.02,8681.76,12,32,0,rent,medical,1
61,84625.79,4.9,33997.66,0.402,7,0,0.838,6975.14,0.0,910.32,60,43,0,own,medical,1
63,46427.86,5.8,23590.78,0.508,1,1,0.495,12555.36,3850.12,3320.39,12,39,0,rent,education,0
49,69288.83,10.4,33343.41,0.481,4,0,0.734,8147.64,7188.61,3278.06,48,26,0,rent,business,0
51,37796.04,6.9,14800.04,0.392,10,0,0.711,6624.98,2105.94,4045.44,24,29,0,own,education,1
66,57653.8,11.2,5787.85,0.1,5,0,0.173,3952.04,7531.78,11907.54,60,47,0,own,debt_consolidation,1
50,31149.02,7.2,9687.16,0.311,6,1,0.123,2398.57,990.84,2735.82,36,25,0,rent,car,1
41,63728.57,7.1,12752.65,0.2,8,3,0.56,2867.92,1928.82,3218.85,36,21,0,rent,education,0
57,37588.66,4.1,18398.19,0.489,3,1,0.327,6024.0,1982.43,24226.53,24,35,0,own,business,0
49,39452.86,14.1,19027.37,0.482,9,2,0.274,3426.55,7095.42,3960.13,24,27,0,rent,debt_consolidation,1
61,49080.65,0.0,9150.59,0.186,0,1,0.212,7875.9,2574.64,6119.75,60,39,0,rent,car,1
45,52439.14,8.5,19717.16,0.376,5,1,0.472,7849.59,9115.67,8823.78,60,25,0,rent,car,1
63,67739.51,6.1,13499.87,0.199,7,0,0.11,2797.39,4385.58,4770.71,12,44,0,mortgage,medical,1
21,65388.74,10.9,24811.17,0.379,2,1,0.453,5186.45,1720.2,6150.4,48,0,0,rent,debt_consolidation,1
20,59708.19,6.9,20620.32,0.345,9,0,0.269,2217.16,9810.78,4356.05,60,0,0,own,car,1
24,76992.52,7.0,22389.61,0.291,0,0,0.512,3234.63,5843.88,5580.05,48,3,0,rent,home_improvement,1
47,64755.6,5.7,31442.42,0.486,7,1,0.52,2208.52,3364.94,4759.09,36,22,1,rent,medical,1
55,66373.75,14.0,9983.05,0.15,7,0,0.27,3210.13,7282.27,8258.77,36,31,0,mortgage,medical,1
30,39340.25,7.0,17414.25,0.443,9,0,0.502,2211.05,5076.1,5735.68,48,7,0,rent,education,0
26,79110.6,16.8,30492.32,0.385,2,0,0.431,29918.36,2974.85,1853.98,60,6,0,rent,car,1
62,75621.91,8.4,12785.55,0.169,1,0,0.462,5508.03,8451.17,22034.13,60,41,0,rent,medical,1
57,60698.3,7.1,14779.64,0.243,6,0,0.661,10148.1,3358.83,2373.64,36,35,0,mortgage,debt_consolidation,1
52,74645.46,6.3,4223.25,0.057,11,1,0.46,10149.8,1314.47,10388.54,36,28,0,mortgage,business,1
43,56141.96,9.8,18903.88,0.337,9,0,0.275,6567.96,1757.12,4725.8,48,20,1,mortgage,debt_consolidation,1
40,94894.94,4.1,46553.77,0.491,2,0,0.724,17259.54,765.66,8564.28,36,15,0,rent,debt_consolidation,1
20,58790.01,7.7,4846.87,0.082,4,0,0.516,6516.82,4175.43,2374.12,12,0,0,rent,business,0
28,55496.12,7.0,4992.39,0.09,3,0,0.385,2502.77,3951.51,9055.18,48,6,0,rent,business,1
64,64918.91,8.6,17626.81,0.272,9,1,0.431,8222.3,8035.55,11463.21,60,45,0,rent,education,0
36,102245.37,8.8,17284.78,0.169,6,1,0.545,15273.33,11255.94,8042.23,60,12,0,own,debt_consolidation,1
54,46912.4,9.0,7823.69,0.167,5,3,0.452,1705.53,2180.18,8094.88,24,30,1,mortgage,medical,0
54,63452.65,7.5,22747.47,0.358,0,0,0.472,6958.28,3617.72,4270.35,12,35,0,mortgage,debt_consolidation,1
34,48061.25,14.8,11411.46,0.237,7,1,0.295,8450.73,1644.54,6313.0,36,10,0,rent,debt_consolidation,1
29,55472.28,9.1,25942.34,0.468,5,0,0.704,5128.81,4002.48,1921.64,36,10,0,mortgage,education,1
54,42478.98,20.0,10505.91,0.247,0,2,0.387,12922.57,2362.99,3121.41,48,31,0,mortgage,business,1
23,65767.9,7.2,22762.01,0.346,2,1,0.342,3839.43,4547.74,12727.87,36,5,0,mortgage,home_improvement,1
44,57142.67,11.8,13193.24,0.231,8,2,0.489,4260.31,7987.16,28545.14,48,21,0,mortgage,car,1
64,74087.0,3.4,11534.79,0.156,8,0,0.119,9679.79,10546.77,10084.37,60,45,0,mortgage,home_improvement,1
55,81293.73,14.0,21933.54,0.27,5,1,0.424,5039.11,2881.44,8355.6,24,33,0,rent,home_improvement,0
57,85739.42,3.5,34454.78,0.402,9,1,0.471,5209.46,9046.15,1425.87,12,33,0,mortgage,home_improvement,1
23,48685.4,9.3,25559.29,0.525,8,0,0.135,10419.47,4836.26,7992.76,48,2,0,own,home_improvement,1
29,64963.33,5.7,2751.09,0.042,7,1,0.575,4900.98,2546.77,3278.05,48,7,0,own,business,1
33,87755.04,9.3,26490.46,0.302,2,0,0.428,15529.66,12045.94,9363.73,12,10,0,rent,business,1
33,42376.43,5.8,15131.01,0.357,5,1,0.162,1711.91,0.0,16849.6,24,9,0,own,home_improvement,1
28,59213.4,3.1,3874.44,0.065,9,0,0.16,4381.66,7132.0,4368.5,36,10,0,mortgage,business,1
68,43289.09,5.6,19889.63,0.459,3,1,0.188,3094.19,2632.9,7283.17,48,46,0,own,debt_consolidation,0
27,101726.07,14.7,16912.42,0.166,7,0,0.616,7699.08,1332.55,7441.15,36,5,0,own,debt_consolidation,0
55,87385.36,9.3,42268.59,0.484,9,0,0.154,3546.79,5021.53,7729.35,12,35,0,rent,medical,0
48,68787.72,0.6,21522.42,0.313,6,1,0.479,4658.38,11044.93,9698.31,48,23,0,own,debt_consolidation,1
50,68411.18,12.5,6882.29,0.101,6,1,0.449,6269.12,13149.24,4405.64,60,32,0,own,education,1
29,44626.3,2.5,18376.53,0.412,2,3,0.202,793.42,1237.64,3196.32,12,7,0,own,car,1
34,91170.72,10.7,9420.77,0.103,5,0,0.549,5429.22,5900.43,18560.24,12,13,0,rent,debt_consolidation,0
49,51625.74,9.8,20743.25,0.402,0,0,0.358,6695.54,2961.68,9303.38,12,26,0,rent,business,1
34,46052.73,10.1,20647.51,0.448,1,1,0.714,2387.45,3026.29,14883.76,60,9,0,mortgage,business,0
54,82891.14,16.3,26942.15,0.325,6,0,0.437,8869.6,12260.81,13806.72,60,30,0,rent,business,1
21,50002.25,2.9,8184.32,0.164,2,1,0.488,2439.85,2356.22,4451.73,36,0,0,rent,education,1
22,46678.63,10.1,11753.17,0.252,4,0,0.355,4011.47,1286.94,10512.15,36,4,0,mortgage,education,1
56,75599.45,13.3,22668.56,0.3,4,0,0.633,953.05,3359.49,10859.31,60,34,0,mortgage,debt_consolidation,1
50,38371.56,3.8,14307.37,0.373,5,0,0.082,4878.79,2198.72,6115.07,24,30,0,own,business,0
21,69081.15,3.3,24591.54,0.356,8,0,0.389,4200.21,7265.14,4602.72,12,0,0,own,home_improvement,1
64,59442.88,5.6,13804.12,0.232,5,0,0.68,9711.13,4336.52,6143.53,60,41,0,mortgage,home_improvement,1
19,73373.48,8.6,30951.0,0.422,10,0,0.228,5810.8,7332.54,6360.25,60,0,0,mortgage,car,0
67,66454.68,0.0,28499.13,0.429,5,1,0.539,4330.02,7947.82,5465.94,60,47,0,own,car,0
56,125434.03,9.8,48800.8,0.389,11,0,0.684,6789.85,6598.04,3883.91,36,34,0,own,business,1
69,61322.1,0.0,10071.66,0.164,11,0,0.802,3701.95,3873.72,10063.63,60,49,0,rent,home_improvement,1
67,49951.69,13.5,13426.02,0.269,5,1,0.033,2925.59,4556.52,3232.33,12,42,0,rent,business,1
34,57251.02,9.6,14276.18,0.249,9,2,0.267,2749.02,2052.67,11772.64,60,12,0,rent,debt_consolidation,1
57,66209.21,16.6,29986.14,0.453,5,0,0.126,3411.61,4560.75,22986.7,60,37,0,rent,car,1
29,99573.72,10.3,44642.42,0.448,10,1,0.18,28984.04,11908.45,8107.94,36,6,0,own,education,1
43,70626.43,5.5,33831.67,0.479,9,0,0.327,5716.82,5139.83,7722.98,24,18,0,rent,car,0
31,43853.55,3.0,6250.15,0.143,4,2,0.193,795.22,5720.02,5574.61,24,10,0,mortgage,medical,1
43,191247.16,8.2,79689.04,0.417,3,0,0.517,3487.85,4038.44,12856.3,12,19,0,own,debt_consolidation,1
63,80086.8,6.8,38546.71,0.481,10,1,0.64,23700.75,6693.12,6753.03,12,39,0,own,education,1
41,43033.33,12.9,4657.93,0.108,6,0,0.528,3380.36,4112.62,7690.98,12,19,0,own,car,1
23,39429.69,2.4,1623.19,0.041,8,1,0.348,1331.04,3252.94,9451.91,36,3,0,rent,business,0
35,37148.4,17.1,2820.29,0.076,8,1,0.394,6549.56,1941.73,4111.21,36,14,0,rent,medical,0
59,56248.72,13.4,19196.97,0.341,1,1,0.592,2963.76,0.0,4077.15,12,36,0,mortgage,business,1
45,57040.62,6.0,13887.87,0.243,2,0,0.423,5083.56,6992.13,5691.13,48,27,0,rent,car,1
47,45722.18,16.0,5641.08,0.123,10,1,0.319,4566.17,0.0,5230.73,36,22,0,mortgage,education,1
40,35492.3,3.1,10647.72,0.3,3,0,0.295,1283.47,0.0,17395.67,24,19,0,mortgage,business,1
33,39701.7,8.0,17322.92,0.436,10,1,0.47,2133.23,3800.63,7874.21,60,11,0,mortgage,education,1
49,71121.7,0.6,33682.06,0.474,4,0,0.382,10048.18,3428.49,3599.41,48,28,0,mortgage,car,1
51,51915.73,16.2,21722.17,0.418,10,1,0.217,11201.14,3833.97,6061.0,24,26,0,own,debt_consolidation,0
64,41103.5,0.0,20112.81,0.489,6,2,0.316,6227.07,103.54,10791.79,60,44,0,own,medical,0
50,59372.71,0.0,20199.68,0.34,1,1,0.799,6635.13,4823.6,15781.96,60,29,0,mortgage,debt_consolidation,1
69,63196.16,3.8,29300.84,0.464,3,0,0.389,4097.04,6855.34,33146.91,36,48,0,own,debt_consolidation,1
61,65551.84,13.6,15805.15,0.241,11,1,0.48,8006.16,0.0,3016.67,48,38,0,own,car,1
23,58616.7,11.8,27656.16,0.472,2,0,0.194,8093.37,4646.88,22388.34,60,0,0,mortgage,medical,1
39,55609.43,7.6,27514.49,0.495,2,0,0.201,11784.03,6216.14,9169.01,36,14,0,own,business,1
38,85366.29,12.1,32763.26,0.384,1,0,0.465,7350.41,0.0,15672.37,12,17,0,own,home_improvement,1
19,40213.84,6.4,9991.31,0.248,7,0,0.249,14538.05,2972.03,5385.16,36,0,0,mortgage,debt_consolidation,1
28,53180.53,9.1,9002.78,0.169,9,0,0.33,8899.96,3682.17,15107.34,48,8,0,own,home_improvement,1
57,30265.81,15.3,5821.48,0.192,11,2,0.009,2413.47,2557.58,16323.18,60,32,0,mortgage,car,0
36,50879.17,5.8,4586.67,0.09,10,0,0.607,9615.83,2698.69,12042.72,48,16,0,mortgage,debt_consolidation,1
26,60787.88,3.2,2735.2,0.045,10,0,0.28,4071.49,0.0,20226.8,60,5,0,mortgage,medical,1
33,75335.86,9.4,18053.6,0.24,10,0,0.547,3998.16,3526.05,4125.07,36,15,0,own,medical,0
33,30541.29,10.7,1301.5,0.043,6,2,0.092,570.93,1187.55,5519.55,48,15,0,own,business,1
27,60178.74,7.6,29289.69,0.487,9,2,0.277,17281.11,3807.79,6550.84,12,8,0,rent,debt_consolidation,0
24,105103.42,12.0,38307.86,0.364,7,1,0.221,6853.81,13340.01,3670.06,60,2,0,mortgage,medical,0
57,21667.45,6.0,10121.81,0.467,1,2,0.289,2964.47,0.0,10874.84,36,38,0,rent,car,1
61,67233.75,7.6,17180.97,0.256,0,0,0.396,11360.99,7711.69,11552.54,12,39,0,rent,home_improvement,1
44,37900.11,8.9,5256.56,0.139,1,2,0.234,2547.07,5877.39,2492.42,12,20,0,rent,business,1
50,50910.0,8.4,8850.59,0.174,4,0,0.122,3682.34,7739.14,14083.03,48,29,0,rent,business,1
65,67988.57,15.1,32159.17,0.473,5,1,0.682,1238.65,10619.67,11966.08,12,41,0,own,education,0
61,46408.66,8.8,3926.33,0.085,7,0,0.234,1764.25,3540.92,10795.14,48,39,1,rent,education,1
20,62531.08,5.5,24392.18,0.39,6,0,0.511,1529.53,4394.5,938.88,36,0,0,own,home_improvement,0
67,61289.16,9.6,8556.94,0.14,4,1,0.329,20538.96,0.0,8981.62,36,45,0,rent,debt_consolidation,1
22,55972.31,12.0,11596.34,0.207,8,0,0.415,4270.23,3123.04,22235.04,48,3,0,mortgage,medical,1
20,36659.63,10.9,792.39,0.022,10,2,0.191,1884.95,4520.07,10385.75,48,1,0,rent,business,1
39,44798.16,10.6,12270.98,0.274,2,0,0.887,2813.29,0.0,5922.63,60,14,0,mortgage,business,0
57,109132.28,0.0,9606.59,0.088,3,0,0.259,9637.56,2582.59,5151.29,36,39,1,rent,education,1
23,49813.38,0.0,23691.9,0.476,11,0,0.358,2256.36,3593.79,15397.22,24,0,0,own,medical,1
33,51798.61,13.4,3718.92,0.072,11,0,0.606,6938.58,0.0,5538.83,60,13,0,own,medical,0
32,51708.49,9.2,7895.65,0.153,3,1,0.421,8742.72,8161.55,10358.52,60,9,0,rent,car,0
39,74683.9,6.9,2079.44,0.028,6,2,0.501,5788.59,7158.63,3870.12,12,15,0,rent,education,1
69,89767.33,10.5,49033.16,0.546,6,0,0.038,4965.83,7525.02,20117.63,36,44,0,own,car,1
35,52646.44,16.6,18950.72,0.36,7,0,0.469,3490.06,5639.68,14698.36,36,16,0,own,education,1
29,56396.92,14.1,20364.68,0.361,10,1,0.545,2216.79,2804.55,15305.29,48,5,0,rent,debt_consolidation,0
25,60190.78,11.8,17756.05,0.295,1,1,0.379,4394.73,4855.31,13208.09,12,5,0,mortgage,car,0
29,77611.13,2.6,37258.73,0.48,6,1,0.414,11143.39,1382.95,8157.85,12,10,0,mortgage,education,0
25,56484.45,3.2,5446.21,0.096,2,2,0.275,13953.74,0.0,3525.67,12,4,0,own,medical,0
48,58529.88,0.0,25765.52,0.44,9,0,0.17,6531.75,3807.0,3799.19,60,26,0,own,business,1
40,47134.2,10.2,21105.54,0.448,7,2,0.471,6660.8,6870.83,12499.37,48,15,0,rent,car,1
44,63021.4,12.5,2467.16,0.039,8,1,0.618,4957.7,9478.3,7263.15,48,24,0,mortgage,business,1
61,69120.12,13.0,6242.85,0.09,10,0,0.266,12520.82,3955.8,8354.84,24,36,0,rent,home_improvement,1
48,70764.19,10.4,21936.12,0.31,9,2,0.454,3349.13,3739.09,9042.15,12,28,0,own,business,0
26,102694.47,6.2,6962.84,0.068,10,0,0.259,3060.67,0.0,2112.83,12,5,1,own,medical,0
38,43784.72,4.2,7428.26,0.17,9,0,0.364,3316.01,5244.47,11611.35,36,15,0,mortgage,car,0
34,57263.32,2.9,13396.57,0.234,7,0,0.608,6923.05,5029.02,7377.09,48,14,0,mortgage,home_improvement,1
61,52760.75,6.2,5451.52,0.103,4,1,0.235,1478.21,3018.53,18224.9,24,38,0,rent,business,1
34,95733.81,2.1,37642.32,0.393,4,0,0.283,26433.59,0.0,7391.07,60,13,0,own,home_improvement,1
26,71701.47,15.8,20247.24,0.282,4,0,0.655,2886.04,0.0,14387.61,60,4,0,rent,debt_consolidation,1
56,33421.63,0.5,12001.8,0.359,7,1,0.264,2051.49,2444.44,13733.42,12,37,0,rent,business,1
40,45848.05,6.0,12442.19,0.271,9,1,0.26,5553.51,0.0,8244.45,60,15,0,mortgage,business,0
23,50696.67,0.0,12097.07,0.239,4,0,0.226,5524.88,4743.93,4240.1,48,0,0,rent,medical,1
54,34854.64,8.5,9792.98,0.281,6,1,0.704,6453.56,3346.48,10684.44,36,34,0,rent,medical,1
29,58702.73,7.0,29160.16,0.497,4,0,0.473,8594.06,54.84,12738.34,12,5,0,mortgage,medical,0
63,47797.5,5.2,10988.67,0.23,7,2,0.279,1975.32,3302.04,23033.08,24,39,0,rent,education,1
61,104384.72,2.3,37620.17,0.36,9,0,0.119,6602.48,2058.42,13488.71,60,40,0,rent,medical,0
37,62849.58,7.0,29036.51,0.462,4,0,0.343,8102.72,7148.19,9522.88,36,14,0,mortgage,medical,1
47,50049.7,4.3,17476.18,0.349,4,0,0.623,3916.41,11571.76,10100.24,60,25,0,own,car,1
47,41029.66,6.3,5736.53,0.14,2,0,0.154,1661.33,2491.34,10246.51,24,29,0,rent,business,1
52,55635.52,16.8,4708.91,0.085,5,0,0.565,701.81,7819.78,12980.6,24,32,0,own,home_improvement,1
22,92688.29,7.9,30880.48,0.333,5,0,0.522,19902.82,10942.61,6481.03,48,1,1,own,education,0
35,52959.46,9.7,21476.09,0.406,1,1,0.101,3217.14,3325.22,9430.27,12,15,0,mortgage,medical,1
27,55797.68,4.7,23849.64,0.427,11,0,0.224,7136.43,5204.23,2438.66,36,8,0,rent,medical,1
54,122620.33,3.1,47541.76,0.388,10,0,0.637,5288.46,415.31,4682.37,24,35,0,rent,education,1
22,81369.8,6.9,1776.36,0.022,3,0,0.322,9139.83,5985.01,10089.46,36,4,0,mortgage,debt_consolidation,0
45,62239.87,19.5,26771.57,0.43,11,1,0.128,972.8,3215.7,16130.27,12,22,0,rent,business,0
56,74160.0,5.6,25247.77,0.34,3,0,0.142,3155.48,9985.17,9272.46,12,33,0,mortgage,home_improvement,1
67,64337.82,8.8,34982.8,0.544,5,0,0.642,4402.83,2273.74,13718.77,48,45,0,rent,car,0
33,63127.06,2.9,26843.6,0.425,1,0,0.891,2992.45,880.89,14061.22,12,8,0,mortgage,medical,0
19,32891.65,0.0,8157.45,0.248,7,2,0.281,1759.39,522.31,13403.57,24,0,0,rent,debt_consolidation,0
55,39254.71,3.1,14852.39,0.378,5,0,0.082,5901.41,4296.43,3276.39,24,32,0,mortgage,business,1
19,60021.09,18.9,20794.06,0.346,3,0,0.445,3620.72,3449.37,5864.78,48,0,0,rent,education,0
22,42203.26,10.0,8390.79,0.199,3,2,0.184,1517.51,0.0,16259.37,36,2,0,mortgage,business,1
69,55655.1,15.2,16850.72,0.303,11,1,0.496,3408.37,6533.69,7997.76,60,45,0,mortgage,business,1
62,38152.64,5.3,4895.82,0.128,8,1,0.369,460.42,0.0,8629.22,36,44,0,rent,medical,1
55,81605.26,0.0,5430.83,0.067,1,0,0.105,5769.08,3202.42,9397.22,24,35,0,own,education,1
61,43781.9,1.5,17885.03,0.409,1,1,0.297,2902.83,2457.54,18657.72,60,40,0,mortgage,medical,1
22,40991.35,9.0,9165.18,0.224,0,2,0.301,2885.58,486.88,5218.73,60,2,0,mortgage,education,1
23,35568.6,8.2,14957.6,0.421,2,1,0.359,899.94,0.0,13040.13,48,4,0,mortgage,business,0
34,70491.26,6.9,19654.28,0.279,8,1,0.299,7096.61,7566.33,9918.93,36,9,0,own,car,1
20,55629.64,4.3,24988.19,0.449,0,0,0.406,4167.24,5521.75,9168.09,48,0,0,rent,debt_consolidation,0
64,80541.75,11.7,33182.61,0.412,2,0,0.469,16940.72,5586.18,6156.81,24,40,0,mortgage,home_improvement,0
21,47237.67,4.5,20075.51,0.425,0,1,0.717,7501.31,4012.05,11591.63,12,1,0,mortgage,debt_consolidation,1
46,38938.09,8.5,9638.96,0.248,7,1,0.488,1698.6,0.0,7826.61,12,23,0,mortgage,debt_consolidation,1
62,54808.68,8.0,29017.09,0.529,9,0,0.677,2317.47,5084.28,17052.21,36,37,0,mortgage,home_improvement,0
56,86197.68,5.2,20237.92,0.235,6,0,0.262,13995.41,7529.12,13191.53,24,33,0,rent,debt_consolidation,1
30,32654.35,2.6,14379.87,0.44,10,3,0.108,1215.67,2899.18,11979.95,60,12,0,rent,business,0
42,61767.72,4.9,17262.97,0.279,8,2,0.759,2451.38,5473.04,15052.37,12,22,0,mortgage,home_improvement,0
46,63864.4,16.4,9234.5,0.145,9,1,0.348,6799.99,7432.44,5397.98,36,28,0,rent,home_improvement,1
58,91281.95,12.6,32252.14,0.353,3,0,0.142,4852.72,5556.03,20451.91,36,39,0,mortgage,debt_consolidation,1
40,42772.24,12.1,11489.82,0.269,10,1,0.171,4583.18,2986.13,10102.99,36,22,0,own,debt_consolidation,0
33,32019.24,3.1,5121.7,0.16,7,0,0.17,544.48,0.0,8264.19,36,13,0,mortgage,debt_consolidation,1
59,48747.69,0.0,10858.15,0.223,1,0,0.451,2967.12,4921.12,15238.93,12,34,0,mortgage,business,1
64,73791.73,12.5,7730.92,0.105,0,1,0.34,12810.48,2452.34,5368.08,48,46,0,rent,debt_consolidation,1
43,56814.28,11.5,30857.77,0.543,10,0,0.641,2347.03,2092.53,8951.06,24,22,0,own,business,0
20,66131.91,7.7,23866.17,0.361,3,1,0.599,3639.3,3056.47,8554.92,24,0,0,mortgage,education,1
44,39689.74,5.1,4444.41,0.112,5,0,0.478,2752.5,518.04,7216.5,48,21,0,own,home_improvement,1
64,51919.15,0.0,22077.68,0.425,9,0,0.63,2976.05,3184.75,13347.34,48,41,0,rent,car,0
69,57511.37,11.3,19496.1,0.339,9,2,0.546,979.44,6204.13,11710.83,60,51,0,own,medical,1
39,34053.78,12.9,13722.04,0.403,0,1,0.364,5595.02,377.19,8037.04,60,20,0,mortgage,education,1
26,57398.42,3.6,18928.72,0.33,7,0,0.21,4224.8,3778.97,16555.72,48,8,0,mortgage,business,0
48,50344.74,3.2,2620.32,0.052,10,1,0.368,5692.35,5033.82,10048.97,36,26,0,mortgage,debt_consolidation,1
61,135376.51,13.2,17289.89,0.128,4,0,0.464,24560.83,0.0,11198.17,60,41,0,mortgage,car,1
67,56057.55,3.8,23960.93,0.427,6,0,0.514,3061.01,8934.6,12034.93,60,49,0,own,medical,1
21,93109.89,15.9,39088.06,0.42,3,0,0.186,9496.46,4056.55,4576.44,48,3,0,rent,medical,1
33,65963.53,6.5,27675.26,0.42,8,0,0.31,215.7,1313.86,8180.87,12,15,0,mortgage,business,0
43,53822.4,5.1,1510.46,0.028,1,0,0.292,408.09,3807.61,7349.78,48,25,0,mortgage,education,1
24,88023.82,7.2,39322.87,0.447,6,1,0.434,7148.87,2897.8,6540.55,60,5,0,mortgage,car,0
64,37907.28,5.1,9580.61,0.253,4,1,0.4,831.95,2393.24,7074.71,36,46,0,own,medical,1
24,48394.44,12.6,18759.65,0.388,7,1,0.665,5559.17,1413.85,24310.3,12,6,0,rent,education,1
52,75319.2,11.4,12367.58,0.164,5,0,0.382,9836.99,9265.07,6160.34,24,31,0,mortgage,home_improvement,1
65,27048.97,12.4,11572.91,0.428,11,0,0.485,1260.37,5433.0,15376.97,48,47,0,mortgage,business,1
53,55444.13,7.9,29973.62,0.541,11,0,0.639,6887.15,5700.52,11391.61,60,32,1,mortgage,medical,0
57,55287.7,4.7,8535.07,0.154,3,1,0.773,3580.22,4237.53,9758.6,48,36,0,rent,debt_consolidation,1
32,61092.36,7.0,26613.34,0.436,0,0,0.594,12335.53,2386.47,6936.07,36,11,0,mortgage,car,1
61,52104.83,4.9,17748.14,0.341,5,1,0.234,1425.51,6238.45,2931.89,36,38,0,mortgage,car,1
40,74248.69,14.3,12231.79,0.165,7,0,0.509,5436.01,2097.96,6039.85,36,18,0,rent,debt_consolidation,1
22,43447.62,12.0,7647.18,0.176,9,0,0.602,4230.75,3588.6,7013.89,60,2,0,mortgage,debt_consolidation,0
37,77861.44,6.5,31749.4,0.408,6,0,0.63,11236.95,3166.04,8340.71,60,17,0,mortgage,medical,1
36,39327.07,2.4,6713.26,0.171,7,0,0.403,5366.41,151.17,17131.55,36,17,1,own,debt_consolidation,0
45,62707.99,14.7,2842.59,0.045,0,1,0.489,3677.91,3512.58,7687.76,24,23,0,mortgage,education,1
32,84224.28,7.7,40697.08,0.483,9,1,0.484,5618.44,1465.63,900.32,24,10,0,own,debt_consolidation,0
42,42253.41,6.3,14034.18,0.332,3,3,0.374,1696.36,5934.34,13354.17,36,17,0,own,business,0
40,45483.29,14.7,19193.54,0.422,4,2,0.972,8509.18,1317.23,11223.05,12,20,0,mortgage,home_improvement,0
35,78822.1,4.5,26776.54,0.34,5,1,0.178,19096.05,4741.71,10060.15,12,12,0,mortgage,business,1
54,59676.2,5.4,17528.24,0.294,0,1,0.375,843.8,2040.4,13657.0,24,31,0,rent,education,1
34,32130.4,5.8,13754.73,0.428,5,3,0.289,5152.95,157.45,9481.39,24,10,0,own,home_improvement,1
58,60447.76,0.4,2239.16,0.037,4,0,0.395,7905.16,6098.46,14968.82,48,36,0,rent,home_improvement,1
31,69876.64,8.6,12948.13,0.185,2,0,0.32,435.82,4327.92,13939.31,60,6,0,rent,education,1
63,79973.21,3.2,28195.23,0.353,2,0,0.499,12109.79,14701.36,11429.36,24,39,0,rent,education,1
37,62204.92,4.1,32365.63,0.52,0,0,0.183,12988.63,7404.83,19281.09,24,18,0,rent,education,1
21,66707.8,3.5,15251.73,0.229,10,2,0.494,9424.91,4680.83,9100.04,24,0,0,rent,business,0
26,96504.11,4.1,51813.46,0.537,3,1,0.282,3629.11,8204.38,6462.2,60,7,1,own,car,1
60,76096.24,2.8,31983.2,0.42,10,1,0.69,20600.39,4730.46,11654.97,24,38,0,mortgage,home_improvement,1
63,33884.74,8.2,9385.91,0.277,10,1,0.188,5663.52,518.49,5074.23,36,44,0,rent,home_improvement,1
29,51481.19,6.2,12739.22,0.247,5,3,0.283,2041.83,0.0,4070.79,36,9,0,rent,debt_consolidation,1
49,53662.5,7.2,4754.74,0.089,9,0,0.367,6306.6,745.42,6477.74,36,28,0,rent,medical,1
48,82990.55,18.8,28719.12,0.346,2,1,0.811,9331.59,11082.28,9157.67,36,28,0,mortgage,medical,1
25,86365.67,6.2,4123.74,0.048,2,2,0.439,2285.54,6867.96,5506.48,60,0,0,rent,debt_consolidation,1
42,61777.3,10.0,15284.28,0.247,10,1,0.777,5550.69,5777.76,8634.91,12,19,0,mortgage,debt_consolidation,1
54,58728.62,10.6,8573.54,0.146,7,0,0.553,6354.68,6226.65,2684.64,36,30,0,mortgage,medical,1
68,50955.1,6.7,26844.76,0.527,8,2,0.428,2869.89,2887.22,11416.97,48,46,0,rent,medical,0
62,81859.26,8.4,17397.54,0.213,11,0,0.261,18395.32,2978.66,8869.16,24,41,0,mortgage,education,1
23,43027.34,7.1,12017.73,0.279,0,1,0.324,3003.68,7213.64,10714.37,36,5,0,rent,car,1
31,48431.16,8.0,10606.97,0.219,2,0,0.458,6033.41,4514.18,7772.92,48,10,0,mortgage,debt_consolidation,1
41,81767.4,4.1,7581.57,0.093,11,1,0.39,7077.0,0.0,4111.54,48,19,0,rent,home_improvement,1
26,81412.06,4.5,16841.59,0.207,1,0,0.368,3765.45,0.0,6867.13,36,2,0,mortgage,education,1
48,117629.43,7.1,50918.18,0.433,5,0,0.581,12063.86,12253.17,21159.38,48,30,0,mortgage,home_improvement,1
19,55512.57,0.0,19386.86,0.349,0,1,0.403,4393.56,1248.73,4184.27,36,0,0,rent,medical,1
24,51211.13,14.5,12896.5,0.252,3,0,0.186,13704.66,3080.63,11204.4,36,4,0,rent,education,1
21,52905.43,17.8,24066.81,0.455,2,0,0.255,8558.04,0.0,16494.86,60,0,0,rent,education,1
34,33268.29,7.9,738.52,0.022,3,1,0.441,658.49,1447.47,3298.49,24,13,0,mortgage,business,1
57,28262.81,10.3,12947.15,0.458,9,2,0.097,1262.79,3173.3,15432.95,48,39,0,own,car,0
28,62132.37,12.4,3203.16,0.052,3,0,0.58,2428.28,2479.25,12892.0,24,6,0,rent,home_improvement,1
69,49946.97,0.4,24036.68,0.481,9,1,0.086,302.56,407.41,4966.42,36,48,0,rent,business,1
32,43981.12,11.6,22967.52,0.522,10,0,0.541,5845.77,2394.83,3128.55,12,10,1,mortgage,education,0
21,58448.54,4.9,26544.98,0.454,6,1,0.17,6729.95,3998.22,18974.61,12,2,0,rent,medical,0
36,62624.83,18.5,1902.84,0.03,6,0,0.684,2021.76,3071.67,4262.0,24,11,0,mortgage,debt_consolidation,1
57,54241.16,6.1,16212.15,0.299,4,0,0.558,1815.27,0.0,5966.82,12,39,0,mortgage,medical,1
24,54706.27,11.5,25124.51,0.459,8,0,0.207,606.44,4723.06,24563.73,48,3,0,own,home_improvement,1
22,49755.76,6.1,15367.5,0.309,9,0,0.66,2079.42,1889.46,7047.36,24,4,0,rent,education,0
62,71690.14,18.0,15109.88,0.211,10,0,0.643,7977.18,5404.22,2921.39,48,38,0,rent,business,1
49,47354.81,4.4,12760.63,0.269,2,1,0.878,13674.25,845.14,2408.41,60,27,0,own,business,1
36,41044.3,12.8,2576.26,0.063,8,0,0.259,845.21,5293.12,8225.59,60,13,0,own,business,0
57,49076.35,10.1,13890.88,0.283,1,2,0.377,5106.09,5020.16,7438.91,12,36,0,mortgage,debt_consolidation,1
62,61189.0,9.0,2126.86,0.035,5,0,0.477,19364.66,2978.87,4459.58,48,39,0,rent,home_improvement,1
37,73190.94,8.1,26449.83,0.361,1,0,0.097,5407.9,5992.72,2368.41,60,13,0,rent,debt_consolidation,1
47,103468.35,3.7,23481.08,0.227,6,0,0.508,7498.56,15360.25,8174.34,48,27,0,mortgage,car,1
19,58545.18,0.0,7108.07,0.121,10,2,0.327,4975.01,7342.74,3141.52,48,0,0,rent,car,0
34,93546.28,12.4,2732.76,0.029,9,0,0.694,7221.41,13295.65,5790.45,60,14,0,mortgage,home_improvement,1
49,46074.45,4.6,23439.14,0.509,8,0,0.447,6346.86,4465.6,5197.74,36,31,0,mortgage,education,1
29,43497.69,12.8,13695.21,0.315,6,0,0.146,16675.45,1721.1,4842.83,48,8,0,rent,debt_consolidation,1
69,65679.97,8.8,23834.29,0.363,7,0,0.525,3027.26,6310.96,3417.09,60,48,0,own,car,0
68,68984.8,13.0,29874.53,0.433,1,1,0.082,1704.59,10460.02,3385.98,36,48,1,own,education,1
32,60508.11,11.0,21304.48,0.352,8,0,0.347,2081.9,5866.21,11558.24,24,10,0,own,education,1
39,136607.25,0.0,32641.64,0.239,8,0,0.243,19860.68,3457.95,10523.68,48,19,0,rent,education,1
28,46897.84,10.1,16537.2,0.353,1,0,0.433,4521.1,3281.86,1655.26,12,4,0,mortgage,car,0
44,87014.35,5.3,13385.75,0.154,7,1,0.213,14189.44,9109.28,14879.05,48,20,0,mortgage,debt_consolidation,1
25,43871.26,12.8,13929.84,0.318,4,1,0.765,623.63,3301.98,4484.97,12,0,0,mortgage,education,0
38,70866.28,10.0,9139.01,0.129,6,0,0.111,4976.1,7429.09,4153.65,12,17,0,rent,business,1
47,57710.5,10.0,29215.02,0.506,9,0,0.358,7757.36,2060.01,6124.07,60,26,0,own,business,1
50,61897.33,5.6,17954.61,0.29,3,1,0.422,850.51,3461.24,5313.98,60,28,0,rent,education,1
49,65915.72,2.4,9487.6,0.144,11,0,0.49,6811.08,5518.91,15787.67,36,30,0,mortgage,business,1
30,58416.2,4.8,20971.72,0.359,5,0,0.322,4223.47,5029.38,8772.68,12,7,0,mortgage,car,1
59,54640.62,0.0,3708.43,0.068,6,0,0.583,13273.78,1913.64,4718.92,36,38,0,mortgage,education,1
54,31112.46,4.0,7779.05,0.25,0,3,0.35,700.33,0.0,7427.72,36,35,0,own,debt_consolidation,0
57,77165.8,0.0,36959.43,0.479,1,0,0.601,13330.76,0.0,2264.16,48,38,0,rent,business,1
42,37255.64,0.0,15906.85,0.427,3,1,0.805,2154.31,2396.57,7300.43,60,19,0,mortgage,home_improvement,1
64,50142.23,7.6,19697.02,0.393,11,0,0.639,661.08,3801.74,3190.96,36,44,0,own,business,1
38,63404.29,9.7,17082.37,0.269,3,1,0.317,3076.96,3570.59,13783.92,48,15,0,rent,car,0
60,39347.89,6.8,10106.35,0.257,4,0,0.156,6229.28,2692.34,9753.36,36,41,0,mortgage,home_improvement,1
29,54620.8,4.5,1419.82,0.026,10,4,0.934,8123.08,8013.92,6981.68,60,5,0,mortgage,car,0
31,74095.3,2.3,25045.7,0.338,3,0,0.532,9184.98,3100.36,14058.45,60,8,0,own,car,0
45,49765.46,5.4,16214.3,0.326,9,2,0.234,1715.92,4226.05,8643.72,48,22,0,rent,debt_consolidation,0
47,54922.48,2.9,1252.12,0.023,1,2,0.584,13581.12,8285.67,15544.05,36,24,0,rent,medical,0
57,41779.59,6.7,3870.17,0.093,1,0,0.866,3523.4,620.51,8408.76,36,35,0,rent,car,0
34,51686.01,0.0,1374.39,0.027,0,0,0.496,3619.78,8020.84,10108.36,48,14,0,own,business,1
63,37572.13,10.5,5793.05,0.154,1,0,0.3,3147.74,4329.17,12434.86,24,41,0,rent,home_improvement,1
35,60894.35,4.2,1342.24,0.022,7,1,0.262,1547.23,3115.03,12415.43,48,17,0,mortgage,education,1
46,34916.65,8.9,8422.1,0.241,1,1,0.717,496.87,0.0,2925.84,12,22,0,own,debt_consolidation,1
66,46334.6,11.4,12625.64,0.272,7,1,0.179,3411.47,6310.64,4701.18,24,44,0,rent,car,1
46,57877.69,8.6,14565.11,0.252,7,1,0.279,583.02,8981.43,4776.35,48,24,0,mortgage,business,1
53,53423.68,11.0,6714.09,0.126,2,1,0.665,8196.86,1706.01,9232.94,60,34,0,own,education,1
65,64588.67,0.0,19214.25,0.297,0,0,0.487,13996.61,10225.82,6108.65,12,40,0,own,debt_consolidation,1
68,54981.24,4.5,24822.39,0.451,1,0,0.681,20208.38,0.0,2439.94,12,50,0,rent,business,1
44,31078.79,12.5,5418.4,0.174,1,0,0.396,1386.27,2525.16,4526.02,24,21,0,rent,business,1
40,39143.82,9.5,7267.64,0.186,6,1,0.69,5830.23,2262.01,4251.87,24,19,0,rent,debt_consolidation,1
29,56964.87,16.2,17527.96,0.308,11,1,0.309,8163.77,0.0,20423.23,60,9,0,rent,education,0
46,80835.79,15.5,11631.45,0.144,5,0,0.409,6086.67,4378.97,17725.42,24,26,0,rent,home_improvement,1
65,75771.86,8.5,15080.63,0.199,7,1,0.443,8987.6,4934.58,12636.63,60,44,0,own,home_improvement,1
43,135150.14,5.7,35110.89,0.26,3,0,0.395,26389.27,970.67,6752.23,60,22,0,mortgage,business,0
36,48007.29,2.2,10789.17,0.225,1,0,0.551,2967.37,4821.17,10814.78,12,12,0,own,medical,1
24,73232.0,4.6,33222.66,0.454,2,0,0.576,9315.76,2386.23,11322.22,36,0,0,own,business,1
38,71448.45,5.0,33578.39,0.47,5,1,0.301,8299.99,3479.94,4666.71,24,16,0,mortgage,home_improvement,1
31,94834.95,4.0,22146.39,0.234,10,0,0.824,9448.12,13183.19,7571.95,24,6,0,mortgage,debt_consolidation,1
68,85439.96,2.4,21986.0,0.257,2,0,0.612,3395.73,2900.16,4735.89,36,47,0,rent,car,1
45,62397.02,9.0,32892.83,0.527,11,1,0.394,2023.64,0.0,2344.99,24,21,0,own,medical,0
25,69124.85,15.5,19813.7,0.287,7,0,0.753,4312.4,3738.93,9233.49,12,3,0,own,debt_consolidation,0
22,64667.69,11.7,35328.41,0.546,4,0,0.858,10011.66,4663.51,11164.25,12,0,0,rent,debt_consolidation,0
62,56257.06,5.4,23869.05,0.424,7,3,0.197,5631.05,3071.37,6691.2,12,38,0,own,car,1
66,67435.27,12.1,10792.55,0.16,8,2,0.732,8446.0,7396.52,15528.1,12,47,0,mortgage,debt_consolidation,1
57,60259.77,8.7,8521.88,0.141,8,0,0.073,7134.74,5223.15,11235.9,36,32,0,rent,business,1
25,59413.06,6.8,6197.03,0.104,10,1,0.36,20771.31,2180.01,3967.55,12,5,0,own,car,1
24,96459.51,6.5,43142.22,0.447,7,1,0.421,13875.75,9789.77,6606.07,12,0,0,own,debt_consolidation,1
29,62801.68,6.0,11469.9,0.183,0,0,0.705,2489.61,5642.45,2803.52,36,8,0,rent,medical,0
57,58550.36,10.3,22141.99,0.378,4,1,0.107,4334.02,5171.98,13621.59,36,35,0,rent,home_improvement,1
58,53949.03,7.7,16523.08,0.306,10,3,0.376,8890.33,3165.75,12248.26,24,36,0,own,education,1
61,52437.0,3.4,24004.54,0.458,2,0,0.738,618.75,4244.06,9081.13,36,39,0,mortgage,car,1
23,38790.83,3.1,16211.98,0.418,5,0,0.414,3163.61,2797.63,9467.12,60,4,0,own,debt_consolidation,0
26,56275.35,8.5,3026.88,0.054,6,1,0.093,3353.19,2906.77,9328.4,60,5,0,rent,debt_consolidation,1
64,82293.26,9.1,16406.53,0.199,6,0,0.369,2874.88,7457.91,10603.07,24,44,0,own,home_improvement,1
66,47560.74,5.4,14061.44,0.296,10,0,0.695,1571.58,4494.52,10777.07,48,46,1,rent,debt_consolidation,0
56,111646.05,1.3,49786.17,0.446,6,0,0.402,15590.59,10553.13,4647.82,60,32,1,own,debt_consolidation,1
24,27432.64,13.3,10930.11,0.398,0,1,0.4,4233.31,2675.16,2826.86,36,4,1,own,home_improvement,0
22,66573.92,12.2,20716.74,0.311,2,0,0.611,4065.9,0.0,12345.17,60,0,0,own,debt_consolidation,1
21,61007.09,0.0,27357.96,0.448,7,1,0.733,3992.74,6825.65,14189.24,24,3,0,mortgage,business,0
54,95827.38,13.7,24005.92,0.251,9,0,0.237,7333.65,1769.18,14265.66,24,35,0,rent,home_improvement,1
62,45919.15,6.0,2272.98,0.049,7,0,0.271,220.8,5633.0,17008.21,36,43,0,own,car,1
51,37422.49,7.9,18014.59,0.481,8,1,0.186,10213.86,0.0,16595.78,24,27,0,own,medical,0
32,53037.39,12.7,15863.19,0.299,2,0,0.513,7088.53,7730.92,11952.98,48,14,0,mortgage,medical,0
57,50337.01,15.3,22573.82,0.448,1,1,0.271,8280.27,0.0,5288.74,48,37,0,own,car,0
22,33136.86,12.0,7548.69,0.228,11,3,0.047,2049.16,2744.7,2732.85,60,4,0,mortgage,education,1
61,58730.52,8.2,19494.58,0.332,6,0,0.051,7771.04,2841.57,6051.85,60,42,0,mortgage,home_improvement,1
64,49001.18,0.1,9578.72,0.195,8,1,0.739,1295.67,4402.13,2057.48,36,43,0,mortgage,debt_consolidation,1
55,89305.62,0.0,21172.11,0.237,11,0,0.385,11374.28,13658.41,14382.39,36,36,1,rent,medical,1
63,59047.55,11.4,5793.81,0.098,2,0,0.222,5056.32,4635.13,3108.1,12,40,0,own,car,1
48,44101.25,13.7,18216.02,0.413,10,1,0.365,1204.81,5011.91,8365.61,24,24,0,mortgage,education,1
42,56613.6,2.9,9542.26,0.169,4,0,0.545,13478.83,8118.2,8015.97,24,17,0,mortgage,debt_consolidation,0
35,60618.5,5.7,10906.33,0.18,7,0,0.295,8295.46,2164.99,14351.63,12,14,0,mortgage,car,1
66,68747.19,4.2,14280.18,0.208,4,0,0.593,25612.4,5827.52,10435.66,12,42,0,rent,debt_consolidation,1
54,57523.47,4.1,14324.89,0.249,2,0,0.54,2252.36,7769.7,5501.51,48,31,0,own,debt_consolidation,0
28,109522.25,12.4,35634.91,0.325,10,0,0.484,7856.22,9233.16,8571.53,12,10,0,own,business,1
67,38409.08,8.1,14667.95,0.382,4,1,0.345,5328.13,1434.27,8257.99,24,42,0,own,medical,1
22,48740.83,5.9,18429.66,0.378,0,0,0.255,455.89,4504.63,3994.1,48,0,0,mortgage,debt_consolidation,0
48,44160.25,20.3,10799.43,0.245,1,1,0.3,4516.45,3197.66,7097.47,12,26,1,own,medical,0
28,51083.84,0.0,14068.59,0.275,11,1,0.48,7165.69,4706.41,13190.94,36,5,0,own,medical,1
52,63042.1,9.7,5949.28,0.094,9,2,0.844,2135.78,2537.12,8899.97,24,34,0,rent,business,1
40,61579.55,1.8,18252.07,0.296,7,0,0.538,5402.69,4851.05,6835.06,24,19,0,rent,education,1
41,68183.42,6.2,33058.05,0.485,9,0,0.389,3165.5,4069.98,9112.53,48,19,1,own,medical,1
53,58930.28,7.7,15559.86,0.264,7,0,0.581,6536.86,2470.83,3251.81,60,31,0,own,debt_consolidation,1
57,60092.3,11.2,31076.56,0.517,10,0,0.497,7822.1,7941.51,14252.29,36,39,1,mortgage,medical,0
38,59321.01,5.7,6084.28,0.103,1,1,0.186,5017.22,2431.1,20234.45,36,15,0,rent,education,1
69,49537.65,5.2,20338.28,0.411,0,1,0.239,7553.88,1431.76,2086.54,60,48,0,mortgage,education,1
44,48368.49,5.6,19116.88,0.395,8,1,0.058,1275.56,355.16,1259.35,60,19,0,mortgage,medical,0
27,43883.87,1.6,16728.99,0.381,11,0,0.609,6858.47,2783.65,8496.82,12,3,0,rent,home_improvement,1
19,69393.54,10.2,25766.81,0.371,6,0,0.28,18903.25,4097.9,2636.84,12,0,0,rent,home_improvement,1
29,28834.06,8.4,917.6,0.032,11,0,0.374,882.25,2963.37,8363.11,48,5,0,rent,education,1
54,59660.83,9.2,24659.3,0.413,4,0,0.272,1734.0,304.21,9181.72,36,31,0,own,car,1
46,73711.42,6.7,20995.42,0.285,8,0,0.347,16081.73,0.0,11127.73,60,25,0,rent,medical,1
36,80298.42,6.0,23914.37,0.298,6,1,0.416,8005.14,0.0,8309.49,36,14,0,own,education,1
43,26399.08,12.9,1239.77,0.047,10,1,0.447,3777.29,2361.92,809.19,60,21,0,mortgage,medical,1
61,50029.52,12.1,5995.64,0.12,7,0,0.345,2409.89,5923.31,17302.01,48,41,0,rent,debt_consolidation,1
48,44685.56,14.1,22469.4,0.503,5,0,0.423,2612.76,5108.49,10714.83,12,24,0,rent,car,1
21,48707.03,8.9,9119.42,0.187,2,0,0.22,9180.55,2025.77,5287.42,60,2,0,mortgage,debt_consolidation,1
21,86129.64,13.8,19702.72,0.229,3,0,0.08,5686.0,6302.23,5954.94,36,1,0,rent,business,1
43,44774.31,4.9,5385.36,0.12,0,0,0.417,2378.85,0.0,5774.57,12,22,0,own,education,1
39,73652.07,6.0,26150.99,0.355,1,0,0.291,1013.5,10868.2,4016.29,60,17,0,rent,education,0
62,59933.13,13.0,24726.7,0.413,6,0,0.215,3461.68,7462.13,8316.8,24,37,0,rent,home_improvement,1
48,48045.46,11.2,24420.01,0.508,0,0,0.306,1413.79,5374.58,6002.59,48,29,0,rent,business,1
57,46516.5,5.5,14787.3,0.318,5,0,0.198,1649.38,1013.28,12082.75,24,33,0,own,medical,1
48,61963.85,1.8,10291.22,0.166,0,0,0.43,2719.41,3004.56,9289.27,60,29,1,own,car,0
36,55623.55,6.0,3204.5,0.058,1,0,0.528,9062.08,3179.39,23391.04,12,11,0,own,car,1
52,32470.04,3.6,5228.91,0.161,8,0,0.625,413.1,4925.1,4764.5,60,32,0,rent,debt_consolidation,1
50,41530.44,15.6,14441.51,0.348,0,1,0.561,3798.89,4845.21,13150.29,36,26,0,mortgage,education,1
55,62487.87,10.8,33510.68,0.536,4,2,0.322,3781.03,3581.67,5227.39,12,34,0,own,car,1
28,37884.81,3.2,2347.91,0.062,2,0,0.346,4003.52,3633.02,6504.63,36,6,0,mortgage,education,1
51,77209.8,1.8,17436.61,0.226,0,1,0.206,9108.59,1627.74,3286.74,12,33,0,mortgage,car,1
33,34652.81,3.1,12947.5,0.374,2,1,0.341,1503.43,0.0,6850.63,36,15,0,mortgage,medical,1
59,52121.78,4.2,16914.7,0.325,1,1,0.436,8763.73,3295.48,4222.43,48,35,0,rent,car,1
59,70112.86,6.2,25619.03,0.365,0,0,0.561,19718.2,687.03,26710.26,12,39,0,own,car,1
50,40524.9,12.6,10759.38,0.266,7,0,0.305,1112.37,0.0,9459.71,48,30,0,rent,home_improvement,1
67,37119.68,2.2,5995.92,0.162,1,0,0.628,5003.4,2536.39,10846.28,60,46,0,rent,medical,1
46,65857.03,18.4,18167.23,0.276,11,0,0.175,5007.76,3518.67,6142.0,12,22,0,rent,medical,1
20,74448.99,2.3,16543.62,0.222,5,0,0.55,6401.75,1208.57,21656.26,60,0,0,mortgage,education,0
49,53314.08,0.0,21108.52,0.396,4,0,0.328,9143.51,2487.26,13952.71,60,31,0,mortgage,car,1
58,49596.91,15.4,5503.33,0.111,10,0,0.487,6646.95,4245.63,10106.65,48,33,0,rent,medical,1
24,34261.67,13.6,9694.63,0.283,9,0,0.135,2232.93,1897.39,6137.18,24,1,1,own,business,0
24,58168.29,6.1,30730.49,0.528,5,1,0.642,10850.67,4285.17,18674.18,12,3,0,mortgage,home_improvement,0
32,31021.86,8.9,9363.97,0.302,11,0,0.748,2414.33,1804.53,9522.93,60,7,0,own,car,1
62,86554.68,9.0,12612.84,0.146,6,0,0.558,3794.54,13257.49,9837.38,48,39,0,rent,home_improvement,1
45,54148.0,7.7,27940.4,0.516,8,0,0.526,5192.62,7208.55,11352.37,12,20,0,rent,debt_consolidation,1
68,41791.35,0.5,6243.77,0.149,11,0,0.151,8501.1,3028.98,16704.21,24,46,0,rent,debt_consolidation,1
63,46375.44,0.0,19390.75,0.418,8,0,0.641,918.26,1191.71,16345.38,48,38,0,rent,home_improvement,1
47,59618.6,2.8,4653.33,0.078,7,2,0.123,7540.01,2304.04,4842.02,48,27,0,mortgage,debt_consolidation,1
53,48799.72,16.1,23014.31,0.472,7,2,0.225,504.01,102.36,9337.1,60,34,1,mortgage,medical,0
35,56422.26,16.3,6528.31,0.116,7,0,0.443,8054.64,1511.66,8384.86,48,12,0,mortgage,business,1
23,39970.26,5.7,9149.8,0.229,11,1,0.498,4481.88,3999.63,9524.59,36,1,0,mortgage,business,0
39,80852.41,2.2,42995.59,0.532,8,1,0.676,18835.67,2990.29,15275.33,24,19,0,own,medical,1
49,46683.48,8.4,15269.2,0.327,3,0,0.283,1108.07,2703.87,17986.48,12,24,0,mortgage,business,1
28,28421.75,9.2,4545.14,0.16,0,0,0.138,2914.0,3573.72,4926.96,24,5,0,rent,debt_consolidation,1
30,50128.5,10.0,1019.23,0.02,9,0,0.296,2123.15,4728.01,5834.1,12,12,0,mortgage,business,1
19,44465.97,0.0,1049.32,0.024,5,2,0.404,2779.31,3117.4,6806.78,60,0,0,rent,home_improvement,1
56,78981.79,22.8,13073.97,0.166,4,0,0.157,20584.29,4814.46,15516.45,36,32,0,mortgage,home_improvement,1
64,41855.89,12.7,12524.67,0.299,11,1,0.585,4478.72,2375.9,14551.56,36,41,0,rent,education,1
61,48584.72,6.0,13457.6,0.277,1,0,0.231,6116.61,5500.94,1084.73,48,38,0,own,business,1
38,60161.17,3.4,30597.81,0.509,0,1,0.559,3636.62,4906.85,10166.9,48,20,0,rent,business,1
49,68331.89,11.9,29038.99,0.425,8,1,0.871,5658.86,3678.98,3079.98,60,29,0,mortgage,car,1
68,88583.22,9.5,45187.17,0.51,11,1,0.506,15461.2,263.68,7013.81,12,46,0,rent,business,1
49,42909.02,7.5,12496.93,0.291,9,1,0.571,9970.68,3896.22,2206.83,36,30,0,own,medical,1
34,85073.71,9.3,21841.25,0.257,10,1,0.24,7133.39,7128.46,8043.55,12,10,0,own,medical,1
36,77927.53,6.4,24938.9,0.32,10,0,0.387,15750.8,0.0,8186.04,24,11,0,rent,home_improvement,1
56,44259.62,9.0,9614.85,0.217,8,3,0.364,3623.87,2608.63,4782.81,24,37,0,mortgage,business,1
41,42643.35,10.6,5617.41,0.132,11,0,0.818,1928.98,3557.1,7905.29,12,23,0,mortgage,car,1
61,64364.75,8.7,29828.56,0.463,4,2,0.489,6343.13,3449.89,6782.31,60,41,0,own,education,1
63,55986.36,8.5,21312.98,0.381,8,0,0.287,2296.89,8810.74,9200.8,48,41,0,mortgage,business,1
20,64309.23,14.0,12385.88,0.193,1,1,0.116,6702.35,9197.46,1676.88,60,0,0,rent,business,1
55,50633.82,0.0,12989.05,0.257,6,2,0.626,1389.41,180.5,4127.13,36,35,0,mortgage,debt_consolidation,1
37,57800.37,3.0,8062.42,0.139,3,1,0.323,7953.7,3135.98,10268.57,36,13,0,own,debt_consolidation,0
45,54259.42,7.1,17271.03,0.318,11,0,0.472,1593.06,6245.71,5601.01,24,22,0,mortgage,car,1
32,64019.88,3.4,13439.68,0.21,5,0,0.744,2912.26,4000.97,3666.3,24,14,0,mortgage,education,1
37,42193.4,5.0,20423.92,0.484,2,1,0.336,2210.38,4367.45,4310.89,60,13,0,own,car,1
35,59245.12,13.4,17775.45,0.3,6,0,0.498,1926.08,2030.32,19727.44,60,14,0,mortgage,medical,0
21,87941.31,6.3,20949.14,0.238,0,1,0.541,7103.02,0.0,2679.91,36,0,0,own,car,1
58,86149.55,0.0,35950.07,0.417,1,1,0.129,347.26,8729.38,4775.58,60,35,0,rent,debt_consolidation,1
26,61482.22,4.9,30722.89,0.5,5,0,0.112,4487.39,3077.45,8617.32,48,2,0,own,debt_consolidation,0
38,41929.82,7.3,19003.94,0.453,7,0,0.193,51.54,8200.55,8347.78,48,19,0,mortgage,debt_consolidation,1
28,102666.94,7.2,28983.5,0.282,6,0,0.411,10991.39,11670.73,7650.54,48,3,0,own,car,1
27,64026.86,9.8,13376.17,0.209,0,0,0.301,1708.01,874.92,4981.45,24,7,0,rent,home_improvement,1
38,98919.55,9.4,36692.09,0.371,8,1,0.096,11255.45,9925.69,5872.59,12,14,0,rent,business,1
65,64901.14,6.3,29396.32,0.453,0,0,0.497,12784.11,4097.59,6806.9,36,41,0,own,education,1
67,25640.64,1.0,13812.07,0.539,9,0,0.422,1362.67,2383.31,3103.84,60,45,1,mortgage,car,0
38,102420.25,4.8,26869.25,0.262,0,0,0.491,9014.94,3123.32,18757.34,12,19,0,rent,home_improvement,1
44,74121.56,3.9,27733.86,0.374,0,2,0.509,1654.19,6098.1,5266.08,36,25,0,rent,medical,1
69,57091.97,5.6,10010.78,0.175,6,0,0.147,6537.48,6829.86,12717.38,36,45,0,own,home_improvement,1
30,31874.35,10.5,2115.04,0.066,9,0,0.253,4260.07,3435.64,8774.18,48,10,0,mortgage,debt_consolidation,1
67,76892.86,9.0,11850.77,0.154,9,0,0.369,1475.6,9334.06,10067.45,48,48,0,mortgage,business,1
24,64694.92,11.1,1790.74,0.028,7,0,0.431,8795.79,14391.5,9748.35,36,5,0,mortgage,education,1
30,113201.41,5.1,32828.03,0.29,2,0,0.425,7315.94,4904.56,3695.19,36,9,0,rent,debt_consolidation,0
36,95294.38,14.5,20752.52,0.218,11,1,0.14,5258.52,14955.31,15079.04,48,13,0,own,business,1
20,97856.77,10.4,37135.24,0.379,0,1,0.503,16570.28,7970.31,2402.04,24,0,0,rent,education,1
60,60941.52,7.6,21092.86,0.346,4,0,0.191,3123.35,2883.1,4710.56,60,42,0,own,business,1
62,60041.63,10.0,6542.69,0.109,9,0,0.478,1433.5,3980.82,8431.76,36,39,0,own,debt_consolidation,1
38,64936.73,3.6,24489.3,0.377,7,0,0.371,4867.55,7260.46,6656.05,24,20,0,rent,education,1
61,45730.15,0.0,5456.62,0.119,9,1,0.16,6707.89,2206.66,4907.66,60,42,0,rent,education,1
58,57640.73,4.0,1334.68,0.023,9,2,0.183,4490.76,0.0,14337.31,60,36,0,mortgage,debt_consolidation,1
59,53885.18,10.7,28785.58,0.534,11,0,0.506,3502.19,5854.83,10650.58,12,37,0,rent,medical,0
59,84205.96,7.4,2888.44,0.034,6,0,0.604,10113.1,6571.49,9324.04,12,39,0,rent,business,1
48,90275.48,6.3,18156.84,0.201,9,0,0.331,3483.09,3675.57,7057.2,60,27,0,mortgage,debt_consolidation,1
24,70837.05,2.8,25351.23,0.358,1,0,0.397,6466.64,256.36,10595.06,36,0,0,own,education,1
66,43378.11,0.0,9382.62,0.216,2,1,0.222,471.37,3774.19,12725.44,60,46,0,own,business,0
50,104864.55,14.1,23284.21,0.222,0,0,0.464,12072.3,13759.77,5576.87,60,26,0,rent,car,1
64,76754.33,6.0,30935.5,0.403,2,1,0.87,13637.32,1675.93,3489.0,12,46,0,own,education,1
67,63435.74,4.9,21513.7,0.339,1,0,0.501,14285.19,5123.48,3066.42,36,46,0,rent,debt_consolidation,1
28,68575.52,3.6,20211.95,0.295,9,0,0.628,10694.38,12161.13,15769.47,36,10,0,mortgage,home_improvement,0
39,36150.86,13.3,17704.8,0.49,5,1,0.163,4772.49,4125.04,3931.15,12,14,0,mortgage,car,1
28,53917.37,11.4,4167.83,0.077,5,0,0.416,4158.23,3607.32,3964.47,24,10,0,own,home_improvement,1
21,86763.08,2.2,23337.26,0.269,7,0,0.186,11945.97,5368.45,12541.24,24,0,0,mortgage,debt_consolidation,1
68,35621.57,12.8,5225.88,0.147,4,1,0.117,3033.9,1541.74,8275.14,36,44,0,own,home_improvement,1
66,35306.99,6.3,1394.91,0.04,6,0,0.216,946.24,2499.44,19562.57,48,45,0,rent,car,1
66,76923.34,3.9,41453.05,0.539,0,0,0.71,14135.54,3572.36,6278.47,12,46,0,own,business,0
64,66944.77,5.5,27382.7,0.409,8,0,0.275,728.45,3601.42,8264.0,24,40,0,mortgage,debt_consolidation,1
52,35749.59,3.1,4811.12,0.135,10,1,0.271,2020.53,2195.21,7019.53,36,29,0,rent,medical,1
45,52344.87,0.4,12211.54,0.233,0,2,0.341,2259.11,0.0,15591.81,24,20,1,rent,education,1
69,63435.81,10.9,8867.87,0.14,0,1,0.391,5506.68,3823.68,7811.87,60,50,0,rent,home_improvement,1
47,60949.22,5.9,23341.92,0.383,1,3,0.304,9251.96,12392.44,6988.76,60,24,0,own,business,0
51,65105.64,10.1,13394.64,0.206,7,2,0.376,8354.81,0.0,7386.12,12,32,0,own,education,1
29,51094.47,8.4,25931.83,0.508,9,1,0.297,810.06,7432.32,1127.78,24,6,0,own,debt_consolidation,0
57,61978.0,9.7,8057.4,0.13,9,2,0.466,1696.6,7533.6,2391.84,24,34,0,rent,education,1
60,70793.94,0.0,14541.63,0.205,9,0,0.146,9396.76,7188.2,4495.13,24,36,0,rent,education,1
53,68945.71,2.7,35428.56,0.514,6,1,0.093,23370.26,2957.17,8700.29,12,29,0,mortgage,debt_consolidation,1
44,51581.79,9.8,25217.35,0.489,8,0,0.511,2631.0,5972.49,10788.08,48,23,0,rent,debt_consolidation,0
